https://www.youtube.com/watch?v=-BBuZZXRSvA	1609	"20240405"	63	NA
https://www.youtube.com/watch?v=-7kCOxC_GKA	2824	"20250307"	28	[{"start_time": 0, "end_time": 2, "title": "<Untitled Chapter 1>"}, {"start_time": 2, "title": "the meaning of the strongest", "end_time": 238}, {"start_time": 238, "title": "rendezvous in the dark a", "end_time": 275}, {"start_time": 275, "title": "rendezvous in the dark b", "end_time": 418}, {"start_time": 418, "title": "a bad feeling", "end_time": 485}, {"start_time": 485, "title": "standing still", "end_time": 663}, {"start_time": 663, "title": "in the belly of the beast", "end_time": 870}, {"start_time": 870, "title": "ominous certainty", "end_time": 939}, {"start_time": 939, "title": "her will a", "end_time": 1176}, {"start_time": 1176, "title": "her will b", "end_time": 1653}, {"start_time": 1653, "title": "incorruptible", "end_time": 1889}, {"start_time": 1889, "title": "envy", "end_time": 2326}, {"start_time": 2326, "title": "material h", "end_time": 2591}, {"start_time": 2591, "title": "operation destroy the heretics", "end_time": 2781}, {"start_time": 2781, "title": "end it", "end_time": 2824}]
https://www.youtube.com/watch?v=-IM5hEb6qic	3224	"20241112"	13	NA
https://www.youtube.com/watch?v=-CWeqXOcSm0	3254	"20260719"	3	NA
https://www.youtube.com/watch?v=-8brL3bRk2o	335	"20260310"	450	NA
https://www.youtube.com/watch?v=-SuKgLXFxok	8486	"20250921"	8	NA
https://www.youtube.com/watch?v=-gY3JdWCXqQ	4163	"20250424"	97	NA
https://www.youtube.com/watch?v=-UKZjNVJFTQ	13206	"20260408"	2409	NA
https://www.youtube.com/watch?v=-kzw8_Wugc8	4052	"20250221"	77	NA
https://www.youtube.com/watch?v=-gqs7R-b91o	5281	"20250517"	4	NA
https://www.youtube.com/watch?v=-xpCQ8BTx3U	9781	"20250816"	4402	[{"start_time": 0, "title": "Intro", "end_time": 4}, {"start_time": 4, "title": "Start of Chapter 40 Stage", "end_time": 47}, {"start_time": 47, "title": "Story 1 (Before Battle)", "end_time": 278}, {"start_time": 278, "title": "Story 2 (Before Battle)", "end_time": 894}, {"start_time": 894, "title": "Story 3 (Before Battle)", "end_time": 1169}, {"start_time": 1169, "title": "Story 4 (Before Battle)", "end_time": 1986}, {"start_time": 1986, "title": "Story 5 (Before Battle)", "end_time": 2444}, {"start_time": 2444, "title": "Story 6 (Before Battle)", "end_time": 2898}, {"start_time": 2898, "title": "Story 7 (Before Battle)", "end_time": 3314}, {"start_time": 3314, "title": "Story 8 (Before Battle)", "end_time": 3734}, {"start_time": 3734, "title": "Story 9 (Before Battle)", "end_time": 4341}, {"start_time": 4341, "title": "Story 10 (Before Battle)", "end_time": 4794}, {"start_time": 4794, "title": "Story Before Boss", "end_time": 5411}, {"start_time": 5411, "title": "Boss Battle", "end_time": 5529}, {"start_time": 5529, "title": "Chapter 40 Stage Complete", "end_time": 5575}, {"start_time": 5575, "title": "Post-Stage Story", "end_time": 9736}, {"start_time": 9736, "title": "Chapter 40 Story Complete", "end_time": 9760}, {"start_time": 9760, "title": "End", "end_time": 9781}]
https://www.youtube.com/watch?v=-n_3P5wLr_E	1883	"20250130"	2	NA
https://www.youtube.com/watch?v=-sXJW6ewFxI	5143	"20231103"	49631	[{"start_time": 0, "title": "Back Home: A", "end_time": 335}, {"start_time": 335, "title": "Back Home: B", "end_time": 751}, {"start_time": 751, "title": "From Past to Present: A", "end_time": 1091}, {"start_time": 1091, "title": "From Past to Present: B", "end_time": 1415}, {"start_time": 1415, "title": "White Knight: A", "end_time": 1809}, {"start_time": 1809, "title": "White Knight: B", "end_time": 1984}, {"start_time": 1984, "title": "Important Person", "end_time": 2317}, {"start_time": 2317, "title": "Determination: A", "end_time": 2530}, {"start_time": 2530, "title": "Determination: B", "end_time": 2885}, {"start_time": 2885, "title": "Faraway Hometown", "end_time": 3084}, {"start_time": 3084, "title": "Desire to Return Again: A", "end_time": 3581}, {"start_time": 3581, "title": "Desire to Return Again: B", "end_time": 4158}, {"start_time": 4158, "title": "Memories Remain", "end_time": 4287}, {"start_time": 4287, "title": "Formal Transaction", "end_time": 4548}, {"start_time": 4548, "title": "The First Place Reclaimed", "end_time": 4715}, {"start_time": 4715, "title": "What Will Become My Strength", "end_time": 4843}, {"start_time": 4843, "title": "Reunion with the Unknown: A", "end_time": 5006}, {"start_time": 5006, "title": "Reunion with the Unknown: B", "end_time": 5143}]
https://www.youtube.com/watch?v=0CrwyyccvLM	1649	"20221122"	2256	NA
https://www.youtube.com/watch?v=0QduBde8gO0	10508	"20240222"	9128	NA
https://www.youtube.com/watch?v=0esrwHkvPYI	4849	"20250729"	128	[{"start_time": 0, "title": "Destroy the Crystal Region", "end_time": 522}, {"start_time": 522, "title": "T\u00eate-\u00e0-T\u00eate: A", "end_time": 814}, {"start_time": 814, "title": "T\u00eate-\u00e0-T\u00eate: B", "end_time": 1058}, {"start_time": 1058, "title": "My Master", "end_time": 1272}, {"start_time": 1272, "title": "Beautiful Figure", "end_time": 1589}, {"start_time": 1589, "title": "Black Water: A", "end_time": 2006}, {"start_time": 2006, "title": "Black Water: B", "end_time": 2273}, {"start_time": 2273, "title": "Leviathan", "end_time": 2686}, {"start_time": 2686, "title": "Scouting Battle", "end_time": 3199}, {"start_time": 3199, "title": "The Offsprings", "end_time": 3731}, {"start_time": 3731, "title": "Black Wave", "end_time": 4103}, {"start_time": 4103, "title": "Second Generation Grimms Model: A", "end_time": 4369}, {"start_time": 4369, "title": "Second Generation Grimms Model: B", "end_time": 4849}]
https://www.youtube.com/watch?v=0wOMyi7KiO0	2788	"20221121"	236	[{"start_time": 0, "title": "Intro", "end_time": 11}, {"start_time": 11, "title": "Stage 3-1", "end_time": 171}, {"start_time": 171, "title": "Stage 3-2", "end_time": 281}, {"start_time": 281, "title": "Stage 3-3", "end_time": 373}, {"start_time": 373, "title": "Stage 3-4", "end_time": 557}, {"start_time": 557, "title": "Stage 3-5", "end_time": 745}, {"start_time": 745, "title": "Stage 3-6", "end_time": 827}, {"start_time": 827, "title": "Stage 3-7", "end_time": 929}, {"start_time": 929, "title": "Stage 3-8", "end_time": 1251}, {"start_time": 1251, "title": "Stage 3-9", "end_time": 1344}, {"start_time": 1344, "title": "Stage 3-10", "end_time": 1433}, {"start_time": 1433, "title": "Stage 3-11", "end_time": 1749}, {"start_time": 1749, "title": "Stage 3-12", "end_time": 1902}, {"start_time": 1902, "title": "Stage 3-13", "end_time": 2241}, {"start_time": 2241, "title": "Stage 3-14", "end_time": 2315}, {"start_time": 2315, "title": "Stage 3-15", "end_time": 2444}, {"start_time": 2444, "title": "Stage 3-16", "end_time": 2788}]
https://www.youtube.com/watch?v=0RsO3vi6dxY	5056	"20231219"	163	[{"start_time": 0, "title": "Start", "end_time": 15}, {"start_time": 15, "title": "Stage 12-1", "end_time": 261}, {"start_time": 261, "title": "Relics", "end_time": 273}, {"start_time": 273, "title": "Stage 12-6", "end_time": 497}, {"start_time": 497, "title": "Lovely Dream Briefing", "end_time": 636}, {"start_time": 636, "title": "Relics 2", "end_time": 642}, {"start_time": 642, "title": "Sub 12-1 Stage", "end_time": 772}, {"start_time": 772, "title": "Sub 12-2 Stage", "end_time": 838}, {"start_time": 838, "title": "Lovely Dream Ending", "end_time": 927}, {"start_time": 927, "title": "Relics 3", "end_time": 945}, {"start_time": 945, "title": "Stage 12-12", "end_time": 1095}, {"start_time": 1095, "title": "Stage 12-15", "end_time": 1339}, {"start_time": 1339, "title": "Special Offer Briefing", "end_time": 1362}, {"start_time": 1362, "title": "Relics 4", "end_time": 1380}, {"start_time": 1380, "title": "Sub 12-3 Stage", "end_time": 1482}, {"start_time": 1482, "title": "Sub 12-4 Stage", "end_time": 1583}, {"start_time": 1583, "title": "Sub 12-5 Stage (Story)", "end_time": 1799}, {"start_time": 1799, "title": "Special Offer Ending", "end_time": 1875}, {"start_time": 1875, "title": "Relics 5", "end_time": 1887}, {"start_time": 1887, "title": "Stage 12-15B-1", "end_time": 1961}, {"start_time": 1961, "title": "Stage 12-15B-2", "end_time": 2036}, {"start_time": 2036, "title": "Stage 12-15A-1", "end_time": 2143}, {"start_time": 2143, "title": "Stage 12-15A-2", "end_time": 2245}, {"start_time": 2245, "title": "Relics 6", "end_time": 2251}, {"start_time": 2251, "title": "Stage 12-18", "end_time": 2501}, {"start_time": 2501, "title": "EX Stage", "end_time": 2553}, {"start_time": 2553, "title": "Relics 7", "end_time": 2560}, {"start_time": 2560, "title": "Stage 12-21", "end_time": 2694}, {"start_time": 2694, "title": "Relics 8", "end_time": 2702}, {"start_time": 2702, "title": "EX Stage 2", "end_time": 2789}, {"start_time": 2789, "title": "Relics 9", "end_time": 2834}, {"start_time": 2834, "title": "Stage 12-24 Boss", "end_time": 3117}, {"start_time": 3117, "title": "Chapter Ending", "end_time": 3547}, {"start_time": 3547, "title": "Teddy Briefing", "end_time": 3596}, {"start_time": 3596, "title": "Sub 12-6 Stage (Story)", "end_time": 3789}, {"start_time": 3789, "title": "Sub 12-7 Stage", "end_time": 3830}, {"start_time": 3830, "title": "Sub 12-8 Stage (Story)", "end_time": 3974}, {"start_time": 3974, "title": "Teddy Ending", "end_time": 4002}, {"start_time": 4002, "title": "Central Government", "end_time": 4218}, {"start_time": 4218, "title": "Outpost", "end_time": 4609}, {"start_time": 4609, "title": "M.M.R.", "end_time": 4838}, {"start_time": 4838, "title": "Central Government 2", "end_time": 5013}, {"start_time": 5013, "title": "Command Center", "end_time": 5056}]
https://www.youtube.com/watch?v=1AZwqm0wxso	7278	"20260224"	6	NA
https://www.youtube.com/watch?v=17-Zpl1PjuY	7537	"20250812"	4086	[{"start_time": 0, "title": "Chapter 40-3 - No.7", "end_time": 129}, {"start_time": 129, "title": "Chapter 40-6 - The Queen's Qualifications", "end_time": 600}, {"start_time": 600, "title": "Chapter 40-9 - The Splinter in the Depths", "end_time": 778}, {"start_time": 778, "title": "Chapter 40-14 - The Third Species", "end_time": 1306}, {"start_time": 1306, "title": "Chapter 40-19 - Fear", "end_time": 1653}, {"start_time": 1653, "title": "Chapter 40-22 - Quiet Shade", "end_time": 1895}, {"start_time": 1895, "title": "Chapter 40-25 - Gene Reaper", "end_time": 2153}, {"start_time": 2153, "title": "Chapter 40-28 - The Time to Decide/Choice", "end_time": 2373}, {"start_time": 2373, "title": "Chapter 40-31 - On Whose Side", "end_time": 2789}, {"start_time": 2789, "title": "Chapter 40-33 - A Hopeless Case", "end_time": 3006}, {"start_time": 3006, "title": "Chapter 40-36 - The White Place Faraway", "end_time": 3520}, {"start_time": 3520, "title": "Boss Fight", "end_time": 3666}, {"start_time": 3666, "title": "Epilogue 1 - Causing Trouble", "end_time": 4422}, {"start_time": 4422, "title": "Epilogue 2 - Catching the Weak Spot", "end_time": 5029}, {"start_time": 5029, "title": "Epilogue 3 - Mrs. Miss", "end_time": 5717}, {"start_time": 5717, "title": "Epilogue 4 - P", "end_time": 6201}, {"start_time": 6201, "title": "Epilogue 5 - Seekers of the Star", "end_time": 6311}, {"start_time": 6311, "title": "Epilogue 6 - The Voices that Reach the Star", "end_time": 6736}, {"start_time": 6736, "title": "Epilogue 7 - To Do It Right", "end_time": 7313}, {"start_time": 7313, "title": "Epilogue 8 - Legendary Producer", "end_time": 7537}]
https://www.youtube.com/watch?v=1eDpouWf2T4	4457	"20230421"	354	NA
https://www.youtube.com/watch?v=1Hx0cbW1MvY	5448	"20240428"	410	[{"start_time": 0, "title": "Those Left Behind", "end_time": 215}, {"start_time": 215, "title": "Rescue Begins", "end_time": 603}, {"start_time": 603, "title": "Companions Left Behind: A", "end_time": 1030}, {"start_time": 1030, "title": "Companions Left Behind: B", "end_time": 1185}, {"start_time": 1185, "title": "Those Traces: A", "end_time": 1472}, {"start_time": 1472, "title": "Those Traces: B", "end_time": 1942}, {"start_time": 1942, "title": "Ominous Traces: A", "end_time": 2026}, {"start_time": 2026, "title": "Ominous Traces: B", "end_time": 2193}, {"start_time": 2193, "title": "BOOM Signal: A", "end_time": 2384}, {"start_time": 2384, "title": "BOOM Signal: B", "end_time": 2452}, {"start_time": 2452, "title": "The Vanguard's Plight: A", "end_time": 2864}, {"start_time": 2864, "title": "The Vanguard's Plight : B", "end_time": 3211}, {"start_time": 3211, "title": "Tattered Clothes: A", "end_time": 3415}, {"start_time": 3415, "title": "Tattered Clothes: B", "end_time": 3632}, {"start_time": 3632, "title": "Words of Longing: A", "end_time": 3876}, {"start_time": 3876, "title": "Words of Longing: B", "end_time": 4429}, {"start_time": 4429, "title": "Dignified: A", "end_time": 4634}, {"start_time": 4634, "title": "Dignified: B", "end_time": 5014}, {"start_time": 5014, "title": "Suspicious Duo: A", "end_time": 5237}, {"start_time": 5237, "title": "Suspicious Duo: B", "end_time": 5448}]
https://www.youtube.com/watch?v=1dEyhjL84EU	1704	"20250425"	37	NA
https://www.youtube.com/watch?v=1lNwPTBsPYI	3850	"20220806"	512	[{"start_time": 0, "title": "Title Screen - Menu", "end_time": 18}, {"start_time": 18, "title": "Level 1", "end_time": 152}, {"start_time": 152, "title": "Level 2", "end_time": 261}, {"start_time": 261, "title": "Level 3", "end_time": 361}, {"start_time": 361, "title": "Level 4", "end_time": 462}, {"start_time": 462, "title": "Level 5", "end_time": 562}, {"start_time": 562, "title": "Level 6", "end_time": 659}, {"start_time": 659, "title": "Level 7", "end_time": 760}, {"start_time": 760, "title": "Level 8", "end_time": 859}, {"start_time": 859, "title": "Level 9", "end_time": 968}, {"start_time": 968, "title": "Level 10", "end_time": 1068}, {"start_time": 1068, "title": "Level 11", "end_time": 1183}, {"start_time": 1183, "title": "Level 12", "end_time": 1296}, {"start_time": 1296, "title": "Level 13", "end_time": 1397}, {"start_time": 1397, "title": "Level 14", "end_time": 1502}, {"start_time": 1502, "title": "Level 15", "end_time": 1597}, {"start_time": 1597, "title": "Level 16", "end_time": 1712}, {"start_time": 1712, "title": "Level 17", "end_time": 1808}, {"start_time": 1808, "title": "Level 18", "end_time": 1891}, {"start_time": 1891, "title": "Level 19", "end_time": 1991}, {"start_time": 1991, "title": "Level 20", "end_time": 2070}, {"start_time": 2070, "title": "Level 21", "end_time": 2155}, {"start_time": 2155, "title": "Level 22", "end_time": 2253}, {"start_time": 2253, "title": "Level 23", "end_time": 2349}, {"start_time": 2349, "title": "Level 24", "end_time": 2456}, {"start_time": 2456, "title": "Level 25", "end_time": 2552}, {"start_time": 2552, "title": "Level 26", "end_time": 2659}, {"start_time": 2659, "title": "Level 27", "end_time": 2872}, {"start_time": 2872, "title": "Freeze Bug 1", "end_time": 3001}, {"start_time": 3001, "title": "Level 28", "end_time": 3154}, {"start_time": 3154, "title": "Freeze Bug 2", "end_time": 3302}, {"start_time": 3302, "title": "Level 29", "end_time": 3475}, {"start_time": 3475, "title": "Freeze Bug 3", "end_time": 3635}, {"start_time": 3635, "title": "Freeze Bug 4", "end_time": 3745}, {"start_time": 3745, "title": "Level 30", "end_time": 3850}]
https://www.youtube.com/watch?v=1n0iBSs2P4M	1395	"20230115"	3648	[{"start_time": 0, "title": "_Blabla group chat._", "end_time": 66}, {"start_time": 66, "title": "Talentum.", "end_time": 250}, {"start_time": 250, "title": "Shopaholic.", "end_time": 375}, {"start_time": 375, "title": "The Color of Money.", "end_time": 535}, {"start_time": 535, "title": "Freefall.", "end_time": 729}, {"start_time": 729, "title": "Risky Investment.", "end_time": 846}, {"start_time": 846, "title": "Need A Shower Room.", "end_time": 963}, {"start_time": 963, "title": "Jackpot?: A.", "end_time": 1172}, {"start_time": 1172, "title": "_Boss battle, Laitance._", "end_time": 1285}, {"start_time": 1285, "title": "Jackpot?: B.", "end_time": 1395}]
https://www.youtube.com/watch?v=2-ikD-KAu4w	5251	"20241112"	10	NA
https://www.youtube.com/watch?v=1piRcN0JGnY	5451	"20260808"	1	[{"start_time": 0, "title": "Stage 17-1", "end_time": 461}, {"start_time": 461, "title": "Stage 17-6", "end_time": 765}, {"start_time": 765, "title": "Stage 17-7", "end_time": 1118}, {"start_time": 1118, "title": "Stage 17-12", "end_time": 1302}, {"start_time": 1302, "title": "Stage 17-13", "end_time": 1726}, {"start_time": 1726, "title": "Stage 17-18", "end_time": 1949}, {"start_time": 1949, "title": "Ex Stage I", "end_time": 1990}, {"start_time": 1990, "title": "Stage 17-19", "end_time": 2487}, {"start_time": 2487, "title": "Stage 17-24", "end_time": 2915}, {"start_time": 2915, "title": "Stage 17-27", "end_time": 3109}, {"start_time": 3109, "title": "Stage 17-28", "end_time": 3276}, {"start_time": 3276, "title": "Stage 17-30", "end_time": 3641}, {"start_time": 3641, "title": "Ex Stage II", "end_time": 3734}, {"start_time": 3734, "title": "Stage 17-33 [Boss]", "end_time": 4070}, {"start_time": 4070, "title": "Story Cutscenes", "end_time": 5451}]
https://www.youtube.com/watch?v=2Gv8oBmAP1k	1666	"20250715"	112	[{"start_time": 0, "title": "Snow Land", "end_time": 117}, {"start_time": 117, "title": "Replacements", "end_time": 251}, {"start_time": 251, "title": "Snowstorm", "end_time": 355}, {"start_time": 355, "title": "Frozen World: A", "end_time": 408}, {"start_time": 408, "title": "Frozen World: B", "end_time": 613}, {"start_time": 613, "title": "The Rescue", "end_time": 740}, {"start_time": 740, "title": "Rabbity", "end_time": 851}, {"start_time": 851, "title": "Unlimited", "end_time": 1055}, {"start_time": 1055, "title": "Reunited: A", "end_time": 1125}, {"start_time": 1125, "title": "Reunited: B", "end_time": 1218}, {"start_time": 1218, "title": "The Legendary Weapon", "end_time": 1389}, {"start_time": 1389, "title": "Research Institute", "end_time": 1512}, {"start_time": 1512, "title": "Big and Sturdy: A", "end_time": 1590}, {"start_time": 1590, "title": "Big and Sturdy: B", "end_time": 1666}]
https://www.youtube.com/watch?v=2AmUR6WuxsA	13697	"20260505"	36	NA
https://www.youtube.com/watch?v=2UR7ifY3waY	3505	"20221107"	2068	NA
https://www.youtube.com/watch?v=2ovpABfDEhs	4606	"20231104"	9220	NA
https://www.youtube.com/watch?v=2j1E51qumBw	2989	"20230915"	5471	NA
https://www.youtube.com/watch?v=2yFShIGOf1Y	10996	"20260424"	5163	[{"start_time": 0, "title": "Sinister Omen", "end_time": 241}, {"start_time": 241, "title": "The Unsettling", "end_time": 426}, {"start_time": 426, "title": "Into Enemy Lines", "end_time": 664}, {"start_time": 664, "title": "Red Mirror", "end_time": 981}, {"start_time": 981, "title": "Rebirth", "end_time": 1433}, {"start_time": 1433, "title": "Together on the Blade's Edge", "end_time": 1858}, {"start_time": 1858, "title": "Reinforcements", "end_time": 2228}, {"start_time": 2228, "title": "Four Beasts, Two Queens", "end_time": 2738}, {"start_time": 2738, "title": "Queen and Queen", "end_time": 3564}, {"start_time": 3564, "title": "Sword and Wings A", "end_time": 4131}, {"start_time": 4131, "title": "Sword and Wings B", "end_time": 4879}, {"start_time": 4879, "title": "Complicated Feeling", "end_time": 5663}, {"start_time": 5663, "title": "Agitators", "end_time": 6628}, {"start_time": 6628, "title": "A Past Best Left Untouched", "end_time": 7168}, {"start_time": 7168, "title": "A Chilling Shot", "end_time": 7753}, {"start_time": 7753, "title": "Rewards", "end_time": 8150}, {"start_time": 8150, "title": "Heartbreaking", "end_time": 8847}, {"start_time": 8847, "title": "The visit", "end_time": 9968}, {"start_time": 9968, "title": "Perfect Timing", "end_time": 10541}, {"start_time": 10541, "title": "Secrets Laid Bare", "end_time": 10774}, {"start_time": 10774, "title": "When the Light Appears", "end_time": 10996}]
https://www.youtube.com/watch?v=2qPmxKJsXbo	12783	"20260212"	1142	NA
https://www.youtube.com/watch?v=39galzLXX10	3076	"20240409"	48	NA
https://www.youtube.com/watch?v=379tb_VIMTM	1495	"20221203"	4137	[{"start_time": 0, "title": "_Start._", "end_time": 9}, {"start_time": 9, "title": "Matis.", "end_time": 283}, {"start_time": 283, "title": "Who Is First.", "end_time": 415}, {"start_time": 415, "title": "Your Fault.", "end_time": 583}, {"start_time": 583, "title": "High-Quality Toy.", "end_time": 903}, {"start_time": 903, "title": "Comrade-In-Arms.", "end_time": 1157}, {"start_time": 1157, "title": "Going Down: A.", "end_time": 1355}, {"start_time": 1355, "title": "_Boss battle, Harvester._", "end_time": 1425}, {"start_time": 1425, "title": "Going Down: B.", "end_time": 1495}]
https://www.youtube.com/watch?v=3ASKE_bSehY	1701	"20230518"	3552	NA
https://www.youtube.com/watch?v=3LBhlOtxHNs	4823	"20250727"	81	[{"start_time": 0, "title": "Those Left Behind", "end_time": 182}, {"start_time": 182, "title": "Rescue Begins", "end_time": 541}, {"start_time": 541, "title": "Companions Left Behind: A", "end_time": 938}, {"start_time": 938, "title": "Companions Left Behind: B", "end_time": 1073}, {"start_time": 1073, "title": "Those Traces: A", "end_time": 1341}, {"start_time": 1341, "title": "Those Traces: B", "end_time": 1748}, {"start_time": 1748, "title": "Ominous Traces: A", "end_time": 1832}, {"start_time": 1832, "title": "Ominous Traces: B", "end_time": 1982}, {"start_time": 1982, "title": "BOOM Signal: A", "end_time": 2153}, {"start_time": 2153, "title": "BOOM Signal: B", "end_time": 2215}, {"start_time": 2215, "title": "The Vanguard's Plight: A", "end_time": 2542}, {"start_time": 2542, "title": "The Vanguard's Plight: B", "end_time": 2877}, {"start_time": 2877, "title": "Tattered Clothes: A", "end_time": 3059}, {"start_time": 3059, "title": "Tattered Clothes: B", "end_time": 3249}, {"start_time": 3249, "title": "Word of Longing: A", "end_time": 3440}, {"start_time": 3440, "title": "Word of Longing: B", "end_time": 3939}, {"start_time": 3939, "title": "Dignified: A", "end_time": 4116}, {"start_time": 4116, "title": "Dignified: B", "end_time": 4450}, {"start_time": 4450, "title": "Suspicious Duo: A", "end_time": 4648}, {"start_time": 4648, "title": "Suspicious Duo: B", "end_time": 4823}]
https://www.youtube.com/watch?v=3OSnGkxE2_s	5639	"20240225"	509	[{"start_time": 0, "title": "Eroded City: A", "end_time": 217}, {"start_time": 217, "title": "Eroded City: B", "end_time": 557}, {"start_time": 557, "title": "A Litter Further", "end_time": 895}, {"start_time": 895, "title": "A Small Change", "end_time": 1325}, {"start_time": 1325, "title": "Exploration: A", "end_time": 1793}, {"start_time": 1793, "title": "Exploration: B", "end_time": 2144}, {"start_time": 2144, "title": "Super Vision: A", "end_time": 2521}, {"start_time": 2521, "title": "Super Vision: B", "end_time": 2849}, {"start_time": 2849, "title": "The End of a Dangerous Road", "end_time": 3086}, {"start_time": 3086, "title": "The Other End of the Door: A", "end_time": 3152}, {"start_time": 3152, "title": "The Other End of the Door: B", "end_time": 3347}, {"start_time": 3347, "title": "The Coffin Carrier: A", "end_time": 3775}, {"start_time": 3775, "title": "The Coffin Carrier: B", "end_time": 4299}, {"start_time": 4299, "title": "The Changed Road: A", "end_time": 4473}, {"start_time": 4473, "title": "The Changed Road: B", "end_time": 4727}, {"start_time": 4727, "title": "The Isolated Duo", "end_time": 5016}, {"start_time": 5016, "title": "Meet the Unknown: A", "end_time": 5384}, {"start_time": 5384, "title": "Meet the Unknown: B", "end_time": 5639}]
https://www.youtube.com/watch?v=3OuLZ2zXhy4	8330	"20240915"	386687	[{"start_time": 0, "title": "Intro", "end_time": 100}, {"start_time": 100, "title": "Begin Yume Nikki", "end_time": 661}, {"start_time": 661, "title": "Into the world of dreams", "end_time": 923}, {"start_time": 923, "title": "Exploration RPG games", "end_time": 1214}, {"start_time": 1214, "title": "Reality and why I hate it", "end_time": 1419}, {"start_time": 1419, "title": "First Expedition", "end_time": 1939}, {"start_time": 1939, "title": "World 1-6", "end_time": 3197}, {"start_time": 3197, "title": "Toby Fox Interviews Kikiyama, creator of Yume Nikki", "end_time": 3605}, {"start_time": 3605, "title": "Quick recap", "end_time": 3764}, {"start_time": 3764, "title": "World 7-12", "end_time": 5235}, {"start_time": 5235, "title": "Yume Nikki Tier List", "end_time": 5898}, {"start_time": 5898, "title": "Deeper areas", "end_time": 6846}, {"start_time": 6846, "title": "Dream Emulator", "end_time": 7083}, {"start_time": 7083, "title": "Yume Nikki Manga", "end_time": 7434}, {"start_time": 7434, "title": "THE FINAL ANALYSIS", "end_time": 7966}, {"start_time": 7966, "title": "Concluding thoughts", "end_time": 8330}]
https://www.youtube.com/watch?v=3QaM4tOi0d0	932	"20260611"	679545	[{"start_time": 0, "title": "Intro", "end_time": 30}, {"start_time": 30, "title": "What happens to Nikki after?", "end_time": 131}, {"start_time": 131, "title": "What did real Nikki experience?", "end_time": 242}, {"start_time": 242, "title": "Why does Nikki move backwards?", "end_time": 308}, {"start_time": 308, "title": "Why is Nikki obsessed with the cat?", "end_time": 364}, {"start_time": 364, "title": "Did real Nikki want Bear to say he liked her?", "end_time": 544}, {"start_time": 544, "title": "Where did the nickname Freaky Nikki come from?", "end_time": 613}, {"start_time": 613, "title": "How long did Bear have a crush on Nikki?", "end_time": 699}, {"start_time": 699, "title": "What other wishes had been granted?", "end_time": 765}, {"start_time": 765, "title": "Why did Bear have sleeping pills?", "end_time": 814}, {"start_time": 814, "title": "How was real Nikki in the background of the phone call with customer service?", "end_time": 932}]
https://www.youtube.com/watch?v=3TxB3h533wQ	6054	"20240521"	239	NA
https://www.youtube.com/watch?v=3dKOr8IzcxY	2162	"20240426"	28	NA
https://www.youtube.com/watch?v=3ujdGGkVPhk	3501	"20230508"	12285	NA
https://www.youtube.com/watch?v=40SCXSbh9z8	3644	"20260505"	61	NA
https://www.youtube.com/watch?v=3s89vDgMcnY	2381	"20231025"	266	[{"start_time": 0, "title": "Talentum", "end_time": 198}, {"start_time": 198, "title": "Shopaholic", "end_time": 319}, {"start_time": 319, "title": "The Color of Money", "end_time": 456}, {"start_time": 456, "title": "Freefall", "end_time": 625}, {"start_time": 625, "title": "Risky Investment", "end_time": 740}, {"start_time": 740, "title": "Need A Shower Room", "end_time": 852}, {"start_time": 852, "title": "Jackpot?: A", "end_time": 1082}, {"start_time": 1082, "title": "Jackpot?: B", "end_time": 1205}, {"start_time": 1205, "title": "Investment Results", "end_time": 1449}, {"start_time": 1449, "title": "Major Statement", "end_time": 1643}, {"start_time": 1643, "title": "Stolen Object", "end_time": 1829}, {"start_time": 1829, "title": "Antitrust", "end_time": 2059}, {"start_time": 2059, "title": "Proposal", "end_time": 2261}, {"start_time": 2261, "title": "The End of the Nightmare", "end_time": 2381}]
https://www.youtube.com/watch?v=4RLE7qd0HNU	860	"20210817"	37	NA
https://www.youtube.com/watch?v=4Mvx4w-aVns	1420	"20250307"	13	[{"start_time": 0, "end_time": 3, "title": "<Untitled Chapter 1>"}, {"start_time": 3, "title": "matis", "end_time": 278}, {"start_time": 278, "title": "who is forst?", "end_time": 421}, {"start_time": 421, "title": "your fault", "end_time": 885}, {"start_time": 885, "title": "comrade-in-arms", "end_time": 1136}, {"start_time": 1136, "title": "going down a", "end_time": 1351}, {"start_time": 1351, "title": "going down b", "end_time": 1420}]
https://www.youtube.com/watch?v=4VA-q1peYYs	9074	"20241113"	33	NA
https://www.youtube.com/watch?v=4WCL_0bCK6Q	10976	"20230427"	7774	NA
https://www.youtube.com/watch?v=4Yf2RwVUsGA	6014	"20230721"	33111	[{"start_time": 0, "title": "Chilly Reunion: A", "end_time": 61}, {"start_time": 61, "title": "Chilly Reunion: B", "end_time": 503}, {"start_time": 503, "title": "Who Are Responsible?: A", "end_time": 973}, {"start_time": 973, "title": "Who Are Responsible?: B", "end_time": 1137}, {"start_time": 1137, "title": "Sight Behind the Wall: A", "end_time": 1216}, {"start_time": 1216, "title": "Sight Behind the Wall: B", "end_time": 1667}, {"start_time": 1667, "title": "Hand Behind the Wall", "end_time": 1930}, {"start_time": 1930, "title": "Snake in the Grass: A", "end_time": 2178}, {"start_time": 2178, "title": "Snake in the Grass: B", "end_time": 2500}, {"start_time": 2500, "title": "One-Sided Deal: A", "end_time": 2664}, {"start_time": 2664, "title": "One-Sided Deal: B", "end_time": 2959}, {"start_time": 2959, "title": "Guardian of the Partition: A", "end_time": 3228}, {"start_time": 3228, "title": "Guardian of the Partition: B", "end_time": 3685}, {"start_time": 3685, "title": "The Ark`s Decision: A", "end_time": 4010}, {"start_time": 4010, "title": "The Ark`s Decision: B", "end_time": 4240}, {"start_time": 4240, "title": "Prison: A", "end_time": 4369}, {"start_time": 4369, "title": "Prison: B", "end_time": 4649}, {"start_time": 4649, "title": "Lethal Eye: A", "end_time": 4854}, {"start_time": 4854, "title": "Lethal Eye: B", "end_time": 5165}, {"start_time": 5165, "title": "Present: A", "end_time": 5185}, {"start_time": 5185, "title": "Present: B", "end_time": 5473}, {"start_time": 5473, "title": "The Forgotten Name", "end_time": 5678}, {"start_time": 5678, "title": "Abominable", "end_time": 6014}]
https://www.youtube.com/watch?v=58iFjqW9SZw	394	"20260115"	107	NA
https://www.youtube.com/watch?v=4m1S3JTvd-I	4910	"20241118"	13	NA
https://www.youtube.com/watch?v=5CaX8h7waW4	1230	"20221006"	44	[{"start_time": 0, "title": "Speaking to Hilda", "end_time": 7}, {"start_time": 7, "title": "Going to the Inn (Quest)", "end_time": 30}, {"start_time": 30, "title": "Morning meeting (Quest)", "end_time": 53}, {"start_time": 53, "title": "Following Hilda to Banges (Quest)", "end_time": 110}, {"start_time": 110, "title": "Sneak in with Hilda (Quest)", "end_time": 147}, {"start_time": 147, "title": "Kill Quest", "end_time": 189}, {"start_time": 189, "title": "Unlock the Electronic Lock (Quest)", "end_time": 234}, {"start_time": 234, "title": "Save Other Residents (Quest)", "end_time": 253}, {"start_time": 253, "title": "Unlock the Electronic Locks (Quest)", "end_time": 319}, {"start_time": 319, "title": "Protect people and kill \"Swift\" (Quest)", "end_time": 356}, {"start_time": 356, "title": "Defeat Gelina (Quest)", "end_time": 408}, {"start_time": 408, "title": "Defeat the Boar Brothers (Quest)", "end_time": 421}, {"start_time": 421, "title": "Enter Banges Tech HQ (Quest)", "end_time": 530}, {"start_time": 530, "title": "Ask Koh what's going on (Quest)", "end_time": 580}, {"start_time": 580, "title": "Fix the Communication Cable (Quest)", "end_time": 592}, {"start_time": 592, "title": "Eliminate the Guard (Quest)", "end_time": 600}, {"start_time": 600, "title": "Ask Koh for Plans (Quest)", "end_time": 622}, {"start_time": 622, "title": "Be the Spy from TF (Quest)", "end_time": 629}, {"start_time": 629, "title": "Check the Other Rooms (Quest)", "end_time": 724}, {"start_time": 724, "title": "Go into the Monitoring Room (Quest)", "end_time": 733}, {"start_time": 733, "title": "Shut Off the Security Camera (Quest)", "end_time": 742}, {"start_time": 742, "title": "Go Upstairs (Quest)", "end_time": 802}, {"start_time": 802, "title": "Get Anesthetics for the dogs (Quest)", "end_time": 806}, {"start_time": 806, "title": "Go to the Chef (Quest)", "end_time": 851}, {"start_time": 851, "title": "Put the Anesthetics in the meat (Quest)", "end_time": 858}, {"start_time": 858, "title": "Get the fetid beast meat (Quest)", "end_time": 878}, {"start_time": 878, "title": "Put the meat on the plate (Quest)", "end_time": 881}, {"start_time": 881, "title": "Go to the location (Quest)", "end_time": 933}, {"start_time": 933, "title": "Hide!! (Quest)", "end_time": 946}, {"start_time": 946, "title": "Ask Theo (Quest)", "end_time": 1000}, {"start_time": 1000, "title": "Go to Downstairs basement (Quest)", "end_time": 1033}, {"start_time": 1033, "title": "Go to the Cell (Quest)", "end_time": 1045}, {"start_time": 1045, "title": "Open the Cell Door to Kolador (Quest)", "end_time": 1108}, {"start_time": 1108, "title": "Withdraw from Banges HQ", "end_time": 1162}, {"start_time": 1162, "title": "Unexpected Discovery", "end_time": 1230}]
https://www.youtube.com/watch?v=5TJ8Q1hfCVU	5180	"20250311"	30	[{"start_time": 0, "end_time": 2, "title": "<Untitled Chapter 1>"}, {"start_time": 2, "title": "1.1 White Building: A", "end_time": 245}, {"start_time": 245, "title": "1.2 White Building: B", "end_time": 546}, {"start_time": 546, "title": "1.3 Sixo", "end_time": 1336}, {"start_time": 1336, "title": "1.4 Emptiness: A", "end_time": 1517}, {"start_time": 1517, "title": "1.5 Emptiness: B", "end_time": 1813}, {"start_time": 1813, "title": "1.6 At the Grave", "end_time": 2170}, {"start_time": 2170, "title": "1.7 For Proof", "end_time": 2423}, {"start_time": 2423, "title": "1.8 Human's Standard: A", "end_time": 2630}, {"start_time": 2630, "title": "1.9 Human's Standard: B", "end_time": 2935}, {"start_time": 2935, "title": "1.10 Princess in the Coffin: A", "end_time": 3296}, {"start_time": 3296, "title": "1.11 Princess in the Coffin: B", "end_time": 3661}, {"start_time": 3661, "title": "1.12 Until the End: A", "end_time": 4013}, {"start_time": 4013, "title": "1.13 Until the End: B", "end_time": 4169}, {"start_time": 4169, "title": "1.14 Running Figure: A", "end_time": 4584}, {"start_time": 4584, "title": "1.15 Running Figure: B", "end_time": 4621}, {"start_time": 4621, "title": "1.16 What Comes After", "end_time": 4951}, {"start_time": 4951, "title": "1.17 Outreached Hand", "end_time": 5067}, {"start_time": 5067, "title": "1.18 Inescapable", "end_time": 5180}]
https://www.youtube.com/watch?v=5J13Vf2eaDE	8109	"20260423"	4551	[{"start_time": 0, "title": "Healty Body, Strong Weapon", "end_time": 677}, {"start_time": 677, "title": "Calm Heart, Radiant Light", "end_time": 869}, {"start_time": 869, "title": "Expedition Preparations", "end_time": 1635}, {"start_time": 1635, "title": "Underfoot", "end_time": 2106}, {"start_time": 2106, "title": "Counters, Power Up!", "end_time": 2819}, {"start_time": 2819, "title": "Beyond the World", "end_time": 3267}, {"start_time": 3267, "title": "The Expedition Begins", "end_time": 4109}, {"start_time": 4109, "title": "Golden Light and Starlight in the Darkness", "end_time": 5466}, {"start_time": 5466, "title": "The Expedition Ends", "end_time": 6262}, {"start_time": 6262, "title": "The Guilty", "end_time": 7280}, {"start_time": 7280, "title": "The End Approaches", "end_time": 8109}]
https://www.youtube.com/watch?v=5iCj7IjYdTY	3021	"20250722"	86	[{"start_time": 0, "title": "Proven Talent", "end_time": 175}, {"start_time": 175, "title": "Play Your Part", "end_time": 337}, {"start_time": 337, "title": "Qualification of a Commander", "end_time": 552}, {"start_time": 552, "title": "Command Ability Test", "end_time": 678}, {"start_time": 678, "title": "The Ark's Rising Star", "end_time": 791}, {"start_time": 791, "title": "Shield: A", "end_time": 925}, {"start_time": 925, "title": "Shield: B", "end_time": 995}, {"start_time": 995, "title": "Crimson Dragon", "end_time": 1330}, {"start_time": 1330, "title": "Black Box: A", "end_time": 1464}, {"start_time": 1464, "title": "Black Box: B", "end_time": 1553}, {"start_time": 1553, "title": "Pride of Eden", "end_time": 1774}, {"start_time": 1774, "title": "Nihilister: A", "end_time": 1873}, {"start_time": 1873, "title": "Nihilister: B", "end_time": 2308}, {"start_time": 2308, "title": "Health Checkup", "end_time": 2677}, {"start_time": 2677, "title": "Omen", "end_time": 3021}]
https://www.youtube.com/watch?v=5npntNXhL-w	3530	"20221118"	3016	NA
https://www.youtube.com/watch?v=5psDAvi6TBA	987	"20221118"	599	[{"start_time": 0, "title": "Intro", "end_time": 11}, {"start_time": 11, "title": "Stage 0-1", "end_time": 293}, {"start_time": 293, "title": "Stage 0-2", "end_time": 504}, {"start_time": 504, "title": "Stage 0-3", "end_time": 987}]
https://www.youtube.com/watch?v=5z1ily_riHk	4037	"20231127"	334	[{"start_time": 0, "title": "Counters and the Commander are confused why the Talentum squad are joining them", "end_time": 212}, {"start_time": 212, "title": "Stage 15-1", "end_time": 265}, {"start_time": 265, "title": "Stage 15-2", "end_time": 310}, {"start_time": 310, "title": "Relic 1", "end_time": 334}, {"start_time": 334, "title": "Stage 15-3", "end_time": 394}, {"start_time": 394, "title": "Rupee takes a video to document their journey", "end_time": 460}, {"start_time": 460, "title": "Commander asks Talentum what Rupee was doing", "end_time": 518}, {"start_time": 518, "title": "Stage 15-4", "end_time": 575}, {"start_time": 575, "title": "Stage 15-5", "end_time": 645}, {"start_time": 645, "title": "Relic 2", "end_time": 656}, {"start_time": 656, "title": "Stage 15-6", "end_time": 718}, {"start_time": 718, "title": "Relic 3", "end_time": 746}, {"start_time": 746, "title": "Stage 15-7", "end_time": 795}, {"start_time": 795, "title": "Stage 15-8", "end_time": 863}, {"start_time": 863, "title": "Counters spot Raptures transporting something", "end_time": 1005}, {"start_time": 1005, "title": "Stage 15-9", "end_time": 1100}, {"start_time": 1100, "title": "Stage 15-10", "end_time": 1164}, {"start_time": 1164, "title": "Stage 15-11", "end_time": 1220}, {"start_time": 1220, "title": "Stage 15-12", "end_time": 1308}, {"start_time": 1308, "title": "Relic 4", "end_time": 1337}, {"start_time": 1337, "title": "Stage 15-12B-1", "end_time": 1407}, {"start_time": 1407, "title": "Relic 5", "end_time": 1418}, {"start_time": 1418, "title": "Stage 15-12A-1", "end_time": 1540}, {"start_time": 1540, "title": "Stage 15-12A-2", "end_time": 1679}, {"start_time": 1679, "title": "Stage 15-13", "end_time": 1744}, {"start_time": 1744, "title": "Stage 15-14", "end_time": 1814}, {"start_time": 1814, "title": "Stage 15-15", "end_time": 1873}, {"start_time": 1873, "title": "Anis asks why Talentum is going to the surface", "end_time": 2039}, {"start_time": 2039, "title": "Stage 15-16", "end_time": 2089}, {"start_time": 2089, "title": "Relic 6", "end_time": 2114}, {"start_time": 2114, "title": "Stage 15-17", "end_time": 2162}, {"start_time": 2162, "title": "Stage 15-18", "end_time": 2258}, {"start_time": 2258, "title": "Stage 15-18A-1", "end_time": 2346}, {"start_time": 2346, "title": "Stage 15-19", "end_time": 2418}, {"start_time": 2418, "title": "Stage 15-20", "end_time": 2487}, {"start_time": 2487, "title": "Stage 15-21", "end_time": 2538}, {"start_time": 2538, "title": "Relic 7", "end_time": 2556}, {"start_time": 2556, "title": "Stage 15-21B-2", "end_time": 2635}, {"start_time": 2635, "title": "Relic 8", "end_time": 2650}, {"start_time": 2650, "title": "Relic 9", "end_time": 2667}, {"start_time": 2667, "title": "Stage 15-21A-1", "end_time": 2786}, {"start_time": 2786, "title": "Stage 15-21B-1", "end_time": 2852}, {"start_time": 2852, "title": "Stage 15-22", "end_time": 2917}, {"start_time": 2917, "title": "Stage 15-23", "end_time": 2988}, {"start_time": 2988, "title": "Counters, Talentum, and the Commander talk about the Raptures' behaviour", "end_time": 3108}, {"start_time": 3108, "title": "Stage 15-24", "end_time": 3201}, {"start_time": 3201, "title": "Relic 10", "end_time": 3217}, {"start_time": 3217, "title": "Stage 15-25", "end_time": 3263}, {"start_time": 3263, "title": "Stage 15-26", "end_time": 3327}, {"start_time": 3327, "title": "Stage 15-27", "end_time": 3383}, {"start_time": 3383, "title": "Counters, Talentum, and the Commander talk about the situation", "end_time": 3507}, {"start_time": 3507, "title": "Stage 15-28", "end_time": 3554}, {"start_time": 3554, "title": "Stage 15-29", "end_time": 3623}, {"start_time": 3623, "title": "Counters, Talentum, and the Commander find Goddesium at a garbage dump", "end_time": 3853}, {"start_time": 3853, "title": "Boss 15-30 (Laitance D.M.T.R.)", "end_time": 3904}, {"start_time": 3904, "title": "Counters and Talentum talk about what they will do after returning", "end_time": 4037}]
https://www.youtube.com/watch?v=60p0pjiI4b8	4498	"20250424"	1904	[{"start_time": 0, "title": "_Start._", "end_time": 20}, {"start_time": 20, "title": "Treated Like a Fool.", "end_time": 307}, {"start_time": 307, "title": "The Admire: A.", "end_time": 544}, {"start_time": 544, "title": "The Admire: B.", "end_time": 912}, {"start_time": 912, "title": "Devastating Numbers.", "end_time": 1549}, {"start_time": 1549, "title": "Spectacles Alliance.", "end_time": 1966}, {"start_time": 1966, "title": "Top Contributor.", "end_time": 2381}, {"start_time": 2381, "title": "Experimental Area: A.", "end_time": 2709}, {"start_time": 2709, "title": "Experimental Area: B.", "end_time": 2947}, {"start_time": 2947, "title": "Whispers.", "end_time": 3310}, {"start_time": 3310, "title": "Ziz: A.", "end_time": 4150}, {"start_time": 4150, "title": "_Boss battle: Leviathan._", "end_time": 4180}, {"start_time": 4180, "title": "Ziz: B.", "end_time": 4498}]
https://www.youtube.com/watch?v=5tmVksTm_eA	1581	"20231023"	212	[{"start_time": 0, "title": "Marvelous Dance", "end_time": 149}, {"start_time": 149, "title": "Codename Snow White", "end_time": 334}, {"start_time": 334, "title": "Cozy Rest", "end_time": 493}, {"start_time": 493, "title": "Sleeping Princesses", "end_time": 733}, {"start_time": 733, "title": "In Pursuit of the Pilgrim", "end_time": 879}, {"start_time": 879, "title": "A Familiar Smile", "end_time": 1035}, {"start_time": 1035, "title": "Meeting", "end_time": 1183}, {"start_time": 1183, "title": "The Pilgrim: A", "end_time": 1429}, {"start_time": 1429, "title": "The Pilgrim: B", "end_time": 1581}]
https://www.youtube.com/watch?v=63kowg8ucmQ	4666	"20250728"	148	[{"start_time": 0, "title": "Entrusting the Future", "end_time": 325}, {"start_time": 325, "title": "Apology and Forgiveness: A", "end_time": 520}, {"start_time": 520, "title": "Apology and Forgiveness: B", "end_time": 580}, {"start_time": 580, "title": "Glass Slipper", "end_time": 872}, {"start_time": 872, "title": "Cessation", "end_time": 1200}, {"start_time": 1200, "title": "Mabeast Ambush", "end_time": 1868}, {"start_time": 1868, "title": "Mabeast Hunt: A", "end_time": 2039}, {"start_time": 2039, "title": "Mabeast Hunt: B", "end_time": 2262}, {"start_time": 2262, "title": "Confidence For Two", "end_time": 2607}, {"start_time": 2607, "title": "Avenging Battle: A", "end_time": 2717}, {"start_time": 2717, "title": "Avenging Battle: B", "end_time": 2983}, {"start_time": 2983, "title": "Hope of Regaining: A", "end_time": 3105}, {"start_time": 3105, "title": "Hope of Regaining: B", "end_time": 4024}, {"start_time": 4024, "title": "Mirror and Prince", "end_time": 4410}, {"start_time": 4410, "title": "Once More Into the Fray", "end_time": 4666}]
https://www.youtube.com/watch?v=65DB3fmY_pc	6347	"20250609"	49	NA
https://www.youtube.com/watch?v=673b_rQoTfA	4438	"20230726"	184	NA
https://www.youtube.com/watch?v=6Ct2TKWPGqw	6513	"20251118"	1117	NA
https://www.youtube.com/watch?v=6EWC2l4gIxY	10846	"20260423"	18512	NA
https://www.youtube.com/watch?v=6Ni_OjDz8zE	2712	"20260722"	2	[{"start_time": 0, "title": "Stage 7-3", "end_time": 207}, {"start_time": 207, "title": "Stage 7-9", "end_time": 371}, {"start_time": 371, "title": "Ex Stage I", "end_time": 437}, {"start_time": 437, "title": "Stage 7-12", "end_time": 636}, {"start_time": 636, "title": "Stage 7-18", "end_time": 866}, {"start_time": 866, "title": "Stage 7-21", "end_time": 1016}, {"start_time": 1016, "title": "Ex Stage II", "end_time": 1096}, {"start_time": 1096, "title": "Stage 7-24 [Boss]", "end_time": 1872}, {"start_time": 1872, "title": "Story Cutscenes", "end_time": 2712}]
https://www.youtube.com/watch?v=6ZWr9N2vHnM	4642	"20250425"	3748	[{"start_time": 0, "title": "Treated Like a Fool", "end_time": 284}, {"start_time": 284, "title": "The Admire A", "end_time": 560}, {"start_time": 560, "title": "The Admire B", "end_time": 900}, {"start_time": 900, "title": "Devastating Numbers", "end_time": 1557}, {"start_time": 1557, "title": "Spectacles Alliance", "end_time": 1968}, {"start_time": 1968, "title": "Top Contributor", "end_time": 2378}, {"start_time": 2378, "title": "Experimental Area A", "end_time": 2720}, {"start_time": 2720, "title": "Experimental Area B", "end_time": 2948}, {"start_time": 2948, "title": "Whispers", "end_time": 3315}, {"start_time": 3315, "title": "Ziz A", "end_time": 4318}, {"start_time": 4318, "title": "Ziz B", "end_time": 4642}]
https://www.youtube.com/watch?v=6SgkdFjFTGI	6512	"20241101"	2926	[{"start_time": 0, "title": "_Start._", "end_time": 19}, {"start_time": 19, "title": "Pride: A.", "end_time": 333}, {"start_time": 333, "title": "Pride: B.", "end_time": 767}, {"start_time": 767, "title": "Nothing.", "end_time": 1082}, {"start_time": 1082, "title": "Far Away.", "end_time": 1612}, {"start_time": 1612, "title": "Hunting Plan.", "end_time": 2557}, {"start_time": 2557, "title": "Meaning of Inheritance.", "end_time": 3006}, {"start_time": 3006, "title": "Plot Spoiler: A.", "end_time": 3093}, {"start_time": 3093, "title": "Plot Spoiler: B.", "end_time": 3699}, {"start_time": 3699, "title": "Another Clash: A.", "end_time": 4260}, {"start_time": 4260, "title": "Another Clash: B.", "end_time": 4572}, {"start_time": 4572, "title": "I Will Protect.", "end_time": 5231}, {"start_time": 5231, "title": "Power of Inheritance: A.", "end_time": 5397}, {"start_time": 5397, "title": "_Boss battle: Behemoth._", "end_time": 5472}, {"start_time": 5472, "title": "Power of Inheritance: B.", "end_time": 6512}]
https://www.youtube.com/watch?v=6ZxfLOg26Gk	5777	"20241031"	11451	[{"start_time": 0, "title": "Destroy the Crystal Region", "end_time": 555}, {"start_time": 555, "title": "T\u00eate-\u00e0-T\u00eate A", "end_time": 912}, {"start_time": 912, "title": "T\u00eate-\u00e0-T\u00eate B", "end_time": 1162}, {"start_time": 1162, "title": "My Master", "end_time": 1378}, {"start_time": 1378, "title": "Beautiful Figure", "end_time": 1720}, {"start_time": 1720, "title": "Black Water A", "end_time": 2230}, {"start_time": 2230, "title": "Black Water B", "end_time": 2619}, {"start_time": 2619, "title": "Leviathan", "end_time": 3066}, {"start_time": 3066, "title": "Scouting Battle", "end_time": 3702}, {"start_time": 3702, "title": "The Offsprings", "end_time": 4307}, {"start_time": 4307, "title": "Black Wave", "end_time": 4764}, {"start_time": 4764, "title": "Second Generation Grimms Model A", "end_time": 5139}, {"start_time": 5139, "title": "Second Generation Grimms Model B", "end_time": 5777}]
https://www.youtube.com/watch?v=6grGSpmPTJw	7441	"20231031"	606	[{"start_time": 0, "title": "Well Prepared", "end_time": 200}, {"start_time": 200, "title": "Right to Revenge", "end_time": 765}, {"start_time": 765, "title": "Real Plan", "end_time": 1046}, {"start_time": 1046, "title": "Queens", "end_time": 1683}, {"start_time": 1683, "title": "Released: A", "end_time": 2025}, {"start_time": 2025, "title": "Released: B", "end_time": 2175}, {"start_time": 2175, "title": "Murderous Rage: A", "end_time": 2630}, {"start_time": 2630, "title": "Murderous Rage: B", "end_time": 2667}, {"start_time": 2667, "title": "Poison Fang: A", "end_time": 2974}, {"start_time": 2974, "title": "Poison Fang: B", "end_time": 3099}, {"start_time": 3099, "title": "The Fall: A", "end_time": 3520}, {"start_time": 3520, "title": "The Fall: B", "end_time": 3780}, {"start_time": 3780, "title": "Afterwards", "end_time": 4419}, {"start_time": 4419, "title": "Atonement", "end_time": 4905}, {"start_time": 4905, "title": "Mediator", "end_time": 5457}, {"start_time": 5457, "title": "Apprehension", "end_time": 5718}, {"start_time": 5718, "title": "Threat From Within", "end_time": 6131}, {"start_time": 6131, "title": "Ejection: B", "end_time": 6677}, {"start_time": 6677, "title": "Bring Her Back", "end_time": 6978}, {"start_time": 6978, "title": "Reasonable Judgement", "end_time": 7159}, {"start_time": 7159, "title": "New Power", "end_time": 7441}]
https://www.youtube.com/watch?v=6gD7JFY2NfE	2272	"20230105"	4494	[{"start_time": 0, "title": "_Start._", "end_time": 10}, {"start_time": 10, "title": "Operation Start.", "end_time": 110}, {"start_time": 110, "title": "Biding Our Time.", "end_time": 218}, {"start_time": 218, "title": "The Fight Begins.", "end_time": 380}, {"start_time": 380, "title": "Here Comes the Train.", "end_time": 451}, {"start_time": 451, "title": "AZX: A.", "end_time": 562}, {"start_time": 562, "title": "_Boss battle, Alteisen MK.VI._", "end_time": 653}, {"start_time": 653, "title": "AZX: B.", "end_time": 785}, {"start_time": 785, "title": "Terrifying Reunion: A.", "end_time": 824}, {"start_time": 824, "title": "_Boss battle, Chatterbox._", "end_time": 901}, {"start_time": 901, "title": "Terrifying Reunion: B.", "end_time": 1134}, {"start_time": 1134, "title": "Dangerous Gamble.", "end_time": 1285}, {"start_time": 1285, "title": "Back to the Beginning: A.", "end_time": 1399}, {"start_time": 1399, "title": "_Boss battle, Modernia._", "end_time": 1511}, {"start_time": 1511, "title": "Back to the Beginning: B.", "end_time": 2272}]
https://www.youtube.com/watch?v=6lBWqBpYhVY	5075	"20240727"	2947	[{"start_time": 0, "title": "Entrusting the Future", "end_time": 343}, {"start_time": 343, "title": "Apology and Forgiveness A", "end_time": 565}, {"start_time": 565, "title": "Apology and Forgiveness B", "end_time": 628}, {"start_time": 628, "title": "Glass Slipper", "end_time": 909}, {"start_time": 909, "title": "Cessation", "end_time": 1279}, {"start_time": 1279, "title": "Mabeast Ambush", "end_time": 2058}, {"start_time": 2058, "title": "Mabeast Hunt A", "end_time": 2254}, {"start_time": 2254, "title": "Mabeast Hunt B", "end_time": 2476}, {"start_time": 2476, "title": "Confidence For Two", "end_time": 2836}, {"start_time": 2836, "title": "Avenging Battle A", "end_time": 2952}, {"start_time": 2952, "title": "Avenging Battle B", "end_time": 3247}, {"start_time": 3247, "title": "Hope of Regaining A", "end_time": 3381}, {"start_time": 3381, "title": "Hope of Regaining B", "end_time": 4378}, {"start_time": 4378, "title": "Mirror and Prince", "end_time": 4747}, {"start_time": 4747, "title": "Once More Into the Fray", "end_time": 5075}]
https://www.youtube.com/watch?v=6mBlBu5ZMvE	303	"20231109"	5920	[{"start_time": 0, "title": "Ultra battle", "end_time": 232}, {"start_time": 232, "title": "Team Setup", "end_time": 303}]
https://www.youtube.com/watch?v=6n3hMFKgxV0	622	"20260814"	2970	[{"start_time": 0, "title": "Intro", "end_time": 29}, {"start_time": 29, "title": "The Secret is Revealed", "end_time": 314}, {"start_time": 314, "title": "Anis Still in Denial", "end_time": 391}, {"start_time": 391, "title": "Counters & Only One in the Treatment Room", "end_time": 517}, {"start_time": 517, "title": "Marian & Only One", "end_time": 622}]
https://www.youtube.com/watch?v=7JX20L1cx6Q	20075	"20260813"	25644	NA
https://www.youtube.com/watch?v=7-K9DddUZKo	2558	"20250614"	14	NA
https://www.youtube.com/watch?v=7L2l2vrgyDI	6166	"20250513"	10	NA
https://www.youtube.com/watch?v=7QFYVFVVbWg	8316	"20250109"	84	NA
https://www.youtube.com/watch?v=7OAk7OObg7Q	4866	"20231107"	597	[{"start_time": 0, "title": "Long-Awaited Command", "end_time": 299}, {"start_time": 299, "title": "Aftereffects", "end_time": 522}, {"start_time": 522, "title": "Lie", "end_time": 1345}, {"start_time": 1345, "title": "Reckless Marching", "end_time": 1510}, {"start_time": 1510, "title": "Solemn Request: A", "end_time": 1572}, {"start_time": 1572, "title": "Solemn Request: B", "end_time": 1885}, {"start_time": 1885, "title": "The Fallen Fire Dragon: A", "end_time": 2131}, {"start_time": 2131, "title": "The Fallen Fire Dragon: B", "end_time": 2585}, {"start_time": 2585, "title": "Fearful Man", "end_time": 3075}, {"start_time": 3075, "title": "Holding Back: A", "end_time": 3304}, {"start_time": 3304, "title": "Holding Back: B", "end_time": 3511}, {"start_time": 3511, "title": "Only Did My Best", "end_time": 3872}, {"start_time": 3872, "title": "Gratitude: A", "end_time": 4196}, {"start_time": 4196, "title": "Gratitude: B", "end_time": 4398}, {"start_time": 4398, "title": "Red Mark: A", "end_time": 4519}, {"start_time": 4519, "title": "Red Mark: B", "end_time": 4866}]
https://www.youtube.com/watch?v=7WLQzyKvDKs	5780	"20250311"	44	[{"start_time": 0, "end_time": 2, "title": "<Untitled Chapter 1>"}, {"start_time": 2, "title": "1.1 Eroded City: A", "end_time": 222}, {"start_time": 222, "title": "1.2 Eroded City: B", "end_time": 569}, {"start_time": 569, "title": "1.3 A Little Further", "end_time": 912}, {"start_time": 912, "title": "1.4 A Small Change", "end_time": 1351}, {"start_time": 1351, "title": "1.5 Exploration: A", "end_time": 1821}, {"start_time": 1821, "title": "1.6 Exploration: B", "end_time": 2196}, {"start_time": 2196, "title": "1.7 Super Vision: A", "end_time": 2587}, {"start_time": 2587, "title": "1.8 Super Vision: B", "end_time": 2932}, {"start_time": 2932, "title": "1.9 The End of a Dangerous Road", "end_time": 3173}, {"start_time": 3173, "title": "1.10 The Other End of the Door: A", "end_time": 3244}, {"start_time": 3244, "title": "1.11 The Other End of the Door: B", "end_time": 3441}, {"start_time": 3441, "title": "1.12 The Coffin Carrier: A", "end_time": 3879}, {"start_time": 3879, "title": "1.13 The Coffin Carrier: B", "end_time": 4418}, {"start_time": 4418, "title": "1.14 The Changed Road: A", "end_time": 4591}, {"start_time": 4591, "title": "1.15 The Changed Road: B", "end_time": 4850}, {"start_time": 4850, "title": "1.16 The Isolated Duo", "end_time": 5143}, {"start_time": 5143, "title": "1.17 Meet the Unknown: A", "end_time": 5519}, {"start_time": 5519, "title": "1.18 Meet the Unknown: B", "end_time": 5780}]
https://www.youtube.com/watch?v=7RI-OYWssWY	2466	"20240426"	12	NA
https://www.youtube.com/watch?v=7bfvC0yOUC0	965	"20231125"	5494	NA
https://www.youtube.com/watch?v=7mFxsGvumJE	1189	"20250612"	14	NA
https://www.youtube.com/watch?v=7vIktC4vSWk	2699	"20231024"	252	[{"start_time": 0, "title": "The Meaning of the Strongest", "end_time": 232}, {"start_time": 232, "title": "Rendezvous In The Dark: A", "end_time": 265}, {"start_time": 265, "title": "Rendezvous In The Dark: B", "end_time": 404}, {"start_time": 404, "title": "An Ominous Premonition", "end_time": 468}, {"start_time": 468, "title": "Standing Still", "end_time": 645}, {"start_time": 645, "title": "In The Belly Of The Beast", "end_time": 845}, {"start_time": 845, "title": "Ominous Certainty", "end_time": 912}, {"start_time": 912, "title": "Her Will: A", "end_time": 1132}, {"start_time": 1132, "title": "Her Will: B", "end_time": 1577}, {"start_time": 1577, "title": "Incorruptible", "end_time": 1802}, {"start_time": 1802, "title": "Envy", "end_time": 2222}, {"start_time": 2222, "title": "Material H", "end_time": 2471}, {"start_time": 2471, "title": "Operation: Destroy the Heretics", "end_time": 2660}, {"start_time": 2660, "title": "End It", "end_time": 2699}]
https://www.youtube.com/watch?v=81UMz9t0K2M	4847	"20260116"	6	NA
https://www.youtube.com/watch?v=7zrJJkog5pg	2718	"20230119"	3182	NA
https://www.youtube.com/watch?v=7xbPxXmXpRY	1461	"20250601"	10	NA
https://www.youtube.com/watch?v=8SYH9WICMAY	7277	"20251124"	356	NA
https://www.youtube.com/watch?v=8ee5iesvH64	6170	"20241114"	21	NA
https://www.youtube.com/watch?v=8L_WnKwEww4	5449	"20230806"	10926	NA
https://www.youtube.com/watch?v=8k4K_v90nWE	4539	"20230405"	2541	NA
https://www.youtube.com/watch?v=8oJdOa2YrFM	1253	"20250718"	83	[{"start_time": 0, "title": "Matis", "end_time": 248}, {"start_time": 248, "title": "Who Is First?", "end_time": 361}, {"start_time": 361, "title": "Your Fault", "end_time": 493}, {"start_time": 493, "title": "High Quality Toy", "end_time": 775}, {"start_time": 775, "title": "Comrade-in-Arms", "end_time": 992}, {"start_time": 992, "title": "Going Down: A", "end_time": 1192}, {"start_time": 1192, "title": "Going Down: B", "end_time": 1253}]
https://www.youtube.com/watch?v=8psUrZWi2VY	2919	"20230610"	155	NA
https://www.youtube.com/watch?v=9M7LzYjr418	42899	"20250413"	1867	NA
https://www.youtube.com/watch?v=9LeJsJWEKfo	18935	"20260527"	1631	NA
https://www.youtube.com/watch?v=9P8_YvVQ4KE	11030	"20240818"	23	NA
https://www.youtube.com/watch?v=9Rz7wCxMxDc	10282	"20251117"	14	NA
https://www.youtube.com/watch?v=8wAo2WlY0WE	15426	"20260131"	2777	NA
https://www.youtube.com/watch?v=9UFvl3qYalk	5181	"20231111"	601	[{"start_time": 0, "title": "Back Home: A", "end_time": 340}, {"start_time": 340, "title": "Back Home: B", "end_time": 776}, {"start_time": 776, "title": "From Past to Present: A", "end_time": 1120}, {"start_time": 1120, "title": "From Past to Present: B", "end_time": 1444}, {"start_time": 1444, "title": "White Knight: A", "end_time": 1842}, {"start_time": 1842, "title": "White Knight: B", "end_time": 2022}, {"start_time": 2022, "title": "Important Person", "end_time": 2336}, {"start_time": 2336, "title": "Determination: A", "end_time": 2554}, {"start_time": 2554, "title": "Determination: B", "end_time": 2916}, {"start_time": 2916, "title": "Faraway Hometown", "end_time": 3120}, {"start_time": 3120, "title": "Desire to Return Again: A", "end_time": 3616}, {"start_time": 3616, "title": "Desire to Return Again: B", "end_time": 4188}, {"start_time": 4188, "title": "Memories Remain", "end_time": 4318}, {"start_time": 4318, "title": "Formal Transaction", "end_time": 4586}, {"start_time": 4586, "title": "The First Place Reclaimed", "end_time": 4748}, {"start_time": 4748, "title": "What Will Become My Strength", "end_time": 4872}, {"start_time": 4872, "title": "Reunion with the Unknown: A", "end_time": 5040}, {"start_time": 5040, "title": "Reunion with the Unknown: B", "end_time": 5181}]
https://www.youtube.com/watch?v=9SVE1pr263E	5733	"20230105"	252	[{"start_time": 0, "title": "Intro", "end_time": 11}, {"start_time": 11, "title": "Stage 9-1", "end_time": 302}, {"start_time": 302, "title": "Stage 9-2", "end_time": 362}, {"start_time": 362, "title": "Stage 9-3", "end_time": 434}, {"start_time": 434, "title": "Stage 9-4", "end_time": 560}, {"start_time": 560, "title": "Stage 9-5", "end_time": 621}, {"start_time": 621, "title": "Stage 9-6", "end_time": 873}, {"start_time": 873, "title": "Stage 9-7", "end_time": 992}, {"start_time": 992, "title": "Stage 9-8", "end_time": 1064}, {"start_time": 1064, "title": "Stage 9-9", "end_time": 1146}, {"start_time": 1146, "title": "Stage 9-10", "end_time": 1237}, {"start_time": 1237, "title": "Stage 9-11", "end_time": 1305}, {"start_time": 1305, "title": "Stage 9-12", "end_time": 1517}, {"start_time": 1517, "title": "Stage 9-13", "end_time": 1627}, {"start_time": 1627, "title": "Stage 9-14", "end_time": 1705}, {"start_time": 1705, "title": "Stage 9-15", "end_time": 1974}, {"start_time": 1974, "title": "Stage 9-16", "end_time": 2152}, {"start_time": 2152, "title": "Stage 9-17", "end_time": 2187}, {"start_time": 2187, "title": "Stage 9-18", "end_time": 2280}, {"start_time": 2280, "title": "Stage 9-19", "end_time": 2375}, {"start_time": 2375, "title": "Stage 9-20", "end_time": 2438}, {"start_time": 2438, "title": "Stage 9-21", "end_time": 2665}, {"start_time": 2665, "title": "Stage 9-22", "end_time": 2911}, {"start_time": 2911, "title": "Stage 9-23", "end_time": 2968}, {"start_time": 2968, "title": "Stage 9-24", "end_time": 3044}, {"start_time": 3044, "title": "Stage 9-25", "end_time": 3141}, {"start_time": 3141, "title": "Stage 9-26", "end_time": 3198}, {"start_time": 3198, "title": "Stage 9-27", "end_time": 3843}, {"start_time": 3843, "title": "Story Transition to Chapter 10", "end_time": 5733}]
https://www.youtube.com/watch?v=9XZqxlTqIrI	937	"20260825"	36	[{"start_time": 0, "title": "CH#47-48 Best Moments", "end_time": 25}, {"start_time": 25, "title": "Everyone Learns the Truth About Only One", "end_time": 130}, {"start_time": 130, "title": "Red Shoes Messed with the Wrong Nikke", "end_time": 296}, {"start_time": 296, "title": "One Last Curse for Scarlet", "end_time": 532}, {"start_time": 532, "title": "Marian Discovers the Truth, Asks for the Queen Gene", "end_time": 590}, {"start_time": 590, "title": "New Scarlet & Repunzel Join the Battle", "end_time": 681}, {"start_time": 681, "title": "Dorothy Gets Corrupted", "end_time": 872}, {"start_time": 872, "title": "Andersen Has Had Enough", "end_time": 907}, {"start_time": 907, "title": "Marian Finally Wakes Up", "end_time": 937}]
https://www.youtube.com/watch?v=9Y4_2kRU8WQ	5755	"20260424"	24	NA
https://www.youtube.com/watch?v=9bBm-dHP8O0	1609	"20260622"	8	NA
https://www.youtube.com/watch?v=9csPik3Y6Hw	4258	"20250721"	116	[{"start_time": 0, "title": "Return Trip", "end_time": 266}, {"start_time": 266, "title": "Infatuation and Reputation", "end_time": 348}, {"start_time": 348, "title": "Life as a Nikke", "end_time": 421}, {"start_time": 421, "title": "Barrier Institute", "end_time": 567}, {"start_time": 567, "title": "New Barriers", "end_time": 846}, {"start_time": 846, "title": "Side Effects", "end_time": 1115}, {"start_time": 1115, "title": "I'm No Hero: A", "end_time": 1261}, {"start_time": 1261, "title": "I'm No Hero: B", "end_time": 1571}, {"start_time": 1571, "title": "Exhausted Footsteps", "end_time": 1637}, {"start_time": 1637, "title": "Seeking Courage", "end_time": 1772}, {"start_time": 1772, "title": "Supervillain", "end_time": 2042}, {"start_time": 2042, "title": "The Matis Way", "end_time": 2220}, {"start_time": 2220, "title": "Hero: A", "end_time": 2342}, {"start_time": 2342, "title": "Hero: B", "end_time": 2810}, {"start_time": 2810, "title": "Justice Without Trial", "end_time": 2955}, {"start_time": 2955, "title": "Hospital Visit", "end_time": 3407}, {"start_time": 3407, "title": "Isolated Society", "end_time": 3603}, {"start_time": 3603, "title": "Wick", "end_time": 3768}, {"start_time": 3768, "title": "Supplies", "end_time": 3938}, {"start_time": 3938, "title": "Temptation", "end_time": 4258}]
https://www.youtube.com/watch?v=9bHQPXDqQ0Q	4370	"20251101"	23	[{"start_time": 0, "end_time": 8, "title": "<Untitled Chapter 1>"}, {"start_time": 8, "title": "The Fourth Beast", "end_time": 859}, {"start_time": 859, "title": "Unexpected Rescue", "end_time": 1275}, {"start_time": 1275, "title": "No Conversation", "end_time": 1731}, {"start_time": 1731, "title": "The Meaning of Coexistence", "end_time": 2364}, {"start_time": 2364, "title": "Something Remarkable", "end_time": 2769}, {"start_time": 2769, "title": "Behemoth Fight", "end_time": 2857}, {"start_time": 2857, "title": "Head-on Confrontation", "end_time": 3028}, {"start_time": 3028, "title": "Ziz fight", "end_time": 3097}, {"start_time": 3097, "title": "Familiar Voice", "end_time": 3775}, {"start_time": 3775, "title": "Birth", "end_time": 4233}, {"start_time": 4233, "title": "What Was Born", "end_time": 4370}]
https://www.youtube.com/watch?v=9jkE_3Rc2qo	13596	"20250424"	93	NA
https://www.youtube.com/watch?v=9nf6SU9L24c	25790	"20260125"	979	NA
https://www.youtube.com/watch?v=9s_otzq3ysQ	12375	"20260125"	537	NA
https://www.youtube.com/watch?v=A-v-zOQ8wnc	17867	"20260206"	57	NA
https://www.youtube.com/watch?v=A5hL38RDJd8	8466	"20231231"	22	NA
https://www.youtube.com/watch?v=AYeoIv4mKE0	7481	"20251103"	1783	NA
https://www.youtube.com/watch?v=AmO619A688M	3040	"20221117"	107	NA
https://www.youtube.com/watch?v=B2EhmVRUCbY	3411	"20231113"	4568	[{"start_time": 0, "title": "_Chapter start._", "end_time": 15}, {"start_time": 15, "title": "Reckless Marching.", "end_time": 175}, {"start_time": 175, "title": "Solemn Request: A.", "end_time": 228}, {"start_time": 228, "title": "Solemn Request: B.", "end_time": 540}, {"start_time": 540, "title": "The Fallen Fire Dragon: A.", "end_time": 761}, {"start_time": 761, "title": "The Fallen Fire Dragon: B.", "end_time": 1203}, {"start_time": 1203, "title": "Fearful Man.", "end_time": 1651}, {"start_time": 1651, "title": "Holding Back: A.", "end_time": 1843}, {"start_time": 1843, "title": "Holding Back: B.", "end_time": 2054}, {"start_time": 2054, "title": "Only Did My Best.", "end_time": 2383}, {"start_time": 2383, "title": "Gratitude: A.", "end_time": 2684}, {"start_time": 2684, "title": "Gratitude: B.", "end_time": 2905}, {"start_time": 2905, "title": "Red Mark: A.", "end_time": 3020}, {"start_time": 3020, "title": "_Boss battle: Fingers._", "end_time": 3072}, {"start_time": 3072, "title": "Red Mark: B.", "end_time": 3411}]
https://www.youtube.com/watch?v=B0wgUgLFqog	2064	"20250623"	30	NA
https://www.youtube.com/watch?v=B3flMEnbh68	5865	"20250824"	379	NA
https://www.youtube.com/watch?v=BBmkt8CosTI	7451	"20250812"	4714	[{"start_time": 0, "title": "No. 7", "end_time": 131}, {"start_time": 131, "title": "The Queen's Qualifications", "end_time": 611}, {"start_time": 611, "title": "The Splinter in the Depths", "end_time": 791}, {"start_time": 791, "title": "The Third Species", "end_time": 1323}, {"start_time": 1323, "title": "Fear", "end_time": 1670}, {"start_time": 1670, "title": "Quiet Shade", "end_time": 1910}, {"start_time": 1910, "title": "Gene Reaper", "end_time": 2180}, {"start_time": 2180, "title": "The Time to Decide", "end_time": 2428}, {"start_time": 2428, "title": "On Whose Side", "end_time": 2855}, {"start_time": 2855, "title": "A Hopeless Case", "end_time": 3078}, {"start_time": 3078, "title": "The white Place Faraway", "end_time": 3596}, {"start_time": 3596, "title": "Causing Trouble", "end_time": 4353}, {"start_time": 4353, "title": "Catching the Weak Spot", "end_time": 4959}, {"start_time": 4959, "title": "Mrs. Miss", "end_time": 5652}, {"start_time": 5652, "title": "P", "end_time": 6138}, {"start_time": 6138, "title": "Seekers of the Star", "end_time": 6246}, {"start_time": 6246, "title": "The Voice that Reach the Star", "end_time": 6671}, {"start_time": 6671, "title": "To Do It Right", "end_time": 7249}, {"start_time": 7249, "title": "Legendary Producer", "end_time": 7451}]
https://www.youtube.com/watch?v=BOdvA0VF7B0	8525	"20241114"	21	NA
https://www.youtube.com/watch?v=BKTuWjYANM4	3218	"20230201"	282	NA
https://www.youtube.com/watch?v=BW097sk6NwA	7200	"20231102"	286	NA
https://www.youtube.com/watch?v=BNrWy2DGSqs	6405	"20250407"	70	NA
https://www.youtube.com/watch?v=BdEQq55rYl8	4945	"20230807"	4010	NA
https://www.youtube.com/watch?v=BpVoxyw1iXU	13708	"20240215"	1315	NA
https://www.youtube.com/watch?v=CWp2dFB600A	5176	"20240402"	77	[{"start_time": 0, "title": "Stage 19-3", "end_time": 323}, {"start_time": 323, "title": "Stage 19-9", "end_time": 530}, {"start_time": 530, "title": "Missilis Research Group Briefing", "end_time": 595}, {"start_time": 595, "title": "Relics", "end_time": 648}, {"start_time": 648, "title": "Sub Stage 19-1 (Story)", "end_time": 802}, {"start_time": 802, "title": "Sub Stage 19-2", "end_time": 877}, {"start_time": 877, "title": "Story", "end_time": 1011}, {"start_time": 1011, "title": "Missilis Research Group Ending", "end_time": 1038}, {"start_time": 1038, "title": "Relics 2", "end_time": 1115}, {"start_time": 1115, "title": "Stage 19-12", "end_time": 1216}, {"start_time": 1216, "title": "Relics 3", "end_time": 1242}, {"start_time": 1242, "title": "Stage 19-15", "end_time": 1452}, {"start_time": 1452, "title": "Relics 4", "end_time": 1464}, {"start_time": 1464, "title": "Stage 19-18", "end_time": 1828}, {"start_time": 1828, "title": "EX Stage", "end_time": 1932}, {"start_time": 1932, "title": "Stage 19-21", "end_time": 2140}, {"start_time": 2140, "title": "Relics 5", "end_time": 2157}, {"start_time": 2157, "title": "Stage 19-27", "end_time": 2381}, {"start_time": 2381, "title": "Lovely Dream Briefing", "end_time": 2470}, {"start_time": 2470, "title": "Sub Stage 19-3", "end_time": 2578}, {"start_time": 2578, "title": "Sub Stage 19-4", "end_time": 2684}, {"start_time": 2684, "title": "Sub Stage 19-5 (Story)", "end_time": 2860}, {"start_time": 2860, "title": "Lovely Dream Ending", "end_time": 2907}, {"start_time": 2907, "title": "EX Stage 2", "end_time": 3059}, {"start_time": 3059, "title": "Relics 6", "end_time": 3106}, {"start_time": 3106, "title": "Stage 19-30 Boss", "end_time": 3362}, {"start_time": 3362, "title": "Chapter Ending", "end_time": 3815}, {"start_time": 3815, "title": "Roam Briefing", "end_time": 3852}, {"start_time": 3852, "title": "Sub Stage 19-6 (Story)", "end_time": 4120}, {"start_time": 4120, "title": "Sub Stage 19-7", "end_time": 4192}, {"start_time": 4192, "title": "Sub Stage 19-8", "end_time": 4265}, {"start_time": 4265, "title": "Story 2", "end_time": 4358}, {"start_time": 4358, "title": "Roam Ending", "end_time": 4375}, {"start_time": 4375, "title": "Lobby", "end_time": 4892}, {"start_time": 4892, "title": "Surface", "end_time": 5176}]
https://www.youtube.com/watch?v=BtQgJK1J6zo	3091	"20231025"	316	[{"start_time": 0, "title": "Exotic", "end_time": 166}, {"start_time": 166, "title": "Terrorist", "end_time": 309}, {"start_time": 309, "title": "Punishment for Inaction", "end_time": 447}, {"start_time": 447, "title": "Comrade's Justice", "end_time": 619}, {"start_time": 619, "title": "High and Low: A", "end_time": 717}, {"start_time": 717, "title": "High and Low: B", "end_time": 828}, {"start_time": 828, "title": "Outlaws", "end_time": 950}, {"start_time": 950, "title": "Confusion", "end_time": 1118}, {"start_time": 1118, "title": "Hot on the Trail", "end_time": 1168}, {"start_time": 1168, "title": "Brand And Prejudice: A", "end_time": 1333}, {"start_time": 1333, "title": "Brand And Prejudice: B", "end_time": 1598}, {"start_time": 1598, "title": "Conspiracy Theory", "end_time": 1775}, {"start_time": 1775, "title": "A Dream of Freedom", "end_time": 1961}, {"start_time": 1961, "title": "Lighthouse", "end_time": 1994}, {"start_time": 1994, "title": "United in Justice: A", "end_time": 2126}, {"start_time": 2126, "title": "United in Justice: B", "end_time": 2438}, {"start_time": 2438, "title": "Hero of Suspect?", "end_time": 2586}, {"start_time": 2586, "title": "Out Of Anger", "end_time": 2826}, {"start_time": 2826, "title": "Spectacular Fireworks", "end_time": 3091}]
https://www.youtube.com/watch?v=CLdccO6MMTQ	3019	"20230205"	11132	NA
https://www.youtube.com/watch?v=CaWO4ytJAuk	7375	"20230721"	36035	[{"start_time": 0, "title": "Well Prepared", "end_time": 191}, {"start_time": 191, "title": "Right to Revenge", "end_time": 748}, {"start_time": 748, "title": "Real Plan", "end_time": 1037}, {"start_time": 1037, "title": "Queens", "end_time": 1670}, {"start_time": 1670, "title": "Released: A", "end_time": 2002}, {"start_time": 2002, "title": "Released: B", "end_time": 2152}, {"start_time": 2152, "title": "Murderous Rage: A", "end_time": 2603}, {"start_time": 2603, "title": "Murderous Rage: B", "end_time": 2634}, {"start_time": 2634, "title": "Poison Fang: A", "end_time": 2935}, {"start_time": 2935, "title": "Poison Fang: B", "end_time": 3055}, {"start_time": 3055, "title": "The Fall: A", "end_time": 3472}, {"start_time": 3472, "title": "The Fall: B", "end_time": 3761}, {"start_time": 3761, "title": "Afterwards", "end_time": 4397}, {"start_time": 4397, "title": "Atonement", "end_time": 4884}, {"start_time": 4884, "title": "Mediator", "end_time": 5421}, {"start_time": 5421, "title": "Apprehension", "end_time": 5676}, {"start_time": 5676, "title": "Threat From Within", "end_time": 6034}, {"start_time": 6034, "title": "Ejection: A", "end_time": 6077}, {"start_time": 6077, "title": "Ejection: B", "end_time": 6628}, {"start_time": 6628, "title": "Bring Her Back", "end_time": 6927}, {"start_time": 6927, "title": "Reasonable Judgement", "end_time": 7105}, {"start_time": 7105, "title": "New Power", "end_time": 7375}]
https://www.youtube.com/watch?v=CdlxaoQi_Cc	969	"20240405"	76	NA
https://www.youtube.com/watch?v=Cr6l2DiIHzg	1783	"20240807"	6	NA
https://www.youtube.com/watch?v=Cmh1Lc_kPsE	17914	"20251208"	542	NA
https://www.youtube.com/watch?v=CwKWq2T0tMQ	3654	"20231101"	277	[{"start_time": 0, "title": "Stage 12-1", "end_time": 61}, {"start_time": 61, "title": "Shifty, Counters, Absolute, Matis, and the Commander figure out how to stop the jamming", "end_time": 303}, {"start_time": 303, "title": "Stage 12-2", "end_time": 354}, {"start_time": 354, "title": "Relic 1", "end_time": 372}, {"start_time": 372, "title": "Stage 12-3", "end_time": 444}, {"start_time": 444, "title": "Stage 12-4", "end_time": 509}, {"start_time": 509, "title": "Stage 12-5", "end_time": 564}, {"start_time": 564, "title": "Drake leads everyone to the jammers", "end_time": 601}, {"start_time": 601, "title": "Stage 12-6", "end_time": 653}, {"start_time": 653, "title": "Shifty, Counters, Absolute, Matis, and the Commander chat before moving forward", "end_time": 814}, {"start_time": 814, "title": "Stage 12-7", "end_time": 874}, {"start_time": 874, "title": "Stage 12-8", "end_time": 929}, {"start_time": 929, "title": "Stage 12-9", "end_time": 1004}, {"start_time": 1004, "title": "Relic 2", "end_time": 1027}, {"start_time": 1027, "title": "Stage 12-10", "end_time": 1084}, {"start_time": 1084, "title": "Stage 12-11", "end_time": 1147}, {"start_time": 1147, "title": "Rapi and Eunhwa feel something is off but choose to not say anything yet", "end_time": 1215}, {"start_time": 1215, "title": "Stage 12-12", "end_time": 1302}, {"start_time": 1302, "title": "Stage 12-13", "end_time": 1358}, {"start_time": 1358, "title": "Stage 12-14", "end_time": 1414}, {"start_time": 1414, "title": "Rapi and Eunhwa notices that they are at the same place they were before", "end_time": 1595}, {"start_time": 1595, "title": "Stage 12-15", "end_time": 1678}, {"start_time": 1678, "title": "Stage 12-15B-1", "end_time": 1770}, {"start_time": 1770, "title": "Stage 12-15B-2", "end_time": 1860}, {"start_time": 1860, "title": "Stage 12-15A-1", "end_time": 1975}, {"start_time": 1975, "title": "Stage 12-15A-2", "end_time": 2098}, {"start_time": 2098, "title": "Stage 12-16", "end_time": 2163}, {"start_time": 2163, "title": "Stage 12-17", "end_time": 2215}, {"start_time": 2215, "title": "Shifty, Counters, Absolute, Matis, and the Commander figure out what to do", "end_time": 2419}, {"start_time": 2419, "title": "Stage 12-18", "end_time": 2479}, {"start_time": 2479, "title": "Relic 3", "end_time": 2499}, {"start_time": 2499, "title": "Stage 12-20", "end_time": 2560}, {"start_time": 2560, "title": "Stage 12-19", "end_time": 2611}, {"start_time": 2611, "title": "Rapi talks to Eunhwa and Emma through hand signals", "end_time": 2679}, {"start_time": 2679, "title": "Stage 12-21", "end_time": 2750}, {"start_time": 2750, "title": "Relic 4", "end_time": 2765}, {"start_time": 2765, "title": "Relic 5", "end_time": 2786}, {"start_time": 2786, "title": "Stage 12-22", "end_time": 2845}, {"start_time": 2845, "title": "Stage 12-23", "end_time": 2893}, {"start_time": 2893, "title": "Relic 6", "end_time": 2906}, {"start_time": 2906, "title": "Everyone arrives at the location of the Heretic fragments", "end_time": 2918}, {"start_time": 2918, "title": "Rapi and Eunhwa shoot down the Matis squad as they have become corrupted", "end_time": 3091}, {"start_time": 3091, "title": "Shifty detects a Tyrant class or higher Rapture", "end_time": 3146}, {"start_time": 3146, "title": "Boss 12-24 (Material H Z.E.U.S.)", "end_time": 3193}, {"start_time": 3193, "title": "Commander suggests to contact Andersen and Ingrid for backup", "end_time": 3255}, {"start_time": 3255, "title": "Neon wonders what are in the piles of boxes around them", "end_time": 3301}, {"start_time": 3301, "title": "Everyone finds out that there are Nikkes in the boxes", "end_time": 3373}, {"start_time": 3373, "title": "Laplace struggles with corruption", "end_time": 3496}, {"start_time": 3496, "title": "Extrinsic squad (Maiden and Guillotine) arrive to take care of Laplace", "end_time": 3654}]
https://www.youtube.com/watch?v=D0GZq8aFlGc	1319	"20230929"	580	[{"start_time": 0, "title": "Hearsay.", "end_time": 78}, {"start_time": 78, "title": "Sender Unknown: A.", "end_time": 198}, {"start_time": 198, "title": "Sender Unknown: B.", "end_time": 237}, {"start_time": 237, "title": "Anticipation: A.", "end_time": 355}, {"start_time": 355, "title": "Anticipation: B.", "end_time": 418}, {"start_time": 418, "title": "Blue Light.", "end_time": 646}, {"start_time": 646, "title": "An Empty Village: A.", "end_time": 747}, {"start_time": 747, "title": "An Empty Village: B.", "end_time": 920}, {"start_time": 920, "title": "While the City Sleeps: A.", "end_time": 981}, {"start_time": 981, "title": "While the City Sleeps: B.", "end_time": 1088}, {"start_time": 1088, "title": "Paradise on Earth: A.", "end_time": 1144}, {"start_time": 1144, "title": "Paradise on Earth: B.", "end_time": 1319}]
https://www.youtube.com/watch?v=D83SWoPssP4	1872	"20260706"	5	NA
https://www.youtube.com/watch?v=DM8Ikws5Sj4	2369	"20221121"	234	NA
https://www.youtube.com/watch?v=DNW8S7OgF4g	5550	"20241027"	21	[{"start_time": 0, "title": "Reclamation Site 01", "end_time": 719}, {"start_time": 719, "title": "Worthy of Praise", "end_time": 1132}, {"start_time": 1132, "title": "Newcomer", "end_time": 1325}, {"start_time": 1325, "title": "Pathfinder, Miner, Electrician: A", "end_time": 1492}, {"start_time": 1492, "title": "Pathfinder, Miner, Electrician: B", "end_time": 1713}, {"start_time": 1713, "title": "Moving on Together", "end_time": 2075}, {"start_time": 2075, "title": "Circumstances All Their Own: A", "end_time": 2431}, {"start_time": 2431, "title": "Circumstances All Their Own: B", "end_time": 2684}, {"start_time": 2684, "title": "Crystal in the Desert: A", "end_time": 3074}, {"start_time": 3074, "title": "Crystal in the Desert: B", "end_time": 3439}, {"start_time": 3439, "title": "Growing Crystal", "end_time": 3735}, {"start_time": 3735, "title": "Clear Purpose", "end_time": 4002}, {"start_time": 4002, "title": "BOOM", "end_time": 4751}, {"start_time": 4751, "title": "Take the Hard Path", "end_time": 4968}, {"start_time": 4968, "title": "Parasitic: A", "end_time": 5181}, {"start_time": 5181, "title": "Parasitic: B", "end_time": 5550}]
https://www.youtube.com/watch?v=DEExqRQVk9I	5861	"20241112"	27	NA
https://www.youtube.com/watch?v=DR-wmH1XKBU	667	"20260330"	16073	NA
https://www.youtube.com/watch?v=DgfX8SlrZPo	9275	"20260126"	48	NA
https://www.youtube.com/watch?v=E3oGumYOlj0	313	"20240905"	0	NA
https://www.youtube.com/watch?v=EMT-oscuXWc	5247	"20250426"	2125	[{"start_time": 0, "title": "Faith and Glory A", "end_time": 534}, {"start_time": 534, "title": "Faith and Glory B", "end_time": 675}, {"start_time": 675, "title": "Precious things", "end_time": 1152}, {"start_time": 1152, "title": "Silver Liquid", "end_time": 1595}, {"start_time": 1595, "title": "Quintessential Vengeance", "end_time": 1823}, {"start_time": 1823, "title": "Old Group A", "end_time": 2151}, {"start_time": 2151, "title": "Old Group B", "end_time": 2323}, {"start_time": 2323, "title": "How They Live Now", "end_time": 2687}, {"start_time": 2687, "title": "Glowing A", "end_time": 3221}, {"start_time": 3221, "title": "Glowing B", "end_time": 3532}, {"start_time": 3532, "title": "Super Hero, Great Villain", "end_time": 4270}, {"start_time": 4270, "title": "Gaping Maw A", "end_time": 4808}, {"start_time": 4808, "title": "Gaping Maw B", "end_time": 5247}]
https://www.youtube.com/watch?v=EEBm-XzcIfI	17214	"20251106"	8021	NA
https://www.youtube.com/watch?v=DpEMJjh_WhA	1339	"20250604"	67	NA
https://www.youtube.com/watch?v=EQvgn-ZCtk4	2469	"20250303"	8	NA
https://www.youtube.com/watch?v=ES578d28z5U	13441	"20260423"	7276	[{"start_time": 0, "title": "Intro", "end_time": 4}, {"start_time": 4, "title": "Start of Chapter 46 Stage", "end_time": 41}, {"start_time": 41, "title": "Story 1 (Before Battle)", "end_time": 513}, {"start_time": 513, "title": "Story 2 (After Battle)", "end_time": 727}, {"start_time": 727, "title": "Story 3 (Before Battle)", "end_time": 1059}, {"start_time": 1059, "title": "Story 4 (Before Battle)", "end_time": 1517}, {"start_time": 1517, "title": "Story 5 (Before Battle)", "end_time": 2214}, {"start_time": 2214, "title": "Story 6 (Before Battle)", "end_time": 2859}, {"start_time": 2859, "title": "Story 7 (Before Battle)", "end_time": 3396}, {"start_time": 3396, "title": "Story 8 (Before Battle)", "end_time": 4032}, {"start_time": 4032, "title": "Story 9 (Before Battle)", "end_time": 4950}, {"start_time": 4950, "title": "Story Before Boss", "end_time": 5451}, {"start_time": 5451, "title": "Boss Battle", "end_time": 5673}, {"start_time": 5673, "title": "Story After Boss", "end_time": 6445}, {"start_time": 6445, "title": "Chapter 46 Stage Complete", "end_time": 6534}, {"start_time": 6534, "title": "Post-Stage Story", "end_time": 13374}, {"start_time": 13374, "title": "Chapter 46 Complete", "end_time": 13413}, {"start_time": 13413, "title": "End", "end_time": 13441}]
https://www.youtube.com/watch?v=ET3euVNMLAg	7603	"20221231"	5257	NA
https://www.youtube.com/watch?v=ElP_hl9JeaA	5447	"20240726"	13146	[{"start_time": 0, "title": "Entrusting the Future", "end_time": 369}, {"start_time": 369, "title": "Apology and Forgiveness A", "end_time": 574}, {"start_time": 574, "title": "Apology and Forgiveness B", "end_time": 638}, {"start_time": 638, "title": "Glass Slipper", "end_time": 942}, {"start_time": 942, "title": "Cessation", "end_time": 1290}, {"start_time": 1290, "title": "Mabeast Ambush", "end_time": 2087}, {"start_time": 2087, "title": "Mabeast Hunt A", "end_time": 2269}, {"start_time": 2269, "title": "Mabeast Hunt B", "end_time": 2538}, {"start_time": 2538, "title": "Confidence For Two", "end_time": 2886}, {"start_time": 2886, "title": "Avenging Battle A", "end_time": 3002}, {"start_time": 3002, "title": "Avenging Battle B", "end_time": 3333}, {"start_time": 3333, "title": "Hope of Regaining A", "end_time": 3571}, {"start_time": 3571, "title": "Hope of Regaining B", "end_time": 4761}, {"start_time": 4761, "title": "Mirror and Prince", "end_time": 5127}, {"start_time": 5127, "title": "Once More Into the Fray", "end_time": 5447}]
https://www.youtube.com/watch?v=EnEEci4liSI	3948	"20250517"	9	[{"start_time": 0, "end_time": 1770, "title": "<Untitled Chapter 1>"}, {"start_time": 1770, "title": "Efficiency in writing dialogues are also a hit or miss. There are scenes that can be significantly shortened. Like conversation with Snow White at", "end_time": 3948}]
https://www.youtube.com/watch?v=EnZZPiue-Hs	5618	"20240621"	119	NA
https://www.youtube.com/watch?v=EoHnnVfNISg	4452	"20230107"	158	[{"start_time": 0, "title": "Intro", "end_time": 11}, {"start_time": 11, "title": "Stage 10-1", "end_time": 453}, {"start_time": 453, "title": "Stage 10-2", "end_time": 566}, {"start_time": 566, "title": "Stage 10-3", "end_time": 647}, {"start_time": 647, "title": "Stage 10-4", "end_time": 1025}, {"start_time": 1025, "title": "Stage 10-5", "end_time": 1168}, {"start_time": 1168, "title": "Stage 10-6", "end_time": 1256}, {"start_time": 1256, "title": "Stage 10-7", "end_time": 1358}, {"start_time": 1358, "title": "Stage 10-8", "end_time": 1474}, {"start_time": 1474, "title": "Stage 10-9", "end_time": 1568}, {"start_time": 1568, "title": "Stage 10-10", "end_time": 2024}, {"start_time": 2024, "title": "Stage 10-11", "end_time": 2134}, {"start_time": 2134, "title": "Stage 10-12", "end_time": 2208}, {"start_time": 2208, "title": "Stage 10-13", "end_time": 2303}, {"start_time": 2303, "title": "Stage 10-14", "end_time": 2419}, {"start_time": 2419, "title": "Stage 10-15", "end_time": 2497}, {"start_time": 2497, "title": "Stage 10-16", "end_time": 2811}, {"start_time": 2811, "title": "Stage 10-16A", "end_time": 2996}, {"start_time": 2996, "title": "Stage 10-16B", "end_time": 3073}, {"start_time": 3073, "title": "Stage 10-17", "end_time": 3194}, {"start_time": 3194, "title": "Stage 10-18", "end_time": 3265}, {"start_time": 3265, "title": "Stage 10-19", "end_time": 3479}, {"start_time": 3479, "title": "Stage 10-20", "end_time": 3563}, {"start_time": 3563, "title": "Stage 10-21", "end_time": 3631}, {"start_time": 3631, "title": "Stage 10-22", "end_time": 3738}, {"start_time": 3738, "title": "Stage 10-23", "end_time": 3823}, {"start_time": 3823, "title": "Stage 10-24", "end_time": 3907}, {"start_time": 3907, "title": "Stage 10-25", "end_time": 4452}]
https://www.youtube.com/watch?v=ErQZuYPhcUc	6251	"20240308"	631	[{"start_time": 0, "title": "Reclamation Site 01", "end_time": 767}, {"start_time": 767, "title": "Worthy of Praise", "end_time": 1179}, {"start_time": 1179, "title": "Newcomer", "end_time": 1390}, {"start_time": 1390, "title": "Pathfinder, Miner, Electrician: A", "end_time": 1614}, {"start_time": 1614, "title": "Pathfinder, Miner, Electrician: B", "end_time": 1877}, {"start_time": 1877, "title": "Moving on Together", "end_time": 2238}, {"start_time": 2238, "title": "Circumstances All Their Own: A", "end_time": 2647}, {"start_time": 2647, "title": "Circumstances All Their Own: B", "end_time": 2956}, {"start_time": 2956, "title": "Crystal in the Desert: A", "end_time": 3410}, {"start_time": 3410, "title": "Crystal in the Desert: B", "end_time": 3846}, {"start_time": 3846, "title": "Growing Crystal", "end_time": 4187}, {"start_time": 4187, "title": "Clear Purpose", "end_time": 4510}, {"start_time": 4510, "title": "BOOM", "end_time": 5303}, {"start_time": 5303, "title": "Take the Hard Path", "end_time": 5573}, {"start_time": 5573, "title": "Parasitic: A", "end_time": 5828}, {"start_time": 5828, "title": "Parasitic: B", "end_time": 6251}]
https://www.youtube.com/watch?v=F5MAADGdVJY	6435	"20251106"	13	[{"start_time": 0, "title": "Relics 1", "end_time": 32}, {"start_time": 32, "title": "Stage 33-5", "end_time": 685}, {"start_time": 685, "title": "Relics 2", "end_time": 696}, {"start_time": 696, "title": "Stage 33-8", "end_time": 1370}, {"start_time": 1370, "title": "Stage 33-11", "end_time": 1730}, {"start_time": 1730, "title": "Relics 3", "end_time": 1763}, {"start_time": 1763, "title": "Stage 33-14", "end_time": 2205}, {"start_time": 2205, "title": "Relics 4", "end_time": 2215}, {"start_time": 2215, "title": "Stage 33-17", "end_time": 3026}, {"start_time": 3026, "title": "Relics 5", "end_time": 3041}, {"start_time": 3041, "title": "Stage 33-20", "end_time": 3558}, {"start_time": 3558, "title": "Relics 6", "end_time": 3590}, {"start_time": 3590, "title": "Stage 33-23", "end_time": 4258}, {"start_time": 4258, "title": "Relics 7", "end_time": 4286}, {"start_time": 4286, "title": "Stage 33-26", "end_time": 4932}, {"start_time": 4932, "title": "Relics 8", "end_time": 4958}, {"start_time": 4958, "title": "Stage 33-31", "end_time": 5471}, {"start_time": 5471, "title": "Stage 33-34 Boss", "end_time": 5861}, {"start_time": 5861, "title": "Chapter Ending", "end_time": 6397}, {"start_time": 6397, "title": "Relics 9", "end_time": 6435}]
https://www.youtube.com/watch?v=FCPvpdFoeOQ	5363	"20231028"	2266	NA
https://www.youtube.com/watch?v=FFFweGAy8FQ	6691	"20251226"	150	NA
https://www.youtube.com/watch?v=FKxZpnb1mZ8	4465	"20231026"	633	[{"start_time": 0, "title": "Golden Pilgrim: A", "end_time": 137}, {"start_time": 137, "title": "Golden Pilgrim: B", "end_time": 351}, {"start_time": 351, "title": "Under Wraps", "end_time": 607}, {"start_time": 607, "title": "Concern: A", "end_time": 712}, {"start_time": 712, "title": "Concern: B", "end_time": 884}, {"start_time": 884, "title": "Longing", "end_time": 999}, {"start_time": 999, "title": "New Moon: A", "end_time": 1218}, {"start_time": 1218, "title": "New Moon: B", "end_time": 1308}, {"start_time": 1308, "title": "Sensitive Topic", "end_time": 1457}, {"start_time": 1457, "title": "The World You Choose", "end_time": 1855}, {"start_time": 1855, "title": "Truth", "end_time": 2213}, {"start_time": 2213, "title": "Separate Ways", "end_time": 2359}, {"start_time": 2359, "title": "Mutual Respect", "end_time": 2462}, {"start_time": 2462, "title": "Goddess", "end_time": 2775}, {"start_time": 2775, "title": "Purpose", "end_time": 3076}, {"start_time": 3076, "title": "Anti-Nikke Demonstration", "end_time": 3263}, {"start_time": 3263, "title": "Risky Proposition", "end_time": 3741}, {"start_time": 3741, "title": "Fair Price", "end_time": 3887}, {"start_time": 3887, "title": "Great Plan", "end_time": 4465}]
https://www.youtube.com/watch?v=FHr1WnAn-kU	1716	"20220930"	4337358	[{"start_time": 0, "title": "Prologue: The Story of Jho Low", "end_time": 86}, {"start_time": 86, "title": "Chapter 1: The Jho Low Origin Story", "end_time": 378}, {"start_time": 378, "title": "Chapter 2: The First Heist", "end_time": 699}, {"start_time": 699, "title": "Chapter 3: The Asian Wolf of Wall Street", "end_time": 1176}, {"start_time": 1176, "title": "Chapter 4: Goldman Sachs", "end_time": 1440}, {"start_time": 1440, "title": "Chapter 5: The Crumbling Empire", "end_time": 1716}]
https://www.youtube.com/watch?v=FRx7jUV7xBo	8678	"20260602"	17	NA
https://www.youtube.com/watch?v=FUFCZqK1RJw	7706	"20241116"	9	NA
https://www.youtube.com/watch?v=FMT5gpetOw4	11103	"20260801"	1289	NA
https://www.youtube.com/watch?v=FaZ3EP8GpiU	5861	"20230523"	234	[{"start_time": 0, "title": "Intro", "end_time": 11}, {"start_time": 11, "title": "Stage 12-1", "end_time": 333}, {"start_time": 333, "title": "Stage 12-2", "end_time": 407}, {"start_time": 407, "title": "Stage 12-3", "end_time": 490}, {"start_time": 490, "title": "Stage 12-4", "end_time": 582}, {"start_time": 582, "title": "Stage 12-5", "end_time": 657}, {"start_time": 657, "title": "Stage 12-6", "end_time": 891}, {"start_time": 891, "title": "Stage 12-7", "end_time": 989}, {"start_time": 989, "title": "Stage 12-8", "end_time": 1045}, {"start_time": 1045, "title": "Stage 12-9", "end_time": 1162}, {"start_time": 1162, "title": "Stage 12-10", "end_time": 1292}, {"start_time": 1292, "title": "Stage 12-11", "end_time": 1349}, {"start_time": 1349, "title": "Stage 12-12", "end_time": 1500}, {"start_time": 1500, "title": "Stage 12-13", "end_time": 1592}, {"start_time": 1592, "title": "Stage 12-14", "end_time": 1658}, {"start_time": 1658, "title": "Stage 12-15", "end_time": 1909}, {"start_time": 1909, "title": "Stage 12-15A-1", "end_time": 2098}, {"start_time": 2098, "title": "Stage 12-15A-2", "end_time": 2248}, {"start_time": 2248, "title": "Stage 12-15B-1", "end_time": 2357}, {"start_time": 2357, "title": "Stage 12-15B-2", "end_time": 2452}, {"start_time": 2452, "title": "Stage 12-16", "end_time": 2562}, {"start_time": 2562, "title": "Stage 12-17", "end_time": 2624}, {"start_time": 2624, "title": "Stage 12-18", "end_time": 2888}, {"start_time": 2888, "title": "Stage 12-19", "end_time": 2969}, {"start_time": 2969, "title": "Stage 12-20", "end_time": 3031}, {"start_time": 3031, "title": "Stage 12-21", "end_time": 3182}, {"start_time": 3182, "title": "Stage 12-22", "end_time": 3317}, {"start_time": 3317, "title": "Stage 12-23", "end_time": 3385}, {"start_time": 3385, "title": "Stage 12-24", "end_time": 4435}, {"start_time": 4435, "title": "Story Transition to Chapter 13", "end_time": 5861}]
https://www.youtube.com/watch?v=FhMK7lmrj6g	16483	"20260226"	1642	NA
https://www.youtube.com/watch?v=FvIErgcXLx0	1399	"20230915"	4003	NA
https://www.youtube.com/watch?v=GGvzmD8LjWs	3594	"20230512"	5301	NA
https://www.youtube.com/watch?v=GHYzEKe6Xv4	5385	"20231104"	9925	NA
https://www.youtube.com/watch?v=GIyxZZup7m0	14230	"20260416"	1390	[{"start_time": 0, "title": "Stream startup", "end_time": 803}, {"start_time": 803, "title": "Game expectations", "end_time": 1133}, {"start_time": 1133, "title": "Tax day chatter", "end_time": 1313}, {"start_time": 1313, "title": "Emotional events", "end_time": 1714}, {"start_time": 1714, "title": "Music and community", "end_time": 2106}, {"start_time": 2106, "title": "Singing dreams", "end_time": 2245}, {"start_time": 2245, "title": "Plotting the attack", "end_time": 2703}, {"start_time": 2703, "title": "Vapaus bullet research", "end_time": 3116}, {"start_time": 3116, "title": "Meeting the new commander", "end_time": 3724}, {"start_time": 3724, "title": "Repairing the cannons", "end_time": 4272}, {"start_time": 4272, "title": "Strategy deliberations", "end_time": 4568}, {"start_time": 4568, "title": "The Queen Whale mission", "end_time": 5051}, {"start_time": 5051, "title": "The Ark invasion", "end_time": 5421}, {"start_time": 5421, "title": "Nymph exposition", "end_time": 5782}, {"start_time": 5782, "title": "Setting the trap", "end_time": 6220}, {"start_time": 6220, "title": "Squad dynamics", "end_time": 6705}, {"start_time": 6705, "title": "The battle begins", "end_time": 7132}, {"start_time": 7132, "title": "Securing the core", "end_time": 7474}, {"start_time": 7474, "title": "The return to Ark", "end_time": 7801}, {"start_time": 7801, "title": "Casino incident", "end_time": 8137}, {"start_time": 8137, "title": "The elevator hub", "end_time": 8397}, {"start_time": 8397, "title": "Standoff at the elevator", "end_time": 8804}, {"start_time": 8804, "title": "The aftermath", "end_time": 9276}, {"start_time": 9276, "title": "Final reflections", "end_time": 14230}]
https://www.youtube.com/watch?v=GQlGnyZs4b8	2558	"20250409"	113	[{"start_time": 0, "end_time": 43, "title": "<Untitled Chapter 1>"}, {"start_time": 43, "title": "Pre-Battle Dialogue", "end_time": 198}, {"start_time": 198, "title": "Tactics Discussion", "end_time": 644}, {"start_time": 644, "title": "Combat Start", "end_time": 1005}, {"start_time": 1005, "title": "Post-Battle Dialogue", "end_time": 2102}, {"start_time": 2102, "title": "More Post-Battle Dialogue", "end_time": 2558}]
https://www.youtube.com/watch?v=GR9WYgj7FRg	3380	"20191115"	144	NA
https://www.youtube.com/watch?v=GTFWWlsQHhk	5476	"20230917"	5455	[{"start_time": 0, "title": "_Chapter start._", "end_time": 15}, {"start_time": 15, "title": "Chilly Reunion: A.", "end_time": 72}, {"start_time": 72, "title": "Chilly Reunion: B.", "end_time": 520}, {"start_time": 520, "title": "Who Are Responsible?: A.", "end_time": 977}, {"start_time": 977, "title": "Who Are Responsible?: B.", "end_time": 1185}, {"start_time": 1185, "title": "Sight Behind the Wall: A.", "end_time": 1259}, {"start_time": 1259, "title": "Sight Behind the Wall: B.", "end_time": 1722}, {"start_time": 1722, "title": "Hand Behind the Wall.", "end_time": 1984}, {"start_time": 1984, "title": "Snake in the Grass: A.", "end_time": 2211}, {"start_time": 2211, "title": "Snake in the Grass: B.", "end_time": 2514}, {"start_time": 2514, "title": "One-Sided Deal: A.", "end_time": 2671}, {"start_time": 2671, "title": "One-Sided Deal: B.", "end_time": 2956}, {"start_time": 2956, "title": "Guardian of the Partition: A.", "end_time": 3221}, {"start_time": 3221, "title": "Guardian of the Partition: B.", "end_time": 3702}, {"start_time": 3702, "title": "The Ark's Decision: A.", "end_time": 4008}, {"start_time": 4008, "title": "The Ark's Decision: B.", "end_time": 4250}, {"start_time": 4250, "title": "Prison: A.", "end_time": 4371}, {"start_time": 4371, "title": "Prison: B.", "end_time": 4617}, {"start_time": 4617, "title": "Lethal Eye: A.", "end_time": 4809}, {"start_time": 4809, "title": "Lethal Eye: B.", "end_time": 5107}, {"start_time": 5107, "title": "Present: A.", "end_time": 5124}, {"start_time": 5124, "title": "_Boss battle: Rebuild Vulcan R._", "end_time": 5198}, {"start_time": 5198, "title": "Present: B.", "end_time": 5476}]
https://www.youtube.com/watch?v=GUojkqUb3qw	10246	"20260418"	23	[{"start_time": 0, "title": "The Heart of Youth (Prologue).", "end_time": 417}, {"start_time": 417, "title": "New Semester, Special Mission (1: 01).", "end_time": 1146}, {"start_time": 1146, "title": "An Exciting New Semester Speech (P-1: 02).", "end_time": 1733}, {"start_time": 1733, "title": "The Beginning of Youth (A-1: 02).", "end_time": 2401}, {"start_time": 2401, "title": "As a Teacher (TxA-1: 03).(Choice No.1)", "end_time": 2857}, {"start_time": 2857, "title": "Arcana, the Model Student (TxA-1: 04-01).", "end_time": 3312}, {"start_time": 3312, "title": "As a Teacher (TxA-1: 03).(Choice No.2)", "end_time": 3754}, {"start_time": 3754, "title": "The Usual Arcana (TxA-1: 04-02).", "end_time": 4045}, {"start_time": 4045, "title": "Teamwork Training (Tx?-1: 05).", "end_time": 4383}, {"start_time": 4383, "title": "Playful Temptation (TxA-1: 06-02).", "end_time": 4836}, {"start_time": 4836, "title": "Spoiled (TxA-1: 07-02).", "end_time": 4836}, {"start_time": 4836, "title": "Spoiled (TxA-1: 07-02).", "end_time": 5340}, {"start_time": 5340, "title": "Everyday Life Melts Away (TxA-1: 08-02).", "end_time": 5340}, {"start_time": 5340, "title": "Everyday Life Melts Away (TxA-1: 08-02).", "end_time": 5713}, {"start_time": 5713, "title": "Sedimentation (TxA-1: 09-02).", "end_time": 5969}, {"start_time": 5969, "title": "What She Really Wanted (Bad: 06).", "end_time": 6171}, {"start_time": 6171, "title": "Our Own Little World (Normal: 04).", "end_time": 6403}, {"start_time": 6403, "title": "Teamwork Training (Tx?-1: 05). (Give her a Chocolate)", "end_time": 6403}, {"start_time": 6403, "title": "At a Crossroads (TxA-1: 06-01).", "end_time": 7158}, {"start_time": 7158, "title": "At a Crossroads (TxA-1: 06-01). ( Move off of Arcana).", "end_time": 7473}, {"start_time": 7473, "title": "As Always (TxA-1: 07-01).", "end_time": 8000}, {"start_time": 8000, "title": "As Always (TxA-1: 07-01).", "end_time": 8298}, {"start_time": 8298, "title": "Able to Lean on Each Other (TxA-1: 08-01).", "end_time": 8977}, {"start_time": 8977, "title": "Joining the Executive Committee (TxA-1: 09-01).", "end_time": 9439}, {"start_time": 9439, "title": "Each in Their Own Place (True: 04).", "end_time": 10246}]
https://www.youtube.com/watch?v=GcoYOCtXcd8	5048	"20240505"	449	[{"start_time": 0, "title": "White Building: A", "end_time": 236}, {"start_time": 236, "title": "White Building: B", "end_time": 528}, {"start_time": 528, "title": "Sixo", "end_time": 1295}, {"start_time": 1295, "title": "Emptiness: A", "end_time": 1473}, {"start_time": 1473, "title": "Emptiness: B", "end_time": 1757}, {"start_time": 1757, "title": "At the Grave", "end_time": 2106}, {"start_time": 2106, "title": "For Proof", "end_time": 2351}, {"start_time": 2351, "title": "Human's Standard: A", "end_time": 2548}, {"start_time": 2548, "title": "Human's Standard: B", "end_time": 2842}, {"start_time": 2842, "title": "Princess in the Coffin: A", "end_time": 3184}, {"start_time": 3184, "title": "Princess in the Coffin: B", "end_time": 3538}, {"start_time": 3538, "title": "Until the End: A", "end_time": 3877}, {"start_time": 3877, "title": "Until the End: B", "end_time": 4027}, {"start_time": 4027, "title": "Running Figure: A", "end_time": 4433}, {"start_time": 4433, "title": "Running Figure: B", "end_time": 4470}, {"start_time": 4470, "title": "What Comes After", "end_time": 4790}, {"start_time": 4790, "title": "Outreached Hand", "end_time": 4897}, {"start_time": 4897, "title": "Inescapable", "end_time": 5048}]
https://www.youtube.com/watch?v=GeRqOEXuZYo	5827	"20260214"	354	[{"start_time": 0, "title": "Chapter 43-2    Safeguard", "end_time": 149}, {"start_time": 149, "title": "Chapter 43-4    Princess", "end_time": 448}, {"start_time": 448, "title": "Chapter 43-7    Level Difference", "end_time": 835}, {"start_time": 835, "title": "Chapter 43-10  House Within the Lines", "end_time": 1225}, {"start_time": 1225, "title": "Chapter 43-13  A Fulfilling Day", "end_time": 1521}, {"start_time": 1521, "title": "Chapter 43-16  Growing Accustomed", "end_time": 1805}, {"start_time": 1805, "title": "Chapter 43-19  Stall III", "end_time": 2007}, {"start_time": 2007, "title": "Chapter 43-22  The Changing", "end_time": 2389}, {"start_time": 2389, "title": "Chapter 43-27  Daily Greetings", "end_time": 2541}, {"start_time": 2541, "title": "Chapter 43-28  Our House", "end_time": 2804}, {"start_time": 2804, "title": "Chapter 43-31  Her Holiness", "end_time": 3603}, {"start_time": 3603, "title": "Chapter 43-34  To the Partition", "end_time": 4272}, {"start_time": 4272, "title": "Chapter 43-36  The Final Request", "end_time": 4751}, {"start_time": 4751, "title": "Chapter 43-38  Neon Signs", "end_time": 4943}, {"start_time": 4943, "title": "Chapter 43-40  Password", "end_time": 5827}]
https://www.youtube.com/watch?v=G_9eZVoWwuA	1257	"20221126"	2315	NA
https://www.youtube.com/watch?v=GmnFb5eD23E	717	"20240301"	23199165	NA
https://www.youtube.com/watch?v=Ggi8Lsbtd6Q	5049	"20251010"	35	NA
https://www.youtube.com/watch?v=GpX1VnnizlY	11421	"20260214"	757	[{"start_time": 0, "title": "To Eden", "end_time": 368}, {"start_time": 368, "title": "For the One I Miss", "end_time": 683}, {"start_time": 683, "title": "Traces of the Battlefield", "end_time": 780}, {"start_time": 780, "title": "The Forgotten Ones", "end_time": 1266}, {"start_time": 1266, "title": "The Restoration", "end_time": 1555}, {"start_time": 1555, "title": "The Unknown Tears", "end_time": 1857}, {"start_time": 1857, "title": "Stories We Share", "end_time": 2390}, {"start_time": 2390, "title": "A New Imitation A", "end_time": 2753}, {"start_time": 2753, "title": "A New Imitation B", "end_time": 3389}, {"start_time": 3389, "title": "Situation Report", "end_time": 3652}, {"start_time": 3652, "title": "Between Admiration and Envy", "end_time": 4644}, {"start_time": 4644, "title": "Sixo Subjugation Battle", "end_time": 5435}, {"start_time": 5435, "title": "The Power of Logic", "end_time": 6588}, {"start_time": 6588, "title": "In the Name of the Peony", "end_time": 7546}, {"start_time": 7546, "title": "A Life I Couldn't Change", "end_time": 8660}, {"start_time": 8660, "title": "Threats and Deals", "end_time": 9121}, {"start_time": 9121, "title": "Screen Dive", "end_time": 10062}, {"start_time": 10062, "title": "Healthy Body", "end_time": 11219}, {"start_time": 11219, "title": "Erased Records", "end_time": 11421}]
https://www.youtube.com/watch?v=Gom577ml2do	5047	"20241031"	11998	[{"start_time": 0, "title": "Chapter 33-5", "end_time": 528}, {"start_time": 528, "title": "Chapter 33-8", "end_time": 1090}, {"start_time": 1090, "title": "Chapter 33-11", "end_time": 1309}, {"start_time": 1309, "title": "Chapter 33-14", "end_time": 1626}, {"start_time": 1626, "title": "Chapter 33-17", "end_time": 2381}, {"start_time": 2381, "title": "Chapter 33-20", "end_time": 2797}, {"start_time": 2797, "title": "Chapter 33-23", "end_time": 3332}, {"start_time": 3332, "title": "Chapter 33-26", "end_time": 3882}, {"start_time": 3882, "title": "Chapter 33-31", "end_time": 4260}, {"start_time": 4260, "title": "Chapter 33-34", "end_time": 5047}]
https://www.youtube.com/watch?v=H28J5aQA7jo	5860	"20260501"	14	[{"start_time": 0, "title": "The School Days Ahead (2: 01).", "end_time": 267}, {"start_time": 267, "title": "The Festival Executive Committee (TxA-2: 02).", "end_time": 504}, {"start_time": 504, "title": "Plunged Into a Cold Dream (TxA-2: 03-02).", "end_time": 833}, {"start_time": 833, "title": "The Final Detour (TxA-2: 04-02).", "end_time": 1230}, {"start_time": 1230, "title": "All Things in Moderation (Bad: 10).", "end_time": 1425}, {"start_time": 1425, "title": "The Final Detour (TxA-2: 04-02). (Skip Choice No.1).", "end_time": 1470}, {"start_time": 1470, "title": "The Festival Executive Committee (TxA-2: 02).", "end_time": 1717}, {"start_time": 1717, "title": "Enjoying the Warmth of Reality (TxA-2: 03-01).", "end_time": 2144}, {"start_time": 2144, "title": "Final Tasks (TxA-2: 04-01).", "end_time": 2642}, {"start_time": 2642, "title": "The Executive Committee's Festival (TxA-2: 05).", "end_time": 2794}, {"start_time": 2794, "title": "An Unexpected Return to the Day Job (TxA-2: 06).", "end_time": 3080}, {"start_time": 3080, "title": "Toward the Finale (TxA-2: 07).", "end_time": 3323}, {"start_time": 3323, "title": "Future Plans (TxA-2: 08-01).", "end_time": 3628}, {"start_time": 3628, "title": "Toward the Finale (TxA-2: 07).", "end_time": 3732}, {"start_time": 3732, "title": "Maid in Arcana (TxA-2: 08-02).", "end_time": 4107}, {"start_time": 4107, "title": "Fireworks Fiasco (TxA-2: 09).", "end_time": 4364}, {"start_time": 4364, "title": "From Now On and Forever (TxA: Real).", "end_time": 4802}, {"start_time": 4802, "title": "Fireworks Fiasco (TxA-2: 09).", "end_time": 4967}, {"start_time": 4967, "title": "Only This Moment (Normal: 08).", "end_time": 5178}, {"start_time": 5178, "title": "The Best Part of Youth (Epilogue).", "end_time": 5515}, {"start_time": 5515, "title": "The Long-Awaited Moment (Hidden).", "end_time": 5860}]
https://www.youtube.com/watch?v=HAXA1S2zdTc	5376	"20230706"	2861	NA
https://www.youtube.com/watch?v=HGEzeLLFB98	1174	"20221231"	1133	NA
https://www.youtube.com/watch?v=HU5gG_N7qvM	7230	"20231114"	104	NA
https://www.youtube.com/watch?v=HXU1Z5qsdbQ	606	"20230202"	140	NA
https://www.youtube.com/watch?v=HYSoLEw762w	5258	"20250311"	63	[{"start_time": 0, "end_time": 2, "title": "<Untitled Chapter 1>"}, {"start_time": 2, "title": "1.1 Whale in the Sky: A", "end_time": 410}, {"start_time": 410, "title": "1.2 Whale in the Sky: B", "end_time": 625}, {"start_time": 625, "title": "1.3 New Hope: A", "end_time": 825}, {"start_time": 825, "title": "1.4 New Hope: B", "end_time": 1209}, {"start_time": 1209, "title": "1.5 First Encounter with a Colleague: A", "end_time": 1285}, {"start_time": 1285, "title": "1.6 First Encounter with a Colleague: B", "end_time": 1513}, {"start_time": 1513, "title": "1.7 Secret and Truth: A", "end_time": 1800}, {"start_time": 1800, "title": "1.8 Secret and Truth: B", "end_time": 1952}, {"start_time": 1952, "title": "1.9 A Commander's Responsibility", "end_time": 2411}, {"start_time": 2411, "title": "1.11 Time Bomb in Brains: A", "end_time": 2600}, {"start_time": 2600, "title": "1.12 Time Bomb in Brains: B", "end_time": 3224}, {"start_time": 3224, "title": "1.10 Value of Treachery", "end_time": 3239}, {"start_time": 3239, "title": "1.13 Aim for the Sky: A", "end_time": 3480}, {"start_time": 3480, "title": "1.14 Aim for the Sky: B", "end_time": 3535}, {"start_time": 3535, "title": "1.15 Scramble on the Sky: A", "end_time": 3968}, {"start_time": 3968, "title": "1.16 Scramble on the Sky: B", "end_time": 4125}, {"start_time": 4125, "title": "1.17 My Strength: A", "end_time": 4160}, {"start_time": 4160, "title": "1.18 My Strength: B", "end_time": 4657}, {"start_time": 4657, "title": "1.19 Trade in Eden", "end_time": 4891}, {"start_time": 4891, "title": "1.20 An Ominous Premonition", "end_time": 5013}, {"start_time": 5013, "title": "1.21 What Should Have Happened Earlier", "end_time": 5258}]
https://www.youtube.com/watch?v=HKqVk4Xna3o	6001	"20230218"	3738	NA
https://www.youtube.com/watch?v=HyJNY36RPes	1767	"20250423"	467	NA
https://www.youtube.com/watch?v=H_Xv1oABEW4	2549	"20221126"	2089	NA
https://www.youtube.com/watch?v=I2zNjwQCOmQ	10704	"20260216"	653	[{"start_time": 0, "title": "Chapter 44-3    To Eden", "end_time": 354}, {"start_time": 354, "title": "Chapter 44-9    For the One I miss", "end_time": 586}, {"start_time": 586, "title": "Chapter 44-15  Traces of the Battlefield", "end_time": 679}, {"start_time": 679, "title": "Chapter 44-20  The Forgotten Ones", "end_time": 1154}, {"start_time": 1154, "title": "Chapter 44-25  The Restoration", "end_time": 1422}, {"start_time": 1422, "title": "Chapter 44-30  The Unknown Tears", "end_time": 1719}, {"start_time": 1719, "title": "Chapter 44-33  Stories We Share", "end_time": 2244}, {"start_time": 2244, "title": "Chapter 44-36  A New Imitation pt.1", "end_time": 2581}, {"start_time": 2581, "title": "Boss Fight", "end_time": 2644}, {"start_time": 2644, "title": "Chapter 44-36  A New Imitation pt.2", "end_time": 3271}, {"start_time": 3271, "title": "Epilogue 1        Situation Report", "end_time": 3515}, {"start_time": 3515, "title": "Epilogue 2        Between Admiration and Envy", "end_time": 4377}, {"start_time": 4377, "title": "Epilogue 3        Sixo Subjugation Battle", "end_time": 5025}, {"start_time": 5025, "title": "Epilogue 4        The Power of Logic", "end_time": 6164}, {"start_time": 6164, "title": "Epilogue 5        In the Name of the Peony", "end_time": 7103}, {"start_time": 7103, "title": "Epilogue 6        A Life I Couldn't Change", "end_time": 8130}, {"start_time": 8130, "title": "Epilogue 7        Threats and Deals", "end_time": 8550}, {"start_time": 8550, "title": "Epilogue 8        Screen Dive", "end_time": 9407}, {"start_time": 9407, "title": "Epilogue 9        Healthy Body", "end_time": 10493}, {"start_time": 10493, "title": "Epilogue 10      Erased Records", "end_time": 10704}]
https://www.youtube.com/watch?v=ILoufkDMA14	1294	"20221108"	5158	[{"start_time": 0, "title": "To the Surface.", "end_time": 109}, {"start_time": 109, "title": "Investigate the Power Station.", "end_time": 278}, {"start_time": 278, "title": "Do Not Use When Alone.", "end_time": 397}, {"start_time": 397, "title": "Command Center.", "end_time": 472}, {"start_time": 472, "title": "Long Live Firepower.", "end_time": 539}, {"start_time": 539, "title": "Into the Power Station.", "end_time": 750}, {"start_time": 750, "title": "A Messy Entrance.", "end_time": 899}, {"start_time": 899, "title": "Dark, Damp and Stinky.", "end_time": 1042}, {"start_time": 1042, "title": "Dropped It: A.", "end_time": 1152}, {"start_time": 1152, "title": "_Boss battle, Grave Digger._", "end_time": 1233}, {"start_time": 1233, "title": "Dropped It: B.", "end_time": 1294}]
https://www.youtube.com/watch?v=IWp0CdnXjUA	2858	"20250725"	92	NA
https://www.youtube.com/watch?v=In9UUPPNARc	4229	"20230917"	18	NA
https://www.youtube.com/watch?v=Ij_tU1d-BTY	6791	"20250724"	122	[{"start_time": 0, "title": "Well Prepared", "end_time": 186}, {"start_time": 186, "title": "Right to Revenge", "end_time": 672}, {"start_time": 672, "title": "Real Plan", "end_time": 929}, {"start_time": 929, "title": "Queens", "end_time": 1527}, {"start_time": 1527, "title": "Released: A", "end_time": 1836}, {"start_time": 1836, "title": "Released: B", "end_time": 1974}, {"start_time": 1974, "title": "Murderous Rage: A", "end_time": 2397}, {"start_time": 2397, "title": "Murderous Rage: B", "end_time": 2429}, {"start_time": 2429, "title": "Poison Fang: A", "end_time": 2705}, {"start_time": 2705, "title": "Poison Fang: B", "end_time": 2813}, {"start_time": 2813, "title": "The Fall: A", "end_time": 3193}, {"start_time": 3193, "title": "The Fall: B", "end_time": 3423}, {"start_time": 3423, "title": "Afterwards", "end_time": 4028}, {"start_time": 4028, "title": "Atonement", "end_time": 4448}, {"start_time": 4448, "title": "Meditator", "end_time": 4899}, {"start_time": 4899, "title": "Apprehension", "end_time": 5128}, {"start_time": 5128, "title": "Threat from Within", "end_time": 5477}, {"start_time": 5477, "title": "Ejection: A", "end_time": 5518}, {"start_time": 5518, "title": "Ejection: B", "end_time": 6073}, {"start_time": 6073, "title": "Bring Her Back", "end_time": 6352}, {"start_time": 6352, "title": "Reasonable Judgment", "end_time": 6791}]
https://www.youtube.com/watch?v=JLq14wblI8s	10469	"20251111"	195	[{"start_time": 0, "title": "Intro", "end_time": 276}, {"start_time": 276, "title": "Chapter 41 START", "end_time": 10469}]
https://www.youtube.com/watch?v=K8vKhvF1uXs	7410	"20251114"	35	NA
https://www.youtube.com/watch?v=K_p1NNyZx8U	5375	"20250811"	32	NA
https://www.youtube.com/watch?v=NMsgGAEHrqY	8814	"20251205"	27	[{"start_time": 0, "title": "Beginning", "end_time": 15}, {"start_time": 15, "title": "Relics", "end_time": 32}, {"start_time": 32, "title": "Stage 40-3", "end_time": 235}, {"start_time": 235, "title": "Stage 40-6", "end_time": 785}, {"start_time": 785, "title": "Relics 2", "end_time": 805}, {"start_time": 805, "title": "Stage 40-9", "end_time": 1051}, {"start_time": 1051, "title": "Stage 40-14", "end_time": 1683}, {"start_time": 1683, "title": "Relics 3", "end_time": 1707}, {"start_time": 1707, "title": "Stage 40-19", "end_time": 2135}, {"start_time": 2135, "title": "Relics 4", "end_time": 2153}, {"start_time": 2153, "title": "Stage 40-25", "end_time": 2559}, {"start_time": 2559, "title": "Stage 40-28", "end_time": 2897}, {"start_time": 2897, "title": "Relics 5", "end_time": 2932}, {"start_time": 2932, "title": "Stage 40-31", "end_time": 3474}, {"start_time": 3474, "title": "Stage 40-33", "end_time": 3828}, {"start_time": 3828, "title": "Relics 6", "end_time": 3848}, {"start_time": 3848, "title": "Stage 40-36 Boss", "end_time": 4747}, {"start_time": 4747, "title": "Relics 7", "end_time": 4759}, {"start_time": 4759, "title": "Lobby", "end_time": 5520}, {"start_time": 5520, "title": "Ephialtes", "end_time": 6157}, {"start_time": 6157, "title": "Hidden Room", "end_time": 6840}, {"start_time": 6840, "title": "Outer Rim", "end_time": 7351}, {"start_time": 7351, "title": "Tetra Line Headquarters", "end_time": 7467}, {"start_time": 7467, "title": "Outpost", "end_time": 7972}, {"start_time": 7972, "title": "Practice Room", "end_time": 8591}, {"start_time": 8591, "title": "Lobby 2", "end_time": 8814}]
https://www.youtube.com/watch?v=NPj_hkvSh9k	4383	"20250426"	2124	[{"start_time": 0, "title": "Treated Like a Fool", "end_time": 280}, {"start_time": 280, "title": "The Admire A", "end_time": 499}, {"start_time": 499, "title": "The Admire B", "end_time": 824}, {"start_time": 824, "title": "Devastating Numbers", "end_time": 1499}, {"start_time": 1499, "title": "Spectacles Alliance", "end_time": 1918}, {"start_time": 1918, "title": "Top Contributor", "end_time": 2349}, {"start_time": 2349, "title": "Experimental Area A", "end_time": 2691}, {"start_time": 2691, "title": "Experimental Area B", "end_time": 2885}, {"start_time": 2885, "title": "Whispers", "end_time": 3229}, {"start_time": 3229, "title": "Ziz A", "end_time": 4069}, {"start_time": 4069, "title": "Ziz B", "end_time": 4383}]
https://www.youtube.com/watch?v=Nj-cpMrX5kM	5830	"20221201"	335	[{"start_time": 0, "title": "Intro", "end_time": 11}, {"start_time": 11, "title": "Stage 4-1", "end_time": 438}, {"start_time": 438, "title": "Stage 4-2", "end_time": 519}, {"start_time": 519, "title": "Stage 4-3", "end_time": 715}, {"start_time": 715, "title": "Stage 4-4", "end_time": 936}, {"start_time": 936, "title": "Stage 4-5", "end_time": 1023}, {"start_time": 1023, "title": "Stage 4-6", "end_time": 1750}, {"start_time": 1750, "title": "Stage 4-7", "end_time": 1827}, {"start_time": 1827, "title": "Stage 4-8", "end_time": 1895}, {"start_time": 1895, "title": "Stage 4-9", "end_time": 2168}, {"start_time": 2168, "title": "Stage 4-10", "end_time": 2237}, {"start_time": 2237, "title": "Stage 4-11", "end_time": 2321}, {"start_time": 2321, "title": "Stage 4-12", "end_time": 2523}, {"start_time": 2523, "title": "Stage 4-13", "end_time": 2640}, {"start_time": 2640, "title": "Stage 4-14", "end_time": 2725}, {"start_time": 2725, "title": "Stage 4-15", "end_time": 2995}, {"start_time": 2995, "title": "Stage 4-16", "end_time": 3174}, {"start_time": 3174, "title": "Stage 4-17", "end_time": 3248}, {"start_time": 3248, "title": "Stage 4-18", "end_time": 3831}, {"start_time": 3831, "title": "Story transition to Chapter 5", "end_time": 5830}]
https://www.youtube.com/watch?v=O5w8xMrL0hM	9386	"20250811"	4650	[{"start_time": 0, "title": "Intro", "end_time": 4}, {"start_time": 4, "title": "Start of Chapter 39 Stage", "end_time": 31}, {"start_time": 31, "title": "Story 1 (Before Battle)", "end_time": 591}, {"start_time": 591, "title": "Story 2 (Before Battle)", "end_time": 1003}, {"start_time": 1003, "title": "Story 3 (Before Battle)", "end_time": 1369}, {"start_time": 1369, "title": "Story 4 (Before Battle)", "end_time": 1710}, {"start_time": 1710, "title": "Story 5 (Before Battle)", "end_time": 2194}, {"start_time": 2194, "title": "Story 6 (Before Battle)", "end_time": 2972}, {"start_time": 2972, "title": "Story 7 (Before Battle)", "end_time": 3417}, {"start_time": 3417, "title": "Story 8 (Before Battle)", "end_time": 3878}, {"start_time": 3878, "title": "Story 9 (Before Battle)", "end_time": 4678}, {"start_time": 4678, "title": "Story Before Boss", "end_time": 5155}, {"start_time": 5155, "title": "Boss Battle", "end_time": 5194}, {"start_time": 5194, "title": "Chapter 39 Stage Complete", "end_time": 5339}, {"start_time": 5339, "title": "Post-Stage Story", "end_time": 9330}, {"start_time": 9330, "title": "Chapter 39 Story Complete", "end_time": 9358}, {"start_time": 9358, "title": "End", "end_time": 9386}]
https://www.youtube.com/watch?v=OsB6huqWsm4	6272	"20260131"	24	[{"start_time": 0, "title": "Chatting", "end_time": 185}, {"start_time": 185, "title": "Chapter 33", "end_time": 6272}]
https://www.youtube.com/watch?v=Oy_4XBZOZNs	7317	"20250811"	5203	[{"start_time": 0, "title": "Rapture Enthusiast", "end_time": 396}, {"start_time": 396, "title": "Conditions for Conversation", "end_time": 655}, {"start_time": 655, "title": "Heading for the Whale", "end_time": 873}, {"start_time": 873, "title": "Whale Exploration", "end_time": 1029}, {"start_time": 1029, "title": "Monk in the Sky", "end_time": 1372}, {"start_time": 1372, "title": "The Fourth Member", "end_time": 1908}, {"start_time": 1908, "title": "The Profound", "end_time": 2250}, {"start_time": 2250, "title": "The Way of Harmony", "end_time": 2526}, {"start_time": 2526, "title": "Going in Circles", "end_time": 2837}, {"start_time": 2837, "title": "Out of the Ordinary", "end_time": 3100}, {"start_time": 3100, "title": "Harbringer", "end_time": 3561}, {"start_time": 3561, "title": "Reconnected", "end_time": 3959}, {"start_time": 3959, "title": "Atonement and Punishement", "end_time": 4375}, {"start_time": 4375, "title": "The Watchers", "end_time": 4708}, {"start_time": 4708, "title": "Suspicious Movement", "end_time": 5199}, {"start_time": 5199, "title": "Anis' World", "end_time": 6034}, {"start_time": 6034, "title": "Suffocating", "end_time": 6363}, {"start_time": 6363, "title": "Ark's Star", "end_time": 6691}, {"start_time": 6691, "title": "The Light that Illuminates the Stars", "end_time": 7317}]
https://www.youtube.com/watch?v=P1RrmQIlcjU	7666	"20251012"	298	[{"start_time": 0, "title": "No. 7", "end_time": 151}, {"start_time": 151, "title": "The Queen's Qualifications", "end_time": 642}, {"start_time": 642, "title": "The Splinter in the Depths", "end_time": 815}, {"start_time": 815, "title": "The Third Species", "end_time": 1324}, {"start_time": 1324, "title": "Fear", "end_time": 1682}, {"start_time": 1682, "title": "Quiet Shade", "end_time": 1924}, {"start_time": 1924, "title": "Gene Reaper", "end_time": 2189}, {"start_time": 2189, "title": "The Time to Decide", "end_time": 2404}, {"start_time": 2404, "title": "On Whose Side", "end_time": 2853}, {"start_time": 2853, "title": "A Hopeless Case", "end_time": 3106}, {"start_time": 3106, "title": "The White Place Faraway", "end_time": 3651}, {"start_time": 3651, "title": "Causing Trouble", "end_time": 4428}, {"start_time": 4428, "title": "Catching the Weak Spot", "end_time": 5091}, {"start_time": 5091, "title": "Mrs. Miss", "end_time": 5786}, {"start_time": 5786, "title": "P", "end_time": 6295}, {"start_time": 6295, "title": "Seekers of the Star", "end_time": 6391}, {"start_time": 6391, "title": "The Voices that Reach the Star", "end_time": 6876}, {"start_time": 6876, "title": "To Do It Right", "end_time": 7455}, {"start_time": 7455, "title": "Legendary Producer", "end_time": 7666}]
https://www.youtube.com/watch?v=P6khzmzjA34	7226	"20250818"	49	NA
https://www.youtube.com/watch?v=Ph1kIVrA4JI	519	"20240815"	58	NA
https://www.youtube.com/watch?v=PmyUc8Fr-Kw	6764	"20240320"	1624	[{"start_time": 0, "title": "Reclamation Site 01", "end_time": 735}, {"start_time": 735, "title": "Blabla 1", "end_time": 845}, {"start_time": 845, "title": "Worthy of Praise", "end_time": 1262}, {"start_time": 1262, "title": "Blabla 2", "end_time": 1395}, {"start_time": 1395, "title": "Newcomer", "end_time": 1602}, {"start_time": 1602, "title": "Pathfinder, Miner, Electrician A", "end_time": 1821}, {"start_time": 1821, "title": "Pathfinder, Miner, Electrician B", "end_time": 2080}, {"start_time": 2080, "title": "Moving on Together", "end_time": 2465}, {"start_time": 2465, "title": "Circumstance All Their Own A", "end_time": 2871}, {"start_time": 2871, "title": "Circumstance All Their Own B", "end_time": 3175}, {"start_time": 3175, "title": "Crystal in the Desert A", "end_time": 3639}, {"start_time": 3639, "title": "Crystal in the Desert B", "end_time": 4089}, {"start_time": 4089, "title": "Growing Crystal", "end_time": 4439}, {"start_time": 4439, "title": "Blabla 3", "end_time": 4554}, {"start_time": 4554, "title": "Clear Purpose", "end_time": 4871}, {"start_time": 4871, "title": "Blabla 4", "end_time": 4977}, {"start_time": 4977, "title": "BOOM", "end_time": 5822}, {"start_time": 5822, "title": "Take the Hard Path", "end_time": 6092}, {"start_time": 6092, "title": "Parasitic A", "end_time": 6355}, {"start_time": 6355, "title": "Parasitic B", "end_time": 6764}]
https://www.youtube.com/watch?v=R3Z-r0MJoSc	4461	"20240421"	11	NA
https://www.youtube.com/watch?v=R5RSaXT2Y_M	6574	"20230525"	13	NA
https://www.youtube.com/watch?v=T2kGqcWdEXc	10992	"20250310"	35	NA
https://www.youtube.com/watch?v=U3IzleMBBdE	6853	"20230712"	512	[{"start_time": 0, "title": "Intro", "end_time": 11}, {"start_time": 11, "title": "Stage 16-1", "end_time": 288}, {"start_time": 288, "title": "Stage 16-2", "end_time": 543}, {"start_time": 543, "title": "Stage 16-3", "end_time": 807}, {"start_time": 807, "title": "Stage 16-4", "end_time": 880}, {"start_time": 880, "title": "Stage 16-5", "end_time": 958}, {"start_time": 958, "title": "Stage 16-6", "end_time": 1038}, {"start_time": 1038, "title": "Stage 16-7", "end_time": 1344}, {"start_time": 1344, "title": "Stage 16-8", "end_time": 1435}, {"start_time": 1435, "title": "Stage 16-8A-1", "end_time": 1582}, {"start_time": 1582, "title": "Stage 16-8B-1", "end_time": 1657}, {"start_time": 1657, "title": "Stage 16-8B-2", "end_time": 1717}, {"start_time": 1717, "title": "Stage 16-9", "end_time": 1807}, {"start_time": 1807, "title": "Stage 16-10", "end_time": 1919}, {"start_time": 1919, "title": "Stage 16-11", "end_time": 2258}, {"start_time": 2258, "title": "Stage 16-12", "end_time": 2627}, {"start_time": 2627, "title": "Stage 16-13", "end_time": 2715}, {"start_time": 2715, "title": "Stage 16-14", "end_time": 3000}, {"start_time": 3000, "title": "Stage 16-15", "end_time": 3067}, {"start_time": 3067, "title": "Stage 16-16", "end_time": 3081}, {"start_time": 3081, "title": "Stage 16-17", "end_time": 3268}, {"start_time": 3268, "title": "Stage 16-17A-1", "end_time": 3395}, {"start_time": 3395, "title": "Stage 16-17B-1", "end_time": 3532}, {"start_time": 3532, "title": "Stage 16-18", "end_time": 3635}, {"start_time": 3635, "title": "Stage 16-19", "end_time": 4228}, {"start_time": 4228, "title": "Stage 16-20", "end_time": 4509}, {"start_time": 4509, "title": "Stage 16-21", "end_time": 4582}, {"start_time": 4582, "title": "Stage 16-22", "end_time": 4885}, {"start_time": 4885, "title": "Stage 16-23", "end_time": 4989}, {"start_time": 4989, "title": "Stage 16-24", "end_time": 5052}, {"start_time": 5052, "title": "Stage 16-25", "end_time": 5173}, {"start_time": 5173, "title": "Stage 16-26", "end_time": 5282}, {"start_time": 5282, "title": "Stage 16-27", "end_time": 5339}, {"start_time": 5339, "title": "Stage 16-28", "end_time": 6036}, {"start_time": 6036, "title": "Story Transition to Chapter 17", "end_time": 6853}]
https://www.youtube.com/watch?v=VwiuIkF-HA0	4472	"20240926"	31	[{"start_time": 0, "title": "Long-Awaited Command", "end_time": 294}, {"start_time": 294, "title": "Aftereffects", "end_time": 499}, {"start_time": 499, "title": "Lie", "end_time": 1262}, {"start_time": 1262, "title": "Reckless Marching", "end_time": 1418}, {"start_time": 1418, "title": "Solemn Request: A", "end_time": 1471}, {"start_time": 1471, "title": "Solemn Request: B", "end_time": 1749}, {"start_time": 1749, "title": "The Fallen Fire Dragon: A", "end_time": 1969}, {"start_time": 1969, "title": "The Fallen Fire Dragon: B", "end_time": 2434}, {"start_time": 2434, "title": "Fearful Man", "end_time": 2855}, {"start_time": 2855, "title": "Holding Back: A", "end_time": 3048}, {"start_time": 3048, "title": "Holding Back: B", "end_time": 3229}, {"start_time": 3229, "title": "Only Did My Best", "end_time": 3536}, {"start_time": 3536, "title": "Gratitude: A", "end_time": 3835}, {"start_time": 3835, "title": "Gratitude: B", "end_time": 4030}, {"start_time": 4030, "title": "Red Mark: A", "end_time": 4144}, {"start_time": 4144, "title": "Red Mark: B", "end_time": 4472}]
https://www.youtube.com/watch?v=X_CxIETIvLM	4075	"20251031"	93	NA
https://www.youtube.com/watch?v=_4xSYTEFV8s	1568	"20221113"	138	NA
https://www.youtube.com/watch?v=anF1FJqwWbc	565	"20240905"	3	NA
https://www.youtube.com/watch?v=cqwjtG3yxgI	658	"20230819"	20	NA
https://www.youtube.com/watch?v=dOGdiIlOVpg	3404	"20221124"	261	NA
https://www.youtube.com/watch?v=hfS2fU69TO8	6426	"20251201"	19	[{"start_time": 0, "title": "Beginning", "end_time": 16}, {"start_time": 16, "title": "Relics", "end_time": 38}, {"start_time": 38, "title": "Stage 38-3", "end_time": 777}, {"start_time": 777, "title": "Stage 38-6", "end_time": 1300}, {"start_time": 1300, "title": "Relics 2", "end_time": 1350}, {"start_time": 1350, "title": "Stage 38-9", "end_time": 1867}, {"start_time": 1867, "title": "Relics 3", "end_time": 1881}, {"start_time": 1881, "title": "Stage 38-14", "end_time": 2158}, {"start_time": 2158, "title": "Relics 4", "end_time": 2166}, {"start_time": 2166, "title": "Stage 38-19", "end_time": 2753}, {"start_time": 2753, "title": "Relics 5", "end_time": 2787}, {"start_time": 2787, "title": "Stage 38-24", "end_time": 3296}, {"start_time": 3296, "title": "Relics 6", "end_time": 3306}, {"start_time": 3306, "title": "Stage 38-29", "end_time": 4237}, {"start_time": 4237, "title": "Relics 7", "end_time": 4260}, {"start_time": 4260, "title": "Stage 38-32", "end_time": 5116}, {"start_time": 5116, "title": "Relics 8", "end_time": 5138}, {"start_time": 5138, "title": "Stage 38-37 Boss", "end_time": 6004}, {"start_time": 6004, "title": "Ending", "end_time": 6426}]
https://www.youtube.com/watch?v=huS62Oau-2M	4898	"20230802"	5415	[{"start_time": 0, "title": "_Start._", "end_time": 15}, {"start_time": 15, "title": "Cracked Ark.", "end_time": 192}, {"start_time": 192, "title": "A.C.P.U.", "end_time": 422}, {"start_time": 422, "title": "Poli and Miranda: A.", "end_time": 597}, {"start_time": 597, "title": "Poli and Miranda: B.", "end_time": 744}, {"start_time": 744, "title": "Guardian of the Ark.", "end_time": 954}, {"start_time": 954, "title": "Beast in the Warren: A.", "end_time": 1288}, {"start_time": 1288, "title": "Beast in the Warren: B.", "end_time": 1643}, {"start_time": 1643, "title": "Underworld Queen: A.", "end_time": 1963}, {"start_time": 1963, "title": "Underworld Queen: B.", "end_time": 2322}, {"start_time": 2322, "title": "Rosanna's Task.", "end_time": 2655}, {"start_time": 2655, "title": "Sakura's Task.", "end_time": 2977}, {"start_time": 2977, "title": "Moran's Task.", "end_time": 3156}, {"start_time": 3156, "title": "E.H.", "end_time": 3628}, {"start_time": 3628, "title": "Covert Operatives.", "end_time": 4014}, {"start_time": 4014, "title": "Gateway.", "end_time": 4207}, {"start_time": 4207, "title": "Descend from the Sky: A.", "end_time": 4633}, {"start_time": 4633, "title": "_Boss battle: Nihilister._", "end_time": 4753}, {"start_time": 4753, "title": "Descend from the Sky: B.", "end_time": 4898}]
https://www.youtube.com/watch?v=iuUbFgWr1b8	5159	"20240501"	2357	NA
https://www.youtube.com/watch?v=j5deXsR2C6A	2006	"20250829"	23	NA
https://www.youtube.com/watch?v=jfs9cBx9Hhc	4829	"20260518"	82	[{"start_time": 0, "title": "Whale in the Sky A", "end_time": 407}, {"start_time": 407, "title": "Whale in the Sky B", "end_time": 627}, {"start_time": 627, "title": "New Hope A", "end_time": 795}, {"start_time": 795, "title": "New Hope B", "end_time": 1173}, {"start_time": 1173, "title": "First Encounter with a Colleague A", "end_time": 1246}, {"start_time": 1246, "title": "First Encounter with a Colleague B", "end_time": 1467}, {"start_time": 1467, "title": "Secret and Truth A", "end_time": 1752}, {"start_time": 1752, "title": "Secret and Truth B", "end_time": 1890}, {"start_time": 1890, "title": "A Commander's Responsibility", "end_time": 2067}, {"start_time": 2067, "title": "Value of Treachery", "end_time": 2323}, {"start_time": 2323, "title": "Time Bomb in Brains A", "end_time": 2514}, {"start_time": 2514, "title": "Time Bomb in Brains B", "end_time": 3121}, {"start_time": 3121, "title": "Aim for the Sky A", "end_time": 3360}, {"start_time": 3360, "title": "Aim for the Sky B", "end_time": 3410}, {"start_time": 3410, "title": "Scramble on the Sky A", "end_time": 3840}, {"start_time": 3840, "title": "Scramble on the Sky B", "end_time": 3969}, {"start_time": 3969, "title": "My Strength A", "end_time": 4000}, {"start_time": 4000, "title": "My Strength B", "end_time": 4491}, {"start_time": 4491, "title": "Trade in Eden", "end_time": 4715}, {"start_time": 4715, "title": "A Bad Feeling", "end_time": 4829}]
https://www.youtube.com/watch?v=jaY3BJDxzEU	3869	"20221121"	355	[{"start_time": 0, "title": "Intro", "end_time": 11}, {"start_time": 11, "title": "Stage 2-1", "end_time": 366}, {"start_time": 366, "title": "Stage 2-2", "end_time": 442}, {"start_time": 442, "title": "Stage 2-3", "end_time": 628}, {"start_time": 628, "title": "Stage 2-4", "end_time": 710}, {"start_time": 710, "title": "Stage 2-5", "end_time": 939}, {"start_time": 939, "title": "Stage 2-6", "end_time": 1070}, {"start_time": 1070, "title": "Stage 2-7", "end_time": 1136}, {"start_time": 1136, "title": "Stage 2-8", "end_time": 1447}, {"start_time": 1447, "title": "Stage 2-9", "end_time": 1746}, {"start_time": 1746, "title": "Stage 2-10", "end_time": 1826}, {"start_time": 1826, "title": "Stage 2-11", "end_time": 2081}, {"start_time": 2081, "title": "Stage 2-12", "end_time": 2555}, {"start_time": 2555, "title": "Story transition to Chapter 3", "end_time": 3869}]
https://www.youtube.com/watch?v=kJq3PY9eAlA	15531	"20250820"	180	[{"start_time": 0, "title": "Intro", "end_time": 15531}]
https://www.youtube.com/watch?v=l00udDI0H3I	8625	"20251115"	2262	NA
https://www.youtube.com/watch?v=lamEzBPXRWs	6613	"20250221"	3345	[{"start_time": 0, "title": "I Am Me", "end_time": 355}, {"start_time": 355, "title": "A Sense of Euphoria", "end_time": 584}, {"start_time": 584, "title": "Compelling Words", "end_time": 1270}, {"start_time": 1270, "title": "Halftime", "end_time": 1393}, {"start_time": 1393, "title": "Because We Are Comrades", "end_time": 1854}, {"start_time": 1854, "title": "Several Mistakes", "end_time": 2015}, {"start_time": 2015, "title": "Reliable Reinforcements?", "end_time": 2435}, {"start_time": 2435, "title": "Black Sea", "end_time": 2951}, {"start_time": 2951, "title": "Those Who Return", "end_time": 3388}, {"start_time": 3388, "title": "How Has It Changed?", "end_time": 3830}, {"start_time": 3830, "title": "Farewell Performance Announcement", "end_time": 4291}, {"start_time": 4291, "title": "Bubble A", "end_time": 4622}, {"start_time": 4622, "title": "Bubble B", "end_time": 4764}, {"start_time": 4764, "title": "Lonesome Monologues", "end_time": 4939}, {"start_time": 4939, "title": "Concerns", "end_time": 5311}, {"start_time": 5311, "title": "Inside the Egg A", "end_time": 5518}, {"start_time": 5518, "title": "Inside the Egg B", "end_time": 5987}, {"start_time": 5987, "title": "Trying to Talk A", "end_time": 6268}, {"start_time": 6268, "title": "Trying to Talk B", "end_time": 6613}]
https://www.youtube.com/watch?v=m2AwRajnjLA	19514	"20251102"	198	NA
https://www.youtube.com/watch?v=m5eZdVq-VCo	665	"20230721"	198	[{"start_time": 0, "title": "Talentum", "end_time": 173}, {"start_time": 173, "title": "Triangle", "end_time": 500}, {"start_time": 500, "title": "Collector", "end_time": 665}]
https://www.youtube.com/watch?v=nJ7DF1NePIg	18930	"20260206"	62	NA
https://www.youtube.com/watch?v=oKyzuTNQaS8	12995	"20231204"	74	NA
https://www.youtube.com/watch?v=qkbaNHS5fws	4413	"20250220"	2367	[{"start_time": 0, "title": "_Start._", "end_time": 13}, {"start_time": 13, "title": "Temporary Mate.", "end_time": 376}, {"start_time": 376, "title": "Q&A.", "end_time": 800}, {"start_time": 800, "title": "Defibrillator: A.", "end_time": 999}, {"start_time": 999, "title": "Defibrillator: B.", "end_time": 1283}, {"start_time": 1283, "title": "Indirect Help.", "end_time": 1690}, {"start_time": 1690, "title": "Long-Term Plan.", "end_time": 2091}, {"start_time": 2091, "title": "Food Preferences.", "end_time": 2304}, {"start_time": 2304, "title": "In Search of Comrades: A.", "end_time": 2670}, {"start_time": 2670, "title": "In Search of Comrades: B.", "end_time": 3081}, {"start_time": 3081, "title": "Inspection Unit: A.", "end_time": 3475}, {"start_time": 3475, "title": "Inspection Unit: B.", "end_time": 3759}, {"start_time": 3759, "title": "Tug of War: A.", "end_time": 4111}, {"start_time": 4111, "title": "_Boss battle: Black Snake._", "end_time": 4164}, {"start_time": 4164, "title": "Tug of War: B.", "end_time": 4413}]
https://www.youtube.com/watch?v=uGJhzoWPdyU	7448	"20260109"	53	NA
https://www.youtube.com/watch?v=uvEpxyv146c	465	"20250528"	63	NA
https://www.youtube.com/watch?v=vlyWA_W_VMs	2203	"20240806"	7	NA
https://www.youtube.com/watch?v=xq46vr6c-ak	35100	"20260821"	26	NA
https://www.youtube.com/watch?v=yQMaF-G1C-s	4462	"20231102"	1616	NA
https://www.youtube.com/watch?v=yrEidTwciv0	5367	"20250311"	59	[{"start_time": 0, "end_time": 2, "title": "<Untitled Chapter 1>"}, {"start_time": 2, "title": "1.1 Back Home: A", "end_time": 350}, {"start_time": 350, "title": "1.2 Back Home: B", "end_time": 717}, {"start_time": 717, "title": "1.3 From Present to Past: A", "end_time": 1076}, {"start_time": 1076, "title": "1.4 From Present to Past: B", "end_time": 1421}, {"start_time": 1421, "title": "1.5 White Knight: A", "end_time": 1837}, {"start_time": 1837, "title": "1.6 White Knight: B", "end_time": 2020}, {"start_time": 2020, "title": "1.7 Important Person", "end_time": 2384}, {"start_time": 2384, "title": "1.8 Determination: A", "end_time": 2612}, {"start_time": 2612, "title": "1.9 Determination: B", "end_time": 2982}, {"start_time": 2982, "title": "1.10 Faraway Hometown", "end_time": 3198}, {"start_time": 3198, "title": "1.11 Desire to Return Again: A", "end_time": 3725}, {"start_time": 3725, "title": "1.12 Desire to Return Again: B", "end_time": 4328}, {"start_time": 4328, "title": "1.13 Memories Remain", "end_time": 4465}, {"start_time": 4465, "title": "1.14 Formal Transaction", "end_time": 4738}, {"start_time": 4738, "title": "1.15 The First Place Reclaimed", "end_time": 4903}, {"start_time": 4903, "title": "1.16 What Will Become My Strength", "end_time": 5044}, {"start_time": 5044, "title": "1.17 Reunion with the Unknown: A", "end_time": 5217}, {"start_time": 5217, "title": "1.18 Reunion with the Unknown: B", "end_time": 5367}]
https://www.youtube.com/watch?v=zO-fRfcKaMo	3232	"20260727"	5	[{"start_time": 0, "title": "Stage 9-1", "end_time": 245}, {"start_time": 245, "title": "Stage 9-6", "end_time": 446}, {"start_time": 446, "title": "Ex Stage I", "end_time": 633}, {"start_time": 633, "title": "Stage 9-12", "end_time": 815}, {"start_time": 815, "title": "Stage 9-15", "end_time": 1041}, {"start_time": 1041, "title": "Stage 9-21", "end_time": 1190}, {"start_time": 1190, "title": "Ex Stage II", "end_time": 1361}, {"start_time": 1361, "title": "Stage 9-27 [Boss]", "end_time": 1763}, {"start_time": 1763, "title": "Story Cutscenes", "end_time": 3232}]
