https://www.youtube.com/watch?v=-nNAayFNGxE	11457	"20260115"	54	NA
https://www.youtube.com/watch?v=-0mIwpn0ZNQ	6553	"20240923"	41	NA
https://www.youtube.com/watch?v=0XiBaONPKvg	7024	"20250403"	125	[{"start_time": 0, "title": "Intro", "end_time": 56}, {"start_time": 56, "title": "1) Like a Triumphant Hero", "end_time": 2975}, {"start_time": 2975, "title": "2) The Gaze From a Certain God", "end_time": 4475}, {"start_time": 4475, "title": "3) The Four at Loggerheads", "end_time": 6952}, {"start_time": 6952, "title": "The End", "end_time": 7024}]
https://www.youtube.com/watch?v=-a_aZPERfLE	2974	"20210206"	15981	[{"start_time": 0, "title": "The Floating Palace", "end_time": 644}, {"start_time": 644, "title": "Equilibrium", "end_time": 1815}, {"start_time": 1815, "title": "Solitary Fragrance", "end_time": 2927}, {"start_time": 2927, "title": "Heart of Glaze Start & Outro", "end_time": 2974}]
https://www.youtube.com/watch?v=0fRXFAJi8CA	10997	"20250911"	87	NA
https://www.youtube.com/watch?v=-REH74XOGVs	5181	"20240814"	15	NA
https://www.youtube.com/watch?v=0AjSFOWDRxw	5429	"20230927"	23121	[{"start_time": 0, "title": "A Tea Party Most Thorny", "end_time": 1226}, {"start_time": 1226, "title": "Fortress of Meropide", "end_time": 3228}, {"start_time": 3228, "title": "The Proscribed Hidden in Plain Sight", "end_time": 4815}, {"start_time": 4815, "title": "Lost in Deep Seas", "end_time": 5429}]
https://www.youtube.com/watch?v=-lfs72lA844	30194	"20260812"	72485	NA
https://www.youtube.com/watch?v=0nIbouB_Qv8	16878	"20231108"	68456	NA
https://www.youtube.com/watch?v=10Vte_fTeBM	10231	"20260524"	166	NA
https://www.youtube.com/watch?v=0tJCgYbyGVc	8891	"20210902"	127	NA
https://www.youtube.com/watch?v=116B_b8Wv_M	7179	"20220929"	209	NA
https://www.youtube.com/watch?v=1ZroDayrJ0Q	7344	"20251029"	3	NA
https://www.youtube.com/watch?v=13mE3pqg_kQ	16503	"20240609"	154623	[{"start_time": 0, "title": "Act 1 - Of the Land Amidst Monoliths", "end_time": 3540}, {"start_time": 3540, "title": "Act 2 - Farewell, Archaic Lord", "end_time": 9496}, {"start_time": 9496, "title": "Act 3 - A New Star Approaches", "end_time": 16503}]
https://www.youtube.com/watch?v=1Ue2BnNDET4	24197	"20260520"	49083	[{"start_time": 0, "title": "Act 9: As All Falls to Emptiness", "end_time": 8830}, {"start_time": 8830, "title": "Act 10: Of Myriad Paths, Flux, and Dissolution", "end_time": 12775}, {"start_time": 12775, "title": "Act 10: Truth Amongst the Pages of Purana", "end_time": 24197}]
https://www.youtube.com/watch?v=1UdYQqxNMeM	10544	"20260805"	32	NA
https://www.youtube.com/watch?v=1ZurJY1u8i0	6683	"20250913"	23	NA
https://www.youtube.com/watch?v=2VWw5ysV6Cw	10668	"20250204"	24	NA
https://www.youtube.com/watch?v=23ldc0_X-YQ	8532	"20251022"	13285	[{"start_time": 0, "title": "1 Hidden in the Shadows", "end_time": 2432}, {"start_time": 2432, "title": "2 Special Operation", "end_time": 3943}, {"start_time": 3943, "title": "3 Investigate the note on the table", "end_time": 4839}, {"start_time": 4839, "title": "4 Leave the hut", "end_time": 5346}, {"start_time": 5346, "title": "5 Avoid the patrolling Wild Hunt", "end_time": 5638}, {"start_time": 5638, "title": "6 Return to the secret base and discuss your next steps", "end_time": 6429}, {"start_time": 6429, "title": "7 Go to the place The Knave mentioned", "end_time": 7042}, {"start_time": 7042, "title": "8 Enter the space where the Crimson Moon is", "end_time": 7298}, {"start_time": 7298, "title": "9 Activate the nearby device", "end_time": 7442}, {"start_time": 7442, "title": "10 Activate the second device", "end_time": 7556}, {"start_time": 7556, "title": "11 Activate the final device", "end_time": 7684}, {"start_time": 7684, "title": "12 Enter the reflection of the moon", "end_time": 7720}, {"start_time": 7720, "title": "13 Sever the Abyssal fetters", "end_time": 8532}]
https://www.youtube.com/watch?v=1nkbc-G7cp8	5741	"20240828"	12914	[{"start_time": 0, "title": "1 Natlan! A New Adventure", "end_time": 2392}, {"start_time": 2392, "title": "2 Pilgrimage of the Return of the Sacred Flame", "end_time": 4344}, {"start_time": 4344, "title": "3 Home of the Hot Springs", "end_time": 5741}]
https://www.youtube.com/watch?v=2WBkoO6ugDE	26300	"20260117"	72733	NA
https://www.youtube.com/watch?v=2mw8SpRoRFs	3939	"20250515"	119	NA
https://www.youtube.com/watch?v=2qhxLzEcKFg	8369	"20251022"	20	NA
https://www.youtube.com/watch?v=2c5cPsTFrYk	9784	"20250526"	6469	NA
https://www.youtube.com/watch?v=33_9cExlmgE	12067	"20260114"	100927	NA
https://www.youtube.com/watch?v=2uchNZ3YMpY	10847	"20260114"	15277	[{"start_time": 0, "title": "1 Moonless Night", "end_time": 1894}, {"start_time": 1894, "title": "2 Where Our Space and Time Intersect", "end_time": 6660}, {"start_time": 6660, "title": "3 Tracing the Footsteps of the Past", "end_time": 10847}]
https://www.youtube.com/watch?v=38NM0WwnrQA	3256	"20260719"	12	NA
https://www.youtube.com/watch?v=3B7l7-isG04	20589	"20251205"	32	NA
https://www.youtube.com/watch?v=3UzMR3or-bU	8496	"20230218"	131	NA
https://www.youtube.com/watch?v=3sMHQWWxeEo	7902	"20230929"	28	NA
https://www.youtube.com/watch?v=3vWzYNFlo6c	2488	"20260812"	87	[{"start_time": 0, "end_time": 59, "title": "<Untitled Chapter 1>"}, {"start_time": 59, "title": "Opening Combat & Test Sequence \u2014 Initial combat showcasing elemental team synergies and character abilities in the snow.", "end_time": 385}, {"start_time": 385, "title": "Approaching Snezhnaya \u2014 Traveler and Paimon discuss their long journey coming to an end and reaching the last nation of Teyvat.", "end_time": 456}, {"start_time": 456, "title": "Meeting Columbina \u2014 The 3rd Fatui Harbinger Columbina appears unexpectedly to share details about the Fatui's perspective and Snezhnaya.", "end_time": 583}, {"start_time": 583, "title": "Crossing into Snezhnaya \u2014 Entering the freezing Snezhnayan wilderness and noticing local wildlife affected by the severe climate.", "end_time": 810}, {"start_time": 810, "title": "Blizzard Hits & Paimon Struggles \u2014 Harsh sub-zero weather sets in; Paimon struggles with the extreme cold, forcing the pair to seek shelter.", "end_time": 1004}, {"start_time": 1004, "title": "Discovering the Ancient Construct \u2014 Traveler reactivates an ancient mechanical device (\"Crysnic\" system assistant) that registers Traveler as its new master.", "end_time": 1136}, {"start_time": 1136, "title": "Exploration & Heat-Mechanism Puzzles \u2014 Using the construct to melt ice barriers, clear paths, and manage thermal energy.", "end_time": 1614}, {"start_time": 1614, "title": "Encountering Pierro (The Jester) \u2014 The Fatui Director Pierro appears, assisting Paimon in the freezing cold and offering ominous insights into Snezhnaya.", "end_time": 1839}, {"start_time": 1839, "title": "Navigating the Snowstorm \u2014 Paimon recovers while discussing Pierro's true identity and the Fatui's presence in the region.", "end_time": 1982}, {"start_time": 1982, "title": "Train Station Crash \u2014 Attempting to access an abandoned railway system leads to a sudden mechanical failure and structural collapse.", "end_time": 2098}, {"start_time": 2098, "title": "Arriving in the Snezhnayan Town \u2014 Reaching a local settlement where citizens suffer from extreme fuel and energy shortages.", "end_time": 2324}, {"start_time": 2324, "title": "Confronting Fatui Officials & Energy Dispute \u2014 Observing a heated argument between local villagers and Fatui logistics personnel over rationed heating supplies.", "end_time": 2467}, {"start_time": 2467, "title": "Meeting Alyosha \u2014 Alyosha introduces himself and offers Traveller and Paimon shelter at his local outpost.", "end_time": 2488}]
https://www.youtube.com/watch?v=43plWV_HTIg	6975	"20250805"	21	NA
https://www.youtube.com/watch?v=4LNFvNGRKI8	13670	"20250101"	27232	[{"start_time": 0, "title": "1 Subterranean Ruins - Wait for two days", "end_time": 50}, {"start_time": 50, "title": "2 Subterranean Ruins - Return to the Weary Inn to rest", "end_time": 360}, {"start_time": 360, "title": "3 As the Sun Rises and Sets - Go to the Speaker's Chamber", "end_time": 970}, {"start_time": 970, "title": "4 Invite Mavuika to come along with you", "end_time": 1119}, {"start_time": 1119, "title": "5 Go to the People of the Springs", "end_time": 1548}, {"start_time": 1548, "title": "6 Chat with your friends and wait for the feast to begin", "end_time": 2464}, {"start_time": 2464, "title": "7 Follow Ororon and take part in the ceremony", "end_time": 2887}, {"start_time": 2887, "title": "8 Return and rejoin the feast", "end_time": 3146}, {"start_time": 3146, "title": "9 Follow the path to escort Kachina back to the tribe", "end_time": 3272}, {"start_time": 3272, "title": "10 Continue forward along the path", "end_time": 3479}, {"start_time": 3479, "title": "11 Follow Hanwi", "end_time": 3837}, {"start_time": 3837, "title": "12 Take Kachina back home", "end_time": 3932}, {"start_time": 3932, "title": "13 Check on how the forging of the Ancient Name is going", "end_time": 4374}, {"start_time": 4374, "title": "14 Test the Ancient Name outside the camp", "end_time": 4765}, {"start_time": 4765, "title": "15 Talk to the soul that suddenly appeared", "end_time": 5082}, {"start_time": 5082, "title": "16 Talk to the souls that suddenly appeared", "end_time": 5413}, {"start_time": 5413, "title": "17 Check on the Tepetlisaurus's condition", "end_time": 6806}, {"start_time": 6806, "title": "18 Journey of Stars and Flames - Wait until two days later", "end_time": 6854}, {"start_time": 6854, "title": "19 Go to the Stadium of the Sacred Flame", "end_time": 6879}, {"start_time": 6879, "title": "20 Listen to Mavuika's speech", "end_time": 7265}, {"start_time": 7265, "title": "21 Talk to Mavuika once you're ready", "end_time": 7382}, {"start_time": 7382, "title": "22 Explore up ahead", "end_time": 8637}, {"start_time": 8637, "title": "23 Go further in", "end_time": 8760}, {"start_time": 8760, "title": "24 Follow the guidance to reach the destination", "end_time": 8911}, {"start_time": 8911, "title": "25 Where All Hopes Lie", "end_time": 10452}, {"start_time": 10452, "title": "26 When All Becomes a Monument", "end_time": 13670}]
https://www.youtube.com/watch?v=4VDn-msRaYU	6761	"20241223"	16	[{"start_time": 0, "title": "Destined Encounter", "end_time": 1889}, {"start_time": 1889, "title": "Fortune-Mocking Pedigree", "end_time": 3681}, {"start_time": 3681, "title": "A Lamenter at Fate\u2019s End", "end_time": 5376}, {"start_time": 5376, "title": "Portended Fate", "end_time": 6761}]
https://www.youtube.com/watch?v=4hL7T3G-4YE	9077	"20251203"	344	[{"start_time": 0, "end_time": 906, "title": "<Untitled Chapter 1>"}, {"start_time": 906, "title": "In the Shifting Light of the Moon", "end_time": 2086}, {"start_time": 2086, "title": "Space Ship?", "end_time": 3255}, {"start_time": 3255, "title": "Ripples That Will Never Reach", "end_time": 3600}, {"start_time": 3600, "title": "Alice Entry!", "end_time": 7607}, {"start_time": 7607, "title": "Investigation of", "end_time": 9077}]
https://www.youtube.com/watch?v=4jfWtRL53SA	8499	"20230927"	56236	NA
https://www.youtube.com/watch?v=4iuGXbBpcjs	13044	"20250101"	70976	NA
https://www.youtube.com/watch?v=4kkAE9Keh2g	9194	"20250825"	4938	[{"start_time": 0, "title": "Intro", "end_time": 4}, {"start_time": 4, "title": "Begin Archon Quest", "end_time": 400}, {"start_time": 400, "title": "Quest 1: Flamelets", "end_time": 2100}, {"start_time": 2100, "title": "Quest 2: Smoldering", "end_time": 5088}, {"start_time": 5088, "title": "Quest 3: Searing (Quest Domain - Temple of Cascading Colors: Ch'upikaq Tajin)", "end_time": 7070}, {"start_time": 7070, "title": "Boss Battle: Ix Raq'lapuj Chue'q Buluk (Mirror of the Dawning Morn)", "end_time": 8404}, {"start_time": 8404, "title": "Post-Archon Quest (ending)", "end_time": 8790}, {"start_time": 8790, "title": "Brief chat with Ineffa", "end_time": 9146}, {"start_time": 9146, "title": "Archon Quest Complete and Outro", "end_time": 9194}]
https://www.youtube.com/watch?v=4oxSDxVBP0U	4456	"20240605"	18762	NA
https://www.youtube.com/watch?v=561hhFovjuo	9890	"20230927"	20	NA
https://www.youtube.com/watch?v=5AjVbFXNHvE	2480	"20210204"	78	NA
https://www.youtube.com/watch?v=59oHu7WVVcc	16144	"20221102"	40041	NA
https://www.youtube.com/watch?v=5V7ODPbaqVo	10508	"20240829"	2347	[{"start_time": 0, "title": "Intro", "end_time": 52}, {"start_time": 52, "title": "Begin Archon Quest: Saying goodbye to Fontaine", "end_time": 391}, {"start_time": 391, "title": "Quest 1: Natlan! A New Adventure", "end_time": 4832}, {"start_time": 4832, "title": "Quest 2: Pilgrimage of the Return of the Sacred Flame", "end_time": 7454}, {"start_time": 7454, "title": "Quest 3: Home of the Hot Springs", "end_time": 10030}, {"start_time": 10030, "title": "Post-quest (ending of the Archon Quest)", "end_time": 10473}, {"start_time": 10473, "title": "Archon Quest Complete & Outro", "end_time": 10508}]
https://www.youtube.com/watch?v=5GnUSUuPbnI	6951	"20220928"	94446	NA
https://www.youtube.com/watch?v=52puKMUz-Gc	14675	"20251222"	1	NA
https://www.youtube.com/watch?v=5YQGc1SzKB4	5737	"20230917"	216	[{"start_time": 0, "end_time": 194, "title": "<Untitled Chapter 1>"}, {"start_time": 194, "title": "Wanderer\u2019s Trail", "end_time": 324}, {"start_time": 324, "title": "Bird\u2019s Eye View", "end_time": 590}, {"start_time": 590, "title": "Unexpected Power", "end_time": 615}, {"start_time": 615, "title": "Forest Rendezvous", "end_time": 889}, {"start_time": 889, "title": "Wind-Riding Knight", "end_time": 1229}, {"start_time": 1229, "title": "Going Upon the Breeze", "end_time": 1452}, {"start_time": 1452, "title": "The Art of Cooking", "end_time": 1806}, {"start_time": 1806, "title": "City of Freedom", "end_time": 2007}, {"start_time": 2007, "title": "Dragon Storm", "end_time": 2356}, {"start_time": 2356, "title": "Knights of Favonius", "end_time": 2877}, {"start_time": 2877, "title": "Sharpening the Axe Won\u2019t Hinder the Work", "end_time": 3633}, {"start_time": 3633, "title": "Winds of the Past", "end_time": 4453}, {"start_time": 4453, "title": "The Blessing of The Seven", "end_time": 4762}, {"start_time": 4762, "title": "Crash Course", "end_time": 5737}]
https://www.youtube.com/watch?v=5Svgc5M2Noo	15345	"20260814"	8	NA
https://www.youtube.com/watch?v=5g9opsmVAVg	3136	"20210412"	163	NA
https://www.youtube.com/watch?v=6MT0aW1bVGs	9266	"20260621"	28	NA
https://www.youtube.com/watch?v=6qyk-epYWGI	10963	"20241014"	44	NA
https://www.youtube.com/watch?v=6aQKq6ihyZU	13206	"20230816"	128563	NA
https://www.youtube.com/watch?v=6fitS-EdM1Q	9750	"20250106"	15556	NA
https://www.youtube.com/watch?v=6llJwgW39mc	3659	"20210722"	955	NA
https://www.youtube.com/watch?v=5c6plAdYjVM	15594	"20251216"	235	[{"start_time": 0, "title": "All Is Foretold", "end_time": 6438}, {"start_time": 6438, "title": "Dance of Death: Serpent and Scorpion", "end_time": 9652}, {"start_time": 9652, "title": "Echoes of Fate", "end_time": 15594}]
https://www.youtube.com/watch?v=70_DaxJY-Zw	9435	"20250112"	36157	NA
https://www.youtube.com/watch?v=6YfD2CqseQI	2910	"20210803"	63	NA
https://www.youtube.com/watch?v=6z6OoJeL69E	3559	"20260520"	89	NA
https://www.youtube.com/watch?v=7Igrm-ovnBM	7924	"20230208"	2	NA
https://www.youtube.com/watch?v=74_GYY26pYA	12232	"20210901"	3120	[{"start_time": 0, "end_time": 11373, "title": "<Untitled Chapter 1>"}, {"start_time": 11373, "title": "Archon Story Quest starts 32:23 - ends", "end_time": 12232}]
https://www.youtube.com/watch?v=7LyV3cqPohk	10030	"20241011"	5	NA
https://www.youtube.com/watch?v=7PDwGyOye18	8840	"20250327"	25	NA
https://www.youtube.com/watch?v=7hHrCpf_Xew	2074	"20210203"	58665	NA
https://www.youtube.com/watch?v=7isn35nl6pI	5860	"20230303"	2242	NA
https://www.youtube.com/watch?v=7zezXBLD5vg	4831	"20210522"	156	[{"start_time": 0, "title": "Jean confronting Fatui diplomat about Stormterror", "end_time": 177}, {"start_time": 177, "title": "Analyzing mysterious crystal", "end_time": 396}, {"start_time": 396, "title": "Talking to Paimon outside & seeing the green-clad dragon whisperer in Mondstat", "end_time": 540}, {"start_time": 540, "title": "Meeting Venti", "end_time": 925}, {"start_time": 925, "title": "Following Venti to the Symbol of Mondstat's Heroes", "end_time": 1326}, {"start_time": 1326, "title": "Helping venti get the Holy Lyre", "end_time": 1412}, {"start_time": 1412, "title": "Venti claims to be Barbatos", "end_time": 1740}, {"start_time": 1740, "title": "Sneak 100", "end_time": 1820}, {"start_time": 1820, "title": "Cicin mage appears & hiding in Diluc's tavern", "end_time": 2298}, {"start_time": 2298, "title": "Jean joins the gang", "end_time": 2605}, {"start_time": 2605, "title": "Entering Fatui hideout", "end_time": 3166}, {"start_time": 3166, "title": "Retrieving the Holy Lyre", "end_time": 3255}, {"start_time": 3255, "title": "Returning to the tavern with the Holy Lyre", "end_time": 3301}, {"start_time": 3301, "title": "EHE TE NANDAYO (English)", "end_time": 3610}, {"start_time": 3610, "title": "Getting Dvalin's tears (ruins)", "end_time": 3682}, {"start_time": 3682, "title": "Jean and Diluc had pet turtles", "end_time": 3720}, {"start_time": 3720, "title": "Getting Dvalin's tears (domain)", "end_time": 4090}, {"start_time": 4090, "title": "Retrieving Dvalins tear at the end of the domain + dialogue", "end_time": 4158}, {"start_time": 4158, "title": "Diluc would rather suffer the wrath of rock than join the Fatui", "end_time": 4195}, {"start_time": 4195, "title": "Getting Dvalin's tears (hilichurl camp)", "end_time": 4227}, {"start_time": 4227, "title": "Assembling at Dawn Winery", "end_time": 4554}, {"start_time": 4554, "title": "Summoning Dvalin at Starsnatch Cliff", "end_time": 4777}, {"start_time": 4777, "title": "Leader of the Abyss revealed (or at least one of them)", "end_time": 4831}]
https://www.youtube.com/watch?v=8-aswHoqZy0	3746	"20210620"	262	NA
https://www.youtube.com/watch?v=7zFj9KAXVMI	6737	"20220928"	63285	NA
https://www.youtube.com/watch?v=8KlKG5abhVg	2672	"20210726"	165	NA
https://www.youtube.com/watch?v=87JJ-Wtv2Qc	11534	"20250106"	40	NA
https://www.youtube.com/watch?v=82Q_oSbZ0U4	12613	"20250101"	15384	NA
https://www.youtube.com/watch?v=8YM1Uu4IBGo	3297	"20210723"	11	NA
https://www.youtube.com/watch?v=8apRQNx1is0	8553	"20250508"	21	NA
https://www.youtube.com/watch?v=8oa4ywZyiOg	3543	"20220331"	19	NA
https://www.youtube.com/watch?v=8ouOCNop5h8	3602	"20260109"	36	NA
https://www.youtube.com/watch?v=8qw28ps5IhM	10905	"20231014"	74	NA
https://www.youtube.com/watch?v=91pAaFXDDag	15401	"20260812"	17879	NA
https://www.youtube.com/watch?v=8YCtVELE3Lw	14453	"20250107"	1264	NA
https://www.youtube.com/watch?v=8nrydY8PcNs	9289	"20251204"	14	NA
https://www.youtube.com/watch?v=9OLA7-5WpOo	12393	"20260128"	5	[{"start_time": 0, "end_time": 2, "title": "<Untitled Chapter 1>"}, {"start_time": 2, "title": "Quest Start - the Doctor trying to get the Traveller in his side", "end_time": 177}, {"start_time": 177, "title": "Cutscene - Traveller Escaping from the Doctor", "end_time": 276}, {"start_time": 276, "title": "Chat with Wanderer ,Albedo and Durin", "end_time": 407}, {"start_time": 407, "title": "Everyone getting together in the Curatorium", "end_time": 873}, {"start_time": 873, "title": "Columbina in the Moon's Reflection and Meeting Rerir", "end_time": 1561}, {"start_time": 1561, "title": "Columbina meeting Tholindis", "end_time": 2160}, {"start_time": 2160, "title": "Everyone trying to find a way to get Columbina back", "end_time": 2496}, {"start_time": 2496, "title": "Traveller chat with Wanderer", "end_time": 2847}, {"start_time": 2847, "title": "Chat with Sandrone ,Albedo and Durin", "end_time": 3436}, {"start_time": 3436, "title": "Columbina meeting the Moon Sisters Aria, Sonnet and Canon", "end_time": 4085}, {"start_time": 4085, "title": "Sandrone investigating the Moon's", "end_time": 4229}, {"start_time": 4229, "title": "Everyone finding a way to get Columbina back", "end_time": 4916}, {"start_time": 4916, "title": "Nefer looking into Columbina's Vision through Luonnotar", "end_time": 5491}, {"start_time": 5491, "title": "Columbina getting the Trilune Authority", "end_time": 5833}, {"start_time": 5833, "title": "Cutscene - Columbina leaving the Moon's Reflection", "end_time": 5914}, {"start_time": 5914, "title": "Chat with Everyone", "end_time": 6111}, {"start_time": 6111, "title": "Varka chat with Nicole", "end_time": 6404}, {"start_time": 6404, "title": "Chat with Sandrone", "end_time": 6578}, {"start_time": 6578, "title": "Chat with Albedo and Durin", "end_time": 6648}, {"start_time": 6648, "title": "Chat with Flins", "end_time": 6716}, {"start_time": 6716, "title": "Chat with Lauma and Nefer", "end_time": 6808}, {"start_time": 6808, "title": "Battle with arriving enemies", "end_time": 7082}, {"start_time": 7082, "title": "The Doctor entry", "end_time": 7134}, {"start_time": 7134, "title": "Cutscene - Battle with the Doctor Start", "end_time": 7613}, {"start_time": 7613, "title": "Sandrone entering the Battlefield", "end_time": 7697}, {"start_time": 7697, "title": "Cutscene - Sandrone Saving the Traveller by Sacrificing herself", "end_time": 8003}, {"start_time": 8003, "title": "Cutscene - Nicole , Varka and Arlecchino Pulling the Moon Down into the false Sky and Columbina comes back", "end_time": 8198}, {"start_time": 8198, "title": "Traveller and Columbina battle with the Doctor", "end_time": 8264}, {"start_time": 8264, "title": "Columbina gives the Traveller with the Power of the new Moon", "end_time": 8355}, {"start_time": 8355, "title": "Cutscene - Defeating the Doctor", "end_time": 8529}, {"start_time": 8529, "title": "Everyone returning to Nasha Town", "end_time": 8935}, {"start_time": 8935, "title": "Chat with Ineffa and Aino", "end_time": 9066}, {"start_time": 9066, "title": "Flins chat with Illuga", "end_time": 9266}, {"start_time": 9266, "title": "Everyone in Nod-Krai in a League Meeting", "end_time": 9671}, {"start_time": 9671, "title": "Chat with Nicole", "end_time": 9903}, {"start_time": 9903, "title": "Chat with Wanderer and Arlecchino at the Port", "end_time": 10354}, {"start_time": 10354, "title": "Chat with Columbina", "end_time": 10653}, {"start_time": 10653, "title": "Going to the Moon with Columbina", "end_time": 10984}, {"start_time": 10984, "title": "On the Moon with Columbina", "end_time": 11383}, {"start_time": 11383, "title": "Traveller showing Columbina his new Outfit", "end_time": 12109}, {"start_time": 12109, "title": "Varka writing a letter to Jean", "end_time": 12278}, {"start_time": 12278, "title": "Reading Sandrone's Notes", "end_time": 12393}]
https://www.youtube.com/watch?v=9htfIgPxS04	25174	"20260628"	380	NA
https://www.youtube.com/watch?v=9i2wjI7OjfM	12023	"20260118"	187	NA
https://www.youtube.com/watch?v=9otAn9NNkwo	9010	"20241119"	77	[{"start_time": 0, "title": "All Names are Noble", "end_time": 1684}, {"start_time": 1684, "title": "To Whence the Smoke Drifts", "end_time": 5533}, {"start_time": 5533, "title": "The Flickering Light Splits in Twain", "end_time": 9010}]
https://www.youtube.com/watch?v=9YHDuzmsDzo	9238	"20260201"	15	NA
https://www.youtube.com/watch?v=9s_Tx49YhEU	10397	"20210721"	252838	[{"start_time": 0, "end_time": 377, "title": "<Untitled Chapter 1>"}, {"start_time": 377, "title": "The Outlander Affairs Agency", "end_time": 767}, {"start_time": 767, "title": "The International Trade Association", "end_time": 5916}, {"start_time": 5916, "title": "Joining the Treasure Hoarders", "end_time": 10397}]
https://www.youtube.com/watch?v=9sv_zUmGYd0	11709	"20250812"	10	NA
https://www.youtube.com/watch?v=A5OQx4KYquk	15995	"20260812"	129474	NA
https://www.youtube.com/watch?v=AHJB9Af-Ebg	8215	"20230930"	101	NA
https://www.youtube.com/watch?v=AIr0tr9HYvo	8857	"20251214"	127	[{"start_time": 0, "title": "Hidden in the Shadows", "end_time": 2460}, {"start_time": 2460, "title": "Special Operation", "end_time": 5452}, {"start_time": 5452, "title": "Everlasting As the Moon", "end_time": 8857}]
https://www.youtube.com/watch?v=AXlIDVkKWq4	17976	"20221102"	5472	[{"start_time": 0, "title": "The plan", "end_time": 275}, {"start_time": 275, "title": "Alhaitam", "end_time": 890}, {"start_time": 890, "title": "Cyno & Rahman", "end_time": 2120}, {"start_time": 2120, "title": "Dehya", "end_time": 4550}, {"start_time": 4550, "title": "Final Meeting", "end_time": 4984}, {"start_time": 4984, "title": "Executing the Plan", "end_time": 9030}, {"start_time": 9030, "title": "Freeing Nahida", "end_time": 9930}, {"start_time": 9930, "title": "Confronting Balladeer as an Archon God", "end_time": 10760}, {"start_time": 10760, "title": "Irminsul Tree", "end_time": 12180}, {"start_time": 12180, "title": "Aftermath", "end_time": 13192}, {"start_time": 13192, "title": "Waking up", "end_time": 14076}, {"start_time": 14076, "title": "Afterparty Errands", "end_time": 16072}, {"start_time": 16072, "title": "Afterparty Starts", "end_time": 17212}, {"start_time": 17212, "title": "Ending & Meeting Nahida", "end_time": 17976}]
https://www.youtube.com/watch?v=AjBaWXjQV8Q	1024	"20250522"	2	NA
https://www.youtube.com/watch?v=AwG1a-vidq8	6083	"20250619"	40	NA
https://www.youtube.com/watch?v=Anbii96NMgw	14180	"20260812"	1779	NA
https://www.youtube.com/watch?v=AHXjM85B0to	4669	"20240606"	12	NA
https://www.youtube.com/watch?v=AhT65ZX4Y3U	3700	"20220402"	28	NA
https://www.youtube.com/watch?v=AjYCFGNM8Ok	13048	"20260813"	17	NA
https://www.youtube.com/watch?v=C6yfo7HbwBk	12011	"20241021"	316	NA
https://www.youtube.com/watch?v=C-ublZk9rMs	14437	"20260221"	779	NA
https://www.youtube.com/watch?v=CGRJkGA9dko	10990	"20240830"	1084	NA
https://www.youtube.com/watch?v=CSUPUBlF-ro	3387	"20251103"	33	NA
https://www.youtube.com/watch?v=CkP88uSXTww	9220	"20260520"	24880	[{"start_time": 0, "title": "1 Where Flowers Awaken", "end_time": 1729}, {"start_time": 1729, "title": "2 A Divergence Leading to Oneself", "end_time": 5775}, {"start_time": 5775, "title": "3 Ancient Shadows Re-Emerge", "end_time": 9220}]
https://www.youtube.com/watch?v=CpJUjIwimLk	26787	"20260622"	263	[{"start_time": 0, "title": "As All Falls to Emptiness", "end_time": 15}, {"start_time": 15, "title": "Where Flowers Awaken", "end_time": 1844}, {"start_time": 1844, "title": "A Divergence Leading to Oneself", "end_time": 6424}, {"start_time": 6424, "title": "Ancient Shadows Re-Emerge", "end_time": 7623}, {"start_time": 7623, "title": "Collei's Mystery", "end_time": 10742}, {"start_time": 10742, "title": "Of Myriad Paths, Flux, and Dissolution", "end_time": 10752}, {"start_time": 10752, "title": "Darkness Looming", "end_time": 13993}, {"start_time": 13993, "title": "Truth Amongst the Pages of Purana", "end_time": 16190}, {"start_time": 16190, "title": "A Tower Unto Wisdom and Folly", "end_time": 18547}, {"start_time": 18547, "title": "Truth Amongst the Pages of Purana", "end_time": 23677}, {"start_time": 23677, "title": "Your Past Is Like a Garden", "end_time": 26787}]
https://www.youtube.com/watch?v=CozS1xZdT6Q	7749	"20251027"	3	NA
https://www.youtube.com/watch?v=Cc9rtktenJk	3315	"20220330"	32778	NA
https://www.youtube.com/watch?v=CqMr_31HCuM	12968	"20250910"	73202	NA
https://www.youtube.com/watch?v=DiFAAwXCXnI	2627	"20260114"	9	NA
https://www.youtube.com/watch?v=DjqoFROhwFk	9973	"20250105"	6992	NA
https://www.youtube.com/watch?v=DoIj4lMsK-E	4653	"20240605"	99816	NA
https://www.youtube.com/watch?v=Cxa1C5DAfgc	2552	"20251026"	8	NA
https://www.youtube.com/watch?v=Dg-QcOJedpI	388	"20240919"	54	NA
https://www.youtube.com/watch?v=DqlVzdqtYiY	7224	"20250618"	28307	[{"start_time": 0, "title": "1 The Key That Unlocks Fate", "end_time": 1394}, {"start_time": 1394, "title": "2 Savior", "end_time": 4042}, {"start_time": 4042, "title": "3 A Space and Time Without You", "end_time": 7224}]
https://www.youtube.com/watch?v=D5FOtwt-JWw	1000	"20210913"	181	NA
https://www.youtube.com/watch?v=DwClXEreyAY	5219	"20220827"	541	[{"start_time": 0, "title": "The Coming of the Sabzeruz Festival", "end_time": 751}, {"start_time": 751, "title": "The Arrival of the Sabzeruz Festival", "end_time": 1321}, {"start_time": 1321, "title": "The Continuation of the Sabzeruz Festival", "end_time": 2779}, {"start_time": 2779, "title": "The Causality of the Sabzeruz Festival", "end_time": 3971}, {"start_time": 3971, "title": "The End of the Sabzeruz Festival", "end_time": 5121}, {"start_time": 5121, "title": "Dawn", "end_time": 5219}]
https://www.youtube.com/watch?v=ECD5GYdkYZY	3768	"20260528"	15	[{"start_time": 0, "end_time": 16, "title": "<Untitled Chapter 1>"}, {"start_time": 16, "title": "Abyss Mage", "end_time": 420}, {"start_time": 420, "title": "Hurdle", "end_time": 753}, {"start_time": 753, "title": "Empty Abode", "end_time": 1045}, {"start_time": 1045, "title": "Light Guiding Ceremony", "end_time": 1769}, {"start_time": 1769, "title": "Calm Before the Storm", "end_time": 1896}, {"start_time": 1896, "title": "A Long Shot", "end_time": 2691}, {"start_time": 2691, "title": "When the Wind Dies Down", "end_time": 3111}, {"start_time": 3111, "title": "Ending Note", "end_time": 3768}]
https://www.youtube.com/watch?v=EIiBjrXo3o4	9144	"20220827"	64720	NA
https://www.youtube.com/watch?v=EywimS3FZd0	11186	"20260531"	11	NA
https://www.youtube.com/watch?v=F4A3XUoKD4U	12038	"20251205"	15	[{"start_time": 0, "end_time": 14, "title": "<Untitled Chapter 1>"}, {"start_time": 14, "title": "1. Where Does Her Name Rest?", "end_time": 1065}, {"start_time": 1065, "title": "Go Through the Gate Nicole Opened", "end_time": 1495}, {"start_time": 1495, "title": "Examine the Painting on the Wall", "end_time": 1955}, {"start_time": 1955, "title": "Find a Way to Activate the Device", "end_time": 2275}, {"start_time": 2275, "title": "Go to the Silvermoon Hall", "end_time": 3195}, {"start_time": 3195, "title": "2. The Night the Moon Returns Home", "end_time": 3530}, {"start_time": 3530, "title": "Play \"Hexenzirkel: Dodoco's Whirly Gig\"", "end_time": 3832}, {"start_time": 3832, "title": "Take Part in the Three Witches' Festival Booth", "end_time": 5482}, {"start_time": 5482, "title": "Play \"Hexenzirkel: Tale Ring Saga\"", "end_time": 6082}, {"start_time": 6082, "title": "Mini game 1", "end_time": 6332}, {"start_time": 6332, "title": "Mini game 2", "end_time": 6712}, {"start_time": 6712, "title": "Play \"Nasha Town: Bitey the Frostfin Whale\"", "end_time": 7326}, {"start_time": 7326, "title": "Nasha Town: Hundred-Flavored Moon-Prayer Candy", "end_time": 7489}, {"start_time": 7489, "title": "Nasha Town: Kuuhenki Concentration", "end_time": 8239}, {"start_time": 8239, "title": "Frostmoon Scions' Photo booth", "end_time": 8343}, {"start_time": 8343, "title": "Play \"Frostmoon Scions: Balloonimals\"", "end_time": 8741}, {"start_time": 8741, "title": "Frosmoon Scions: Spirit Sugar Sculptures", "end_time": 9411}, {"start_time": 9411, "title": "Play \"Frosmoon Scions: Wishing Slips\"", "end_time": 10841}, {"start_time": 10841, "title": "3. Return to the Moon", "end_time": 11271}, {"start_time": 11271, "title": "Discuss What to do With your Companions", "end_time": 12018}, {"start_time": 12018, "title": "Go Outside and Gaze at the Moon", "end_time": 12038}]
https://www.youtube.com/watch?v=F6h2a_8A72E	4529	"20230301"	148363	NA
https://www.youtube.com/watch?v=ELEzUqMtjWo	10401	"20230819"	594	[{"start_time": 0, "title": "Like the Faint Moonlight of Yesteryear", "end_time": 2064}, {"start_time": 2064, "title": "The Truth, Lost With the Rain", "end_time": 5366}, {"start_time": 5366, "title": "When All Return to the Waters", "end_time": 10401}]
https://www.youtube.com/watch?v=FDJI4Qt9kgQ	10161	"20240901"	3064	[{"start_time": 0, "title": "Intro", "end_time": 22}, {"start_time": 22, "title": "Begin Archon Quest", "end_time": 350}, {"start_time": 350, "title": "Quest 1: A Decision", "end_time": 1732}, {"start_time": 1732, "title": "Scene: Mavuika vs. The Captain", "end_time": 2218}, {"start_time": 2218, "title": "Quest 2: To Reclaim an Ancient Name", "end_time": 4632}, {"start_time": 4632, "title": "Quest 3: Echoes of Life", "end_time": 5874}, {"start_time": 5874, "title": "Quest Domain: Remnants of the Secret Source", "end_time": 7925}, {"start_time": 7925, "title": "Quest 4: Past and Future", "end_time": 9343}, {"start_time": 9343, "title": "Post-quest", "end_time": 10140}, {"start_time": 10140, "title": "Outro", "end_time": 10161}]
https://www.youtube.com/watch?v=F_1LmyALAwc	11625	"20251002"	36	NA
https://www.youtube.com/watch?v=FTJ_dCa68os	14152	"20251101"	151	[{"start_time": 0, "title": "Intro", "end_time": 5}, {"start_time": 5, "title": "Return to the base", "end_time": 60}, {"start_time": 60, "title": "Talk to Paimon, Lauma and Flins", "end_time": 104}, {"start_time": 104, "title": "Albedo and Durin Begins", "end_time": 339}, {"start_time": 339, "title": "Start - An Elegy for Faded Moonlight - Dainsleif appears", "end_time": 810}, {"start_time": 810, "title": "Columbina appears - Talking Together to Defeat Racher of Solnari - Rerir", "end_time": 1626}, {"start_time": 1626, "title": "Talk to Nefer", "end_time": 1993}, {"start_time": 1993, "title": "Sit before the Office Table", "end_time": 2028}, {"start_time": 2028, "title": "Writing...", "end_time": 2354}, {"start_time": 2354, "title": "Look for Vedrfolnir", "end_time": 2566}, {"start_time": 2566, "title": "Investigate the black mist in the space", "end_time": 2773}, {"start_time": 2773, "title": "Return to the office", "end_time": 2961}, {"start_time": 2961, "title": "Go to the training room", "end_time": 2996}, {"start_time": 2996, "title": "Begin training", "end_time": 3095}, {"start_time": 3095, "title": "Investigate the black mist in the space", "end_time": 3240}, {"start_time": 3240, "title": "Return to the office", "end_time": 3409}, {"start_time": 3409, "title": "Head to the corridor", "end_time": 3711}, {"start_time": 3711, "title": "Chess - Talk to Dainsleif", "end_time": 3776}, {"start_time": 3776, "title": "Follow Dainsleif", "end_time": 4200}, {"start_time": 4200, "title": "Investigate the black mist on the board", "end_time": 4420}, {"start_time": 4420, "title": "Examine the other dark fog", "end_time": 4650}, {"start_time": 4650, "title": "Head to the palace", "end_time": 4885}, {"start_time": 4885, "title": "Head to the prison", "end_time": 5400}, {"start_time": 5400, "title": "Hurry to the Universitas Magistrorum", "end_time": 5501}, {"start_time": 5501, "title": "Defeat the monsters", "end_time": 5604}, {"start_time": 5604, "title": "Go to where Tholindis is", "end_time": 5681}, {"start_time": 5681, "title": "Cutscene", "end_time": 5983}, {"start_time": 5983, "title": "Another Scene...", "end_time": 6379}, {"start_time": 6379, "title": "Dance of Death: Serpent and Scorpion - Continue exploring", "end_time": 6435}, {"start_time": 6435, "title": "Talk to Apepi", "end_time": 6621}, {"start_time": 6621, "title": "Continue exploring", "end_time": 6934}, {"start_time": 6934, "title": "Talk to advisor", "end_time": 7126}, {"start_time": 7126, "title": "Look for the box containing the letters", "end_time": 7628}, {"start_time": 7628, "title": "Bid farewell to Katayoun", "end_time": 7789}, {"start_time": 7789, "title": "Continue exploring", "end_time": 8590}, {"start_time": 8590, "title": "Cutscene", "end_time": 8781}, {"start_time": 8781, "title": "Exit.....", "end_time": 9648}, {"start_time": 9648, "title": "Echoes of Fate - Discuss the plan with everyone", "end_time": 10320}, {"start_time": 10320, "title": "Hiisi Island", "end_time": 10554}, {"start_time": 10554, "title": "Go to the Frostmoon Enclave", "end_time": 10975}, {"start_time": 10975, "title": "Go to the agreed location", "end_time": 11185}, {"start_time": 11185, "title": "Defeat the \"Racher of Solnari\" Rerir", "end_time": 14152}]
https://www.youtube.com/watch?v=FdDP-hk7plw	9603	"20230819"	29695	NA
https://www.youtube.com/watch?v=FfIXAtTeVeM	8418	"20220928"	112390	NA
https://www.youtube.com/watch?v=FxGEA5O-LWs	6386	"20220930"	52	NA
https://www.youtube.com/watch?v=G0X0tDTP4aQ	24182	"20260814"	33152	NA
https://www.youtube.com/watch?v=GChpMNS2now	8936	"20260117"	160	NA
https://www.youtube.com/watch?v=FjDMtWqvfwk	11333	"20260202"	31	[{"start_time": 0, "title": "Moonless Night", "end_time": 1724}, {"start_time": 1724, "title": "Where Our Time and Space Intersect", "end_time": 7211}, {"start_time": 7211, "title": "Tracing the Footsteps of the Past", "end_time": 11333}]
https://www.youtube.com/watch?v=GHfMkOq4WzY	8299	"20250812"	80	NA
https://www.youtube.com/watch?v=FfUuRSLlYgc	13203	"20251105"	75	[{"start_time": 0, "title": "All Is Foretold (Albedo, Durin, and Dain join our yapping club)", "end_time": 1496}, {"start_time": 1496, "title": "Rerir's Memories Psychoanalysis, Session 2", "end_time": 2824}, {"start_time": 2824, "title": "What in the Star Wars was that?", "end_time": 2941}, {"start_time": 2941, "title": "Couples Psychoanalysis Continues", "end_time": 3544}, {"start_time": 3544, "title": "Time to Play Some Chess", "end_time": 4856}, {"start_time": 4856, "title": "On the Way to Dain's Trauma", "end_time": 5104}, {"start_time": 5104, "title": "Tholindis and The Five Sinners Cut Scene", "end_time": 5357}, {"start_time": 5357, "title": "Finally, we are leaving this place (or are we?)", "end_time": 5587}, {"start_time": 5587, "title": "Nefer Story Quest (Dance of Death: Serpents and Scorpion)", "end_time": 7980}, {"start_time": 7980, "title": "Cut Scene! Being Saved From the Cat (real danger, trust)", "end_time": 8166}, {"start_time": 8166, "title": "Lessons Learned", "end_time": 8738}, {"start_time": 8738, "title": "Varka Being a Gentleman", "end_time": 8771}, {"start_time": 8771, "title": "Yapping, I mean, Planning Session Begins", "end_time": 8997}, {"start_time": 8997, "title": "Echoes of Fate (SHOULD HAVE BEEN ACT V!)", "end_time": 9306}, {"start_time": 9306, "title": "KAVEH MENTIONED (Dori lore dropping, Alice told you what?)", "end_time": 9560}, {"start_time": 9560, "title": "Durin and Albedo", "end_time": 9761}, {"start_time": 9761, "title": "Varka is not going to fight but Lauma is? mkay", "end_time": 9859}, {"start_time": 9859, "title": "Dain Columbina Trauma Bonding Moment", "end_time": 10141}, {"start_time": 10141, "title": "I Insist It Should Have Been a Separate Act", "end_time": 10270}, {"start_time": 10270, "title": "Unpacking The One and Only 24k Gold Labubu Rerir", "end_time": 10659}, {"start_time": 10659, "title": "Nefer is Nefering", "end_time": 10767}, {"start_time": 10767, "title": "THE CUT SCENE, ZAIJIAN STUPID RACHER OF STUPID SOLNARI", "end_time": 10995}, {"start_time": 10995, "title": "First Aid Lauma", "end_time": 11225}, {"start_time": 11225, "title": "The Flagship Yapping Club", "end_time": 11839}, {"start_time": 11839, "title": "FORESHADOWING SURPRISE ATTACKS", "end_time": 11917}, {"start_time": 11917, "title": "More Bar Yapping (man, they LOVE to talk, don't they)", "end_time": 12422}, {"start_time": 12422, "title": "You Thought You Were Free? THINK AGAIN, TEA PARTY TIME, SIT DOWN", "end_time": 12494}, {"start_time": 12494, "title": "Sandrone Talks Fontaine Lore????? (UNCALLED FOR, UNRELATED, STOP THIS, WHAT IS WRONG WITH YOU)", "end_time": 13098}, {"start_time": 13098, "title": "Rewards and Post-credits Scene With the Knights of Favonius", "end_time": 13203}]
https://www.youtube.com/watch?v=GJU3w3jbpOU	16385	"20260816"	215	[{"start_time": 0, "title": "1 The White Curtain Falls", "end_time": 1911}, {"start_time": 1911, "title": "2 Lelek's Confession", "end_time": 4921}, {"start_time": 4921, "title": "3 Winter's Mysterious Silence", "end_time": 7492}, {"start_time": 7492, "title": "4 Wraith's Nocturne", "end_time": 12657}, {"start_time": 12657, "title": "5 Mistilteinn", "end_time": 16385}]
https://www.youtube.com/watch?v=Gc0GVk9GHKA	6421	"20260107"	13	[{"start_time": 0, "title": "CHAPTER 3 ACT III: Dreams, Emptiness, Deception", "end_time": 12}, {"start_time": 12, "title": "Like a Triumphant Hero", "end_time": 2694}, {"start_time": 2694, "title": "The Gaze From a Certain God", "end_time": 4102}, {"start_time": 4102, "title": "The Four at Loggerheads", "end_time": 6421}]
https://www.youtube.com/watch?v=HCOuGk3kqWs	17440	"20250916"	6048	[{"start_time": 0, "title": "Intro", "end_time": 34}, {"start_time": 34, "title": "Begin Nod-Krai Archon Quest Act I", "end_time": 89}, {"start_time": 89, "title": "Saying Goodbye to Natlan and going to Nod-Krai", "end_time": 335}, {"start_time": 335, "title": "Welcome to Nod-Krai", "end_time": 781}, {"start_time": 781, "title": "A Tour Guide to Nasha Town", "end_time": 1517}, {"start_time": 1517, "title": "Introduction of the character: Kyryll Chudomirovich Flins", "end_time": 1896}, {"start_time": 1896, "title": "Introduction of the character: Lauma", "end_time": 2240}, {"start_time": 2240, "title": "Another Tour Guide with Paimon", "end_time": 2473}, {"start_time": 2473, "title": "Katheryne in Nod-Krai is changing...? (Introduction of the character: Sandrone/Marionette)", "end_time": 2746}, {"start_time": 2746, "title": "Meeting Dori again in Nod-Krai", "end_time": 3215}, {"start_time": 3215, "title": "Quest 1: Where the Moon Rises", "end_time": 3590}, {"start_time": 3590, "title": "Introduction of the character: Aino", "end_time": 4198}, {"start_time": 4198, "title": "Going to the Frostmoon Enclave (Lauma's Residence)", "end_time": 6402}, {"start_time": 6402, "title": "Quest 2: Reunion Beneath the Moonlight", "end_time": 6759}, {"start_time": 6759, "title": "Meeting the Moon Maiden, Columbina/The Damselette (Kuutar)", "end_time": 7140}, {"start_time": 7140, "title": "Reuniting with Lumine... again...?", "end_time": 8420}, {"start_time": 8420, "title": "Quest 2 follow-through", "end_time": 8935}, {"start_time": 8935, "title": "Introduction of the characters: Nefer and Jahoda", "end_time": 10131}, {"start_time": 10131, "title": "Quest 2 follow-through 2", "end_time": 11954}, {"start_time": 11954, "title": "Quest 3: In the Shadows of Night", "end_time": 12738}, {"start_time": 12738, "title": "Stealth Mission with Jahoda", "end_time": 14980}, {"start_time": 14980, "title": "Vilemina's Betrayal", "end_time": 15515}, {"start_time": 15515, "title": "Fighting off against the Wild Hunt enemies...", "end_time": 15910}, {"start_time": 15910, "title": "Scene: Truth Woven in Moonlight", "end_time": 16045}, {"start_time": 16045, "title": "Post-Quest 3 (ending)", "end_time": 17300}, {"start_time": 17300, "title": "Nod-Krai Archon Quest Act I Completed", "end_time": 17344}, {"start_time": 17344, "title": "Forgot to open the Paha Isle...", "end_time": 17418}, {"start_time": 17418, "title": "Outro", "end_time": 17440}]
https://www.youtube.com/watch?v=HGMxM_1B-eM	14981	"20251022"	30389	[{"start_time": 0, "title": "1 All Is Foretold - Return to the base", "end_time": 583}, {"start_time": 583, "title": "2 Chat with everyone while you're waiting", "end_time": 1748}, {"start_time": 1748, "title": "3 Talk to Nefer", "end_time": 2158}, {"start_time": 2158, "title": "4 Sit beside the office table", "end_time": 2416}, {"start_time": 2416, "title": "5 Look for Vedrfolnir", "end_time": 2657}, {"start_time": 2657, "title": "6 Investigate the black mist in the space", "end_time": 2892}, {"start_time": 2892, "title": "7 Return to the office", "end_time": 3101}, {"start_time": 3101, "title": "8 Go to the training room", "end_time": 3597}, {"start_time": 3597, "title": "9 Head to the corridor", "end_time": 3923}, {"start_time": 3923, "title": "10 Talk to Dainsleif", "end_time": 4004}, {"start_time": 4004, "title": "11 Follow Dainsleif", "end_time": 4428}, {"start_time": 4428, "title": "12 Investigate the black mist on the board", "end_time": 4636}, {"start_time": 4636, "title": "13 Examine the other dark fog", "end_time": 4816}, {"start_time": 4816, "title": "14 Head to the palace", "end_time": 4936}, {"start_time": 4936, "title": "15 Head to the prison", "end_time": 5447}, {"start_time": 5447, "title": "16 Hurry to the Universitas Magistrorum", "end_time": 6497}, {"start_time": 6497, "title": "17 Dance of Death Serpent and Scorpion", "end_time": 10217}, {"start_time": 10217, "title": "18 Echoes of Fate", "end_time": 14981}]
https://www.youtube.com/watch?v=HP058p_WOJM	2237	"20251211"	4	NA
https://www.youtube.com/watch?v=HNHoFiSF6_w	20200	"20250801"	34	NA
https://www.youtube.com/watch?v=Hm_j109a5Os	6952	"20250618"	26892	NA
https://www.youtube.com/watch?v=HwW-6KLphT0	5174	"20220915"	399	NA
https://www.youtube.com/watch?v=GiD3tiAjQuU	2624	"20231110"	170	[{"start_time": 0, "title": "Navia Fell Cutscene", "end_time": 44}, {"start_time": 44, "title": "Inside the Primordial Water", "end_time": 367}, {"start_time": 367, "title": "Trial inside the Opera Epiclese", "end_time": 930}, {"start_time": 930, "title": "Neuvillette rescue Navia", "end_time": 1590}, {"start_time": 1590, "title": "Stone slates on the wall", "end_time": 1965}, {"start_time": 1965, "title": "Outside the Ruin", "end_time": 2151}, {"start_time": 2151, "title": "We meet Mona", "end_time": 2624}]
https://www.youtube.com/watch?v=IEUrV_JdGLE	15450	"20251022"	5	NA
https://www.youtube.com/watch?v=IZYzGhmL3Uc	31703	"20260521"	25227	NA
https://www.youtube.com/watch?v=I-99J977nNs	6784	"20211120"	410	NA
https://www.youtube.com/watch?v=Is00qjSssWc	3011	"20241202"	59	NA
https://www.youtube.com/watch?v=JGPzG7RWyok	11025	"20260218"	23	[{"start_time": 0, "title": "Arrival in Romaritime Harbor, Lyney & Lynette", "end_time": 580}, {"start_time": 580, "title": "The Court of Fontaine, Hydro Archon Furina", "end_time": 1925}, {"start_time": 1925, "title": "Charlotte & Freminet", "end_time": 2745}, {"start_time": 2745, "title": "Reunion with Tartaglia/Childe", "end_time": 3600}, {"start_time": 3600, "title": "The Magic Show Incident, Neuvillette Introduction", "end_time": 5110}, {"start_time": 5110, "title": "Trial of Lyney vs Furina, Navia Introduction", "end_time": 7740}, {"start_time": 7740, "title": "The Truth Revealed, Solving the case of the serial disappearances", "end_time": 11025}]
https://www.youtube.com/watch?v=Jd8LfVi9JZM	8655	"20260110"	15	[{"start_time": 0, "title": "CHAPTER 4 ACT IV: Cataclysm's Quickening", "end_time": 12}, {"start_time": 12, "title": "Into the Deepwater Murk", "end_time": 1790}, {"start_time": 1790, "title": "The Truth Shrouded in Shadow", "end_time": 4240}, {"start_time": 4240, "title": "Secret Keepers and Forbidden Zones", "end_time": 5293}, {"start_time": 5293, "title": "Calamitous Tread", "end_time": 7907}, {"start_time": 7907, "title": "A Moment's Respite", "end_time": 8655}]
https://www.youtube.com/watch?v=IZhhPoM3ENQ	4952	"20251125"	21	[{"start_time": 0, "title": "Rite of Descension", "end_time": 0}, {"start_time": 0, "title": "An Impromptu Change of Plan", "end_time": 0}, {"start_time": 0, "title": "Moulder of Mountains", "end_time": 0}, {"start_time": 0, "title": "Custodian of Clouds", "end_time": 0}, {"start_time": 0, "title": "Wangshu", "end_time": 0}, {"start_time": 0, "title": "Dust to Dust", "end_time": 4952}]
https://www.youtube.com/watch?v=Jot_zia-qqk	3084	"20210129"	688	[{"start_time": 0, "title": "Shadow Over Mondstadt", "end_time": 281}, {"start_time": 281, "title": "Unexpected Encounter", "end_time": 358}, {"start_time": 358, "title": "That Green Fellow", "end_time": 692}, {"start_time": 692, "title": "Let the Wind Lead", "end_time": 925}, {"start_time": 925, "title": "Venti's Plan", "end_time": 1264}, {"start_time": 1264, "title": "Venti's New Plan", "end_time": 1329}, {"start_time": 1329, "title": "Wild Escape", "end_time": 1642}, {"start_time": 1642, "title": "Behind the Scenes", "end_time": 1844}, {"start_time": 1844, "title": "Chasing Shadows", "end_time": 2176}, {"start_time": 2176, "title": "State of the Holy Lyre der Himmel", "end_time": 2436}, {"start_time": 2436, "title": "Fallen Tears", "end_time": 2537}, {"start_time": 2537, "title": "Stolen Tears", "end_time": 2554}, {"start_time": 2554, "title": "Hidden Tears", "end_time": 2667}, {"start_time": 2667, "title": "Crystal Tears", "end_time": 2812}, {"start_time": 2812, "title": "Reunion with the Dragon", "end_time": 3084}]
https://www.youtube.com/watch?v=IjLZlu4ky3A	3684	"20210629"	18783	NA
https://www.youtube.com/watch?v=JuPG8x67MfQ	6731	"20230927"	60	NA
https://www.youtube.com/watch?v=KG50HoPN1BE	8648	"20251211"	10	[{"start_time": 0, "title": "Intro", "end_time": 332}, {"start_time": 332, "title": "Let's visit Columbina", "end_time": 785}, {"start_time": 785, "title": "Go talk to Lauma", "end_time": 1419}, {"start_time": 1419, "title": "To Nasha Town with Varka", "end_time": 1652}, {"start_time": 1652, "title": "To the Curatorium: about phantoms", "end_time": 2045}, {"start_time": 2045, "title": "The spaceship at Starsand shoal", "end_time": 2622}, {"start_time": 2622, "title": "Team Durin", "end_time": 2940}, {"start_time": 2940, "title": "Regrouping at the Curatorium", "end_time": 3265}, {"start_time": 3265, "title": "Checking in on Columbina", "end_time": 3455}, {"start_time": 3455, "title": "Alice", "end_time": 3934}, {"start_time": 3934, "title": "Columbina", "end_time": 4402}, {"start_time": 4402, "title": "With Alice at Nasha Town", "end_time": 4780}, {"start_time": 4780, "title": "Columbina goes to Nasha Town", "end_time": 4963}, {"start_time": 4963, "title": "Columbina and team knights of Favonius", "end_time": 5072}, {"start_time": 5072, "title": "Go look for Nicole", "end_time": 5171}, {"start_time": 5171, "title": "Nicole", "end_time": 5960}, {"start_time": 5960, "title": "Searching for her name", "end_time": 6322}, {"start_time": 6322, "title": "Meet again at Nasha Town", "end_time": 6424}, {"start_time": 6424, "title": "Mr Guy, Akademiya representative", "end_time": 6671}, {"start_time": 6671, "title": "Team Varka; about Dottore", "end_time": 6996}, {"start_time": 6996, "title": "Columbina and the Fatui", "end_time": 7226}, {"start_time": 7226, "title": "Team Durin", "end_time": 7422}, {"start_time": 7422, "title": "Trying to change fate", "end_time": 7659}, {"start_time": 7659, "title": "Fail to protect him", "end_time": 7718}, {"start_time": 7718, "title": "Hello have you seen my daughter?", "end_time": 7842}, {"start_time": 7842, "title": "Hello I'm looking for...", "end_time": 7930}, {"start_time": 7930, "title": "Her books", "end_time": 8077}, {"start_time": 8077, "title": "Something changed", "end_time": 8416}, {"start_time": 8416, "title": "Hat's guy past", "end_time": 8586}, {"start_time": 8586, "title": "Alice's calling", "end_time": 8648}, {"start_time": 8648, "title": "End", "end_time": 8648}]
https://www.youtube.com/watch?v=KE2GOqI3MVA	2585	"20231110"	232	[{"start_time": 0, "title": "Furina and Neuvillette are engaged in an argument", "end_time": 337}, {"start_time": 337, "title": "Traveler and Neuvillette having a discussion", "end_time": 540}, {"start_time": 540, "title": "Convene in Poisson", "end_time": 1080}, {"start_time": 1080, "title": "Mage \"N\"", "end_time": 1343}, {"start_time": 1343, "title": "Encounter Mona Again", "end_time": 1834}, {"start_time": 1834, "title": "Take a leisurely stroll through the city", "end_time": 2585}]
https://www.youtube.com/watch?v=KT71hDb3Xm8	11601	"20211116"	545	NA
https://www.youtube.com/watch?v=KdC_8Nylvxo	5015	"20201231"	1370	NA
https://www.youtube.com/watch?v=KWflRWevNYQ	10383	"20240828"	35121	NA
https://www.youtube.com/watch?v=KVEDyWdwkfs	8745	"20230927"	24222	[{"start_time": 0, "title": "Into the Deepwater Murk", "end_time": 1226}, {"start_time": 1226, "title": "The Truth Shrouded in Shadow", "end_time": 3548}, {"start_time": 3548, "title": "Secret Keepers and Forbidden Zones", "end_time": 4760}, {"start_time": 4760, "title": "Calamitous Tread", "end_time": 7803}, {"start_time": 7803, "title": "A Moment's Respite", "end_time": 8745}]
https://www.youtube.com/watch?v=Kr25c6Ftaks	8445	"20260116"	10	[{"start_time": 0, "title": "CHAPTER 5 ACT III: Beyond the Smoke and Mirrors", "end_time": 12}, {"start_time": 12, "title": "All Names are Noble", "end_time": 1740}, {"start_time": 1740, "title": "To Whence the Smoke Drifts", "end_time": 5319}, {"start_time": 5319, "title": "The Flickering Light Splits in Twain", "end_time": 8445}]
https://www.youtube.com/watch?v=KswpmMk-lmA	5351	"20231001"	14	NA
https://www.youtube.com/watch?v=Kv-i12Rv1c8	11766	"20241019"	88	NA
https://www.youtube.com/watch?v=LJKBoj_QxJ0	5723	"20240610"	19036	[{"start_time": 0, "title": "Prelude - Bough Keeper: Dainsleif", "end_time": 1682}, {"start_time": 1682, "title": "Full Quest - We Will Be Reunited", "end_time": 5723}]
https://www.youtube.com/watch?v=LRwSgsIFNII	14433	"20251120"	148	NA
https://www.youtube.com/watch?v=LPl2wiUAOyc	2923	"20260115"	10	NA
https://www.youtube.com/watch?v=LWYK-hhFJrQ	5913	"20260701"	4	[{"start_time": 0, "end_time": 18, "title": "<Untitled Chapter 1>"}, {"start_time": 18, "title": "An Organization Known as Wangsheng", "end_time": 549}, {"start_time": 549, "title": "Moonfinger", "end_time": 1648}, {"start_time": 1648, "title": "Three Poignant Perfumes", "end_time": 2846}, {"start_time": 2846, "title": "The Realm Within", "end_time": 3624}, {"start_time": 3624, "title": "Downtown", "end_time": 4247}, {"start_time": 4247, "title": "Guizhong", "end_time": 5457}, {"start_time": 5457, "title": "Zhongli's Treat", "end_time": 5913}]
https://www.youtube.com/watch?v=KpiBbVpYkk4	5775	"20260518"	8	[{"start_time": 0, "title": "Intro", "end_time": 5}, {"start_time": 5, "title": "Talk to Masrur", "end_time": 247}, {"start_time": 247, "title": "Go to Djafar Tavern and look for Kaeya", "end_time": 912}, {"start_time": 912, "title": "Go to the place where Dainsleif mentioned", "end_time": 1084}, {"start_time": 1084, "title": "Enter the house to investigate", "end_time": 1098}, {"start_time": 1098, "title": "Investigate the interior of the house", "end_time": 1238}, {"start_time": 1238, "title": "Check out the situation outside", "end_time": 1248}, {"start_time": 1248, "title": "Defeat the attacking monsters", "end_time": 1369}, {"start_time": 1369, "title": "Light up the bonfire", "end_time": 1632}, {"start_time": 1632, "title": "Special Story - Look for Paimon inside the house", "end_time": 1750}, {"start_time": 1750, "title": "Go inside", "end_time": 2043}, {"start_time": 2043, "title": "Talk to Eide", "end_time": 2214}, {"start_time": 2214, "title": "Synthesize the Nameless Taboo medicine of the Royal Court (Collect at least 4 Kalpalata Lotuses and 4 Sumeru Roses)", "end_time": 2569}, {"start_time": 2569, "title": "Go to the nearby Statue of The Seven", "end_time": 2718}, {"start_time": 2718, "title": "Administer the dose of medicine to the hilichurl", "end_time": 2957}, {"start_time": 2957, "title": "Go to the waterfall to fetch some water", "end_time": 2997}, {"start_time": 2997, "title": "Give Eide the water", "end_time": 3076}, {"start_time": 3076, "title": "Defeat the attacking monsters", "end_time": 3172}, {"start_time": 3172, "title": "Synthesize the nameless Tarboo Medicine of the royal court", "end_time": 3223}, {"start_time": 3223, "title": "Go to the nearby Statue of The Seven", "end_time": 3270}, {"start_time": 3270, "title": "Follow the hilichurl", "end_time": 3361}, {"start_time": 3361, "title": "Follow the hilichurl to the cavern", "end_time": 3418}, {"start_time": 3418, "title": "Continue exploring", "end_time": 3887}, {"start_time": 3887, "title": "Defeat the Fortune Lector", "end_time": 4614}, {"start_time": 4614, "title": "Enter the cavern again", "end_time": 4663}, {"start_time": 4663, "title": "Go to the mysterious statue", "end_time": 4911}, {"start_time": 4911, "title": "Continue to search for Caribert", "end_time": 5076}, {"start_time": 5076, "title": "Use the clue to continue searching for Caribert", "end_time": 5775}]
https://www.youtube.com/watch?v=LceGxkzV69o	9106	"20240914"	12	NA
https://www.youtube.com/watch?v=Lt34rj8tUKE	10331	"20240829"	5	[{"start_time": 0, "end_time": 301, "title": "<Untitled Chapter 1>"}, {"start_time": 301, "title": "Natlan! A New Adventure", "end_time": 4093}, {"start_time": 4093, "title": "Pilgrimage of the Return of the Sacred Flame", "end_time": 6725}, {"start_time": 6725, "title": "Home of the Hot Springs", "end_time": 10331}]
https://www.youtube.com/watch?v=LkDCaJPf-ek	4221	"20220926"	6	[{"start_time": 0, "end_time": 1784, "title": "<Untitled Chapter 1>"}, {"start_time": 1784, "title": "Eleazar", "end_time": 2020}, {"start_time": 2020, "title": "Lunar Lotus", "end_time": 2102}, {"start_time": 2102, "title": "Withering Zone", "end_time": 2268}, {"start_time": 2268, "title": "Tumors of the Withering", "end_time": 4221}]
https://www.youtube.com/watch?v=Lwh0xK74e24	5847	"20230301"	985	[{"start_time": 0, "title": "Intro, meeting Kaeya", "end_time": 758}, {"start_time": 758, "title": "Off we go", "end_time": 1403}, {"start_time": 1403, "title": "What's going on?", "end_time": 5224}, {"start_time": 5224, "title": "Big story twist", "end_time": 5847}]
https://www.youtube.com/watch?v=MCfgP4d1U6w	2286	"20250812"	48	NA
https://www.youtube.com/watch?v=MC0PJWcK3S0	6720	"20240728"	3960	NA
https://www.youtube.com/watch?v=MKXUxfkMf4g	7806	"20250804"	22	NA
https://www.youtube.com/watch?v=MGVOfzFiKhU	16871	"20260813"	13906	NA
https://www.youtube.com/watch?v=MSY41wKTCpE	7990	"20221003"	55	[{"start_time": 0, "title": "Find Radical", "end_time": 2520}, {"start_time": 2520, "title": "Abandoned Hospital", "end_time": 4246}, {"start_time": 4246, "title": "Persuade Dehya Friends", "end_time": 5820}, {"start_time": 5820, "title": "Inside Domain", "end_time": 7080}, {"start_time": 7080, "title": "Closing", "end_time": 7990}]
https://www.youtube.com/watch?v=MYNfrY8-4BQ	13973	"20230818"	72	[{"start_time": 0, "title": "Part I \u2013 Soloist's Prologue", "end_time": 3450}, {"start_time": 3450, "title": "Part II \u2013 The City of Rains and Remembrance", "end_time": 7375}, {"start_time": 7375, "title": "Part III \u2013 Lies Cast Shadows Under Gathered Lights", "end_time": 13952}, {"start_time": 13952, "title": "Outro", "end_time": 13973}]
https://www.youtube.com/watch?v=MoGG7Ej2Fwg	16792	"20251024"	486	[{"start_time": 0, "title": "Intro", "end_time": 61}, {"start_time": 61, "title": "Act 1 Where the Moon Rises", "end_time": 7917}, {"start_time": 7917, "title": "Act 2 Reunion Beneath the Moonlight", "end_time": 15660}, {"start_time": 15660, "title": "Act 3 In the Shadows of Night", "end_time": 16792}]
https://www.youtube.com/watch?v=MW47dZPf29w	56257	"20250101"	299705	[{"start_time": 0, "title": "Act 1 - Flowers Resplendent on the Sun-Scorched Sojourn", "end_time": 9203}, {"start_time": 9203, "title": "Act 2 - Black Stone Under a White Stone", "end_time": 19358}, {"start_time": 19358, "title": "Act 3 - Beyond the Smoke and Mirrors", "end_time": 28947}, {"start_time": 28947, "title": "Act 4 - The Rainbow Destined to Burn", "end_time": 40348}, {"start_time": 40348, "title": "Act 5 Interlude - All Fires Fuel the Flame", "end_time": 43521}, {"start_time": 43521, "title": "Act 5 - Incandescent Ode of Resurrection", "end_time": 56257}]
https://www.youtube.com/watch?v=MpmXvHxd54E	10503	"20210721"	4603	NA
https://www.youtube.com/watch?v=N38tXEOOPoM	10774	"20210724"	4517	[{"start_time": 0, "title": "Intro", "end_time": 4}, {"start_time": 4, "title": "Beginning of the Archon Quest", "end_time": 140}, {"start_time": 140, "title": "Quest: Setting Sail", "end_time": 368}, {"start_time": 368, "title": "Visiting the 3rd nation, Inazuma", "end_time": 414}, {"start_time": 414, "title": "Meeting Thoma", "end_time": 558}, {"start_time": 558, "title": "Quest: Confessions of an Outlander", "end_time": 2626}, {"start_time": 2626, "title": "Quest: Ritou Escape Plan", "end_time": 3720}, {"start_time": 3720, "title": "Activating the first Statue of The Seven in Inazuma and Resonating with Electro", "end_time": 3930}, {"start_time": 3930, "title": "Going to the City of Inazuma", "end_time": 4186}, {"start_time": 4186, "title": "Quest: Three Wishes", "end_time": 4848}, {"start_time": 4848, "title": "Going to the Kamisato Estate", "end_time": 5072}, {"start_time": 5072, "title": "Quest: The Meaning of Meaningless Waiting", "end_time": 5836}, {"start_time": 5836, "title": "Quest: To Treat the Well-Meaning Well", "end_time": 7787}, {"start_time": 7787, "title": "Quest: A Swordmaster's Path Is Paved With Broken Blades", "end_time": 7843}, {"start_time": 7843, "title": "Meeting Yae Miko", "end_time": 8398}, {"start_time": 8398, "title": "Quest: A Flower Blooms in a Prison", "end_time": 8431}, {"start_time": 8431, "title": "Meeting Kamisato Ayaka", "end_time": 9070}, {"start_time": 9070, "title": "Meeting Yoimiya", "end_time": 9296}, {"start_time": 9296, "title": "Going to the Quest Domain", "end_time": 9769}, {"start_time": 9769, "title": "Meeting Kujou Sara", "end_time": 9988}, {"start_time": 9988, "title": "Leaving the Quest Domain", "end_time": 10155}, {"start_time": 10155, "title": "End of the Archon Quest", "end_time": 10565}, {"start_time": 10565, "title": "Upcoming Story Quest: Kamisato Ayaka (will be uploaded soon)", "end_time": 10754}, {"start_time": 10754, "title": "Outro", "end_time": 10774}]
https://www.youtube.com/watch?v=Mwjb3TiqOw0	8516	"20260520"	1730	NA
https://www.youtube.com/watch?v=N4cMCIbO7Us	16287	"20260108"	19	[{"start_time": 0, "title": "CHAPTER 3 ACT V: Akasha Pulses, the Kalpa Flame Rises", "end_time": 12}, {"start_time": 12, "title": "Through the Predawn Night", "end_time": 1962}, {"start_time": 1962, "title": "As by a God's Side", "end_time": 4601}, {"start_time": 4601, "title": "Jnagarbha Day", "end_time": 7966}, {"start_time": 7966, "title": "Where the Boat of Consciousness Lies", "end_time": 12701}, {"start_time": 12701, "title": "A Toast to Victory", "end_time": 16287}]
https://www.youtube.com/watch?v=NJOeJwrgRr8	17009	"20250910"	692	NA
https://www.youtube.com/watch?v=NWwJpOazA3Y	8798	"20251203"	3437	NA
https://www.youtube.com/watch?v=NYfU5cn0MwA	13348	"20241014"	9	NA
https://www.youtube.com/watch?v=NYKhNYs6bk0	6606	"20220330"	83246	[{"start_time": 0, "title": "In the Depths an Unexpected Reunion", "end_time": 3768}, {"start_time": 3768, "title": "The Grave of the Guarded", "end_time": 5035}, {"start_time": 5035, "title": "Memories of Inteyvat", "end_time": 5796}, {"start_time": 5796, "title": "The Black Serpent Knights", "end_time": 6606}]
https://www.youtube.com/watch?v=MFWtuWRiIlU	126471	"20260523"	67568	[{"start_time": 0, "title": "Prelude - The Journey Home", "end_time": 9007}, {"start_time": 9007, "title": "Act 1 - A Dance of Snowy Tides and Hoarfrost Groves", "end_time": 25361}, {"start_time": 25361, "title": "Act 2 - Elegy of Dust and Lamplight", "end_time": 37525}, {"start_time": 37525, "title": "Act 3 - A Nation That Doesn't Exist", "end_time": 45673}, {"start_time": 45673, "title": "Act 4 - An Elegy for Faded Moonlight", "end_time": 60495}, {"start_time": 60495, "title": "Act 5 - A Nocturne of the Far North", "end_time": 69715}, {"start_time": 69715, "title": "Act 6 - Melting Moonlight in the Morning Mist", "end_time": 80061}, {"start_time": 80061, "title": "Act 7 - A Traveler on a Winter's Night", "end_time": 90211}, {"start_time": 90211, "title": "Act 8 - True Moon", "end_time": 102875}, {"start_time": 102875, "title": "Act 9 - As All Falls to Emptiness", "end_time": 111111}, {"start_time": 111111, "title": "Act 10 - Of Myriad Paths, Flux, and Dissolution", "end_time": 115050}, {"start_time": 115050, "title": "Act 10 - Truth Amongst the Pages of Purana", "end_time": 126471}]
https://www.youtube.com/watch?v=NgwuQvvGvCM	9369	"20260225"	11	NA
https://www.youtube.com/watch?v=NyKl6BVDH2k	11250	"20260301"	15	NA
https://www.youtube.com/watch?v=O0FL7uUCZ3s	3001	"20210803"	883	[{"start_time": 0, "title": "Intro", "end_time": 4}, {"start_time": 4, "title": "Begin Archon Quest", "end_time": 201}, {"start_time": 201, "title": "Quest: Amidst Stormy Judgement", "end_time": 235}, {"start_time": 235, "title": "Encountering Raiden Shogun (w/ Scene)", "end_time": 356}, {"start_time": 356, "title": "Fighting against Raiden Shogun (w/ Scene)", "end_time": 549}, {"start_time": 549, "title": "Quest: In the Name of the Resistance", "end_time": 1214}, {"start_time": 1214, "title": "Meeting Gorou", "end_time": 1384}, {"start_time": 1384, "title": "Continuing the current quest", "end_time": 2602}, {"start_time": 2602, "title": "The Fight Scene", "end_time": 2703}, {"start_time": 2703, "title": "End of the Archon Quest (and meeting Sangonomiya Kokomi)", "end_time": 2980}, {"start_time": 2980, "title": "Outro", "end_time": 3001}]
https://www.youtube.com/watch?v=O3drNvF7fgg	3318	"20210630"	2405	NA
https://www.youtube.com/watch?v=OkBZQHr2HaY	2698	"20230913"	17	NA
https://www.youtube.com/watch?v=OsGi1Duzwpk	5764	"20201020"	67906	[{"start_time": 0, "title": "Rite of Descension", "end_time": 1274}, {"start_time": 1274, "title": "An Impromptu Change of Plan", "end_time": 1650}, {"start_time": 1650, "title": "Moulder of Mountains", "end_time": 2831}, {"start_time": 2831, "title": "Custodian of Clouds", "end_time": 4339}, {"start_time": 4339, "title": "Wangshu", "end_time": 5449}, {"start_time": 5449, "title": "Dust to Dust (Return to Liyue Harbor and find Childe)", "end_time": 5764}]
https://www.youtube.com/watch?v=OYQekUPOKt0	8909	"20230730"	82	NA
https://www.youtube.com/watch?v=Nzf16_tK4Oo	7810	"20210901"	75	NA
https://www.youtube.com/watch?v=NrILAkcVOTA	15494	"20251023"	73	NA
https://www.youtube.com/watch?v=OyDJVzBePcE	13292	"20250104"	13	NA
https://www.youtube.com/watch?v=P8HCmmjH3m0	4657	"20210215"	22214	NA
https://www.youtube.com/watch?v=PILeuTR-XL0	4803	"20260812"	14	NA
https://www.youtube.com/watch?v=Ot2ss2KlkTE	18865	"20221104"	274	NA
https://www.youtube.com/watch?v=P6p0xxKuwf4	193768	"20230801"	5013446	NA
https://www.youtube.com/watch?v=PK1hi04S7qk	11058	"20220211"	17	NA
https://www.youtube.com/watch?v=PKAGKB6K0JE	5264	"20210412"	978	[{"start_time": 0, "end_time": 2275, "title": "<Untitled Chapter 1>"}, {"start_time": 2275, "title": "The Cathedral", "end_time": 2579}, {"start_time": 2579, "title": "The Last Statue of the Seven", "end_time": 2613}, {"start_time": 2613, "title": "The Tyrant's Final Fury", "end_time": 4449}, {"start_time": 4449, "title": "The Abyss Herald", "end_time": 5264}]
https://www.youtube.com/watch?v=PSEGNwIOnCc	12164	"20251024"	9084	[{"start_time": 0, "title": "1 Fulminations and Undercurrents quest start", "end_time": 2607}, {"start_time": 2607, "title": "2 Fulminations and Undercurrents - Help Birgitta", "end_time": 3176}, {"start_time": 3176, "title": "3 Fulminations and Undercurrents - Conduct inspection", "end_time": 3300}, {"start_time": 3300, "title": "4 Fulminations and Undercurrents - Talk to Aino and Ineffa", "end_time": 3714}, {"start_time": 3714, "title": "5 Fulminations and Undercurrents - Go to Nasha Town", "end_time": 3928}, {"start_time": 3928, "title": "6 The Dark Side of Memory", "end_time": 5178}, {"start_time": 5178, "title": "7 One There Was, Who Hunted the Moon", "end_time": 8282}, {"start_time": 8282, "title": "8 The Ashen-White Order Burns", "end_time": 11549}, {"start_time": 11549, "title": "9 Rest Beyond Reach", "end_time": 12164}]
https://www.youtube.com/watch?v=PMBRWGd0Qko	15659	"20260813"	980	NA
https://www.youtube.com/watch?v=PZ-hdJ5TiZE	2652	"20230303"	6456	NA
https://www.youtube.com/watch?v=QAPRg0qGqTI	9118	"20260105"	10	[{"start_time": 0, "title": "CHAPTER 2 ACT I: The Immovable God and the Eternal Euthymia", "end_time": 149}, {"start_time": 149, "title": "Setting Sail", "end_time": 446}, {"start_time": 446, "title": "Confessions of an Outlander", "end_time": 2383}, {"start_time": 2383, "title": "Ritou Escape Plan", "end_time": 3284}, {"start_time": 3284, "title": "Three Wishes", "end_time": 3924}, {"start_time": 3924, "title": "The Meaning of Meaningless Waiting", "end_time": 4603}, {"start_time": 4603, "title": "To Treat the Well-Meaning Well", "end_time": 5525}, {"start_time": 5525, "title": "A Swordmaster's Path Is Paved With Broken Blades", "end_time": 6977}, {"start_time": 6977, "title": "A Flower Blooms in a Prison", "end_time": 9118}]
https://www.youtube.com/watch?v=PpWmGzy_AvA	11598	"20260116"	72	[{"start_time": 0, "title": "Intro - Find the way to make a breakthrough", "end_time": 534}, {"start_time": 534, "title": "Investigate the anomaly ahead", "end_time": 1135}, {"start_time": 1135, "title": "Continue onward", "end_time": 2065}, {"start_time": 2065, "title": "Other scene...", "end_time": 2391}, {"start_time": 2391, "title": "Talk to Marionette", "end_time": 3035}, {"start_time": 3035, "title": "Back to Columbina's scene... - Sonnet, Canon appear...", "end_time": 3119}, {"start_time": 3119, "title": "Meet the Three Moon Sisters", "end_time": 3594}, {"start_time": 3594, "title": "Back to Marionette's Scene", "end_time": 4504}, {"start_time": 4504, "title": "Tell the Three Moon Sisters about your decision", "end_time": 5507}, {"start_time": 5507, "title": "Saving... and Back to Marionette's Scene", "end_time": 5990}, {"start_time": 5990, "title": "Talk to Sandrone", "end_time": 6118}, {"start_time": 6118, "title": "Talk to your companions", "end_time": 6406}, {"start_time": 6406, "title": "Defend Nasha Town", "end_time": 6732}, {"start_time": 6732, "title": "Cutscene... Il Dottore Appears", "end_time": 6795}, {"start_time": 6795, "title": "Fight with Dottore", "end_time": 8215}, {"start_time": 8215, "title": "Back to Nasha Town", "end_time": 11317}, {"start_time": 11317, "title": "Traveller's New Costume Claimed!", "end_time": 11598}]
https://www.youtube.com/watch?v=PquwhPPYHoE	6664	"20220825"	127	NA
https://www.youtube.com/watch?v=Q1POKUPLG4c	9576	"20240912"	27	NA
https://www.youtube.com/watch?v=QFDRMqOtO7s	3316	"20250325"	13	NA
https://www.youtube.com/watch?v=QoKlm1j2heg	6452	"20260303"	13	NA
https://www.youtube.com/watch?v=RB-5bevjrLY	12720	"20230815"	41	NA
https://www.youtube.com/watch?v=RGepFcswmHI	20095	"20260117"	3	[{"start_time": 0, "title": "2:23:18 Act V A Nocturne of the Far North", "end_time": 8599}, {"start_time": 8599, "title": "3:16:46 Act VI Melting Moonlight in the Morning Mist", "end_time": 11807}, {"start_time": 11807, "title": "5:05:46 Enjoy Moon Prayer Night", "end_time": 18347}, {"start_time": 18347, "title": "5:30:21 Ending", "end_time": 19869}, {"start_time": 19869, "title": "5:34:54 After quest \"The Empty Courtyard\"", "end_time": 20095}]
https://www.youtube.com/watch?v=RHIJ6voYqu4	6381	"20250618"	22799	NA
https://www.youtube.com/watch?v=RZiN7BV7AeQ	15964	"20231108"	36	NA
https://www.youtube.com/watch?v=RjFKnthR8YM	3169	"20250424"	144	NA
https://www.youtube.com/watch?v=RYHSsLYHVpA	8251	"20260120"	7	[{"start_time": 0, "end_time": 2, "title": "<Untitled Chapter 1>"}, {"start_time": 2, "title": "Quest Start", "end_time": 63}, {"start_time": 63, "title": "Meeting Flins, Lauma, Jahoda, Ineffa and Aino at the Quarry", "end_time": 496}, {"start_time": 496, "title": "Going to the Frostmoon Enclave", "end_time": 621}, {"start_time": 621, "title": "Cutscene - Columbina and Rerir Fight", "end_time": 791}, {"start_time": 791, "title": "Escaping from Rerir", "end_time": 1268}, {"start_time": 1268, "title": "Fighting the Wild Hunt and Varka's Entry", "end_time": 1438}, {"start_time": 1438, "title": "Going to the Secret Base with Varka", "end_time": 2411}, {"start_time": 2411, "title": "Traveller and Columbina Going to Kuuvahki Experimental Design Bureau to meet Sandrone", "end_time": 2936}, {"start_time": 2936, "title": "Defending the Kuuvahki Experimental Design Bureau from Rerir's Attacks", "end_time": 3278}, {"start_time": 3278, "title": "Nefer, Lauma and Jahoda investigating Rerir's Past", "end_time": 5166}, {"start_time": 5166, "title": "Columbina and the Traveller going out from the Kuuvahki Experimental Design Bureau", "end_time": 5361}, {"start_time": 5361, "title": "Lyney, Freminet and Lynette in Kuuvahki Experimental Design Bureau to help Sandrone", "end_time": 5456}, {"start_time": 5456, "title": "Going to the Secret Base to share the Intel gathered", "end_time": 6173}, {"start_time": 6173, "title": "Traveller, Columbina and Arlecchino going to get the Crimson Moon Marrow", "end_time": 6790}, {"start_time": 6790, "title": "Going into the Portal to get the Moon Marrow", "end_time": 7790}, {"start_time": 7790, "title": "Cutscene - Going out of the Collapsing place", "end_time": 7895}, {"start_time": 7895, "title": "Chat with Arlecchino", "end_time": 8251}]
https://www.youtube.com/watch?v=RebULufgH6k	6922	"20250618"	77204	NA
https://www.youtube.com/watch?v=S5tHS32UU3g	15804	"20260525"	329	[{"start_time": 0, "title": "Darkness Looming", "end_time": 3348}, {"start_time": 3348, "title": "A Tower Unto Wisdom and Folly", "end_time": 7633}, {"start_time": 7633, "title": "Truth Amongst the Pages of Purana", "end_time": 12376}, {"start_time": 12376, "title": "Your Past Is Like a Gardenz", "end_time": 15804}]
https://www.youtube.com/watch?v=SAdH3xluTYA	3192	"20241122"	103	NA
https://www.youtube.com/watch?v=SoDJdDUEt00	6775	"20250907"	38	NA
https://www.youtube.com/watch?v=RwF_RWXhTfs	8323	"20240901"	8	NA
https://www.youtube.com/watch?v=SQ7zqTwc3mg	9844	"20231001"	23	NA
https://www.youtube.com/watch?v=S3YM8rHKalQ	12228	"20260114"	238	NA
https://www.youtube.com/watch?v=T58ofcKufXc	6691	"20250105"	8133	NA
https://www.youtube.com/watch?v=TCU7ISz1Bqw	15460	"20260813"	215	[{"start_time": 0, "title": "Korolevskiy Theater", "end_time": 921}, {"start_time": 921, "title": "Blizzard Chat", "end_time": 1523}, {"start_time": 1523, "title": "Black Mist", "end_time": 1777}, {"start_time": 1777, "title": "Unalived Mystery", "end_time": 2678}, {"start_time": 2678, "title": "Lelek", "end_time": 3366}, {"start_time": 3366, "title": "Odette // About Rosalyne and Project Stuzha", "end_time": 3962}, {"start_time": 3962, "title": "Black Mist 2 // Stars' Envoy", "end_time": 4219}, {"start_time": 4219, "title": "Unalived Mystery 2", "end_time": 4785}, {"start_time": 4785, "title": "Paranormal Hunt", "end_time": 5563}, {"start_time": 5563, "title": "Human-Fae Conflict", "end_time": 6592}, {"start_time": 6592, "title": "Odette // About Mitya", "end_time": 7211}, {"start_time": 7211, "title": "Black Mist 3 // Hodor", "end_time": 7391}, {"start_time": 7391, "title": "Unalived Mystery 3", "end_time": 8164}, {"start_time": 8164, "title": "Vodyanitsa // Water Imp Song", "end_time": 8656}, {"start_time": 8656, "title": "Black Mist 4 // Traveler's Death", "end_time": 8927}, {"start_time": 8927, "title": "Unalived Mystery 4", "end_time": 10058}, {"start_time": 10058, "title": "Afterlife", "end_time": 10679}, {"start_time": 10679, "title": "Ronova // Ruler of Death", "end_time": 11497}, {"start_time": 11497, "title": "Unalived Mystery 5", "end_time": 11999}, {"start_time": 11999, "title": "Cutscene: Death's Death?", "end_time": 12190}, {"start_time": 12190, "title": "Unalived Mystery Aftermath", "end_time": 12656}, {"start_time": 12656, "title": "Armory Palace", "end_time": 12922}, {"start_time": 12922, "title": "Ruler of Death // Ronova", "end_time": 13040}, {"start_time": 13040, "title": "Cutscene: vs Ruler of Death", "end_time": 13698}, {"start_time": 13698, "title": "Pierro // About Snezhnaya and Paimon", "end_time": 14400}, {"start_time": 14400, "title": "Mistilteinn", "end_time": 14830}, {"start_time": 14830, "title": "Signora's Tomb", "end_time": 14904}, {"start_time": 14904, "title": "Cutscene: Signora and Odette", "end_time": 15076}, {"start_time": 15076, "title": "Conclusion", "end_time": 15381}, {"start_time": 15381, "title": "Cutscene: Tsaritsa the Cryo Archon", "end_time": 15460}]
https://www.youtube.com/watch?v=T9VAo31K8Oc	5726	"20220824"	34010	[{"start_time": 0, "title": "1. A Forest of Change", "end_time": 537}, {"start_time": 537, "title": "2. Further Observation", "end_time": 975}, {"start_time": 975, "title": "3. Chronic Illness", "end_time": 1829}, {"start_time": 1829, "title": "4. Silent Seeker of Knowledge", "end_time": 2680}, {"start_time": 2680, "title": "5. The Trail of the God of Wisdom", "end_time": 3736}, {"start_time": 3736, "title": "6. Lost in Prosperity", "end_time": 4793}, {"start_time": 4793, "title": "7. Ever So Close", "end_time": 5726}]
https://www.youtube.com/watch?v=TKg4haF5_qc	3811	"20250921"	87	[{"start_time": 0, "title": "Twin\u2019s Separation", "end_time": 320}, {"start_time": 320, "title": "Meeting Paimon", "end_time": 760}, {"start_time": 760, "title": "Arrival in Mondstadt", "end_time": 1215}, {"start_time": 1215, "title": "Amber Joins the Journey", "end_time": 2100}, {"start_time": 2100, "title": "Temple of the Falcon", "end_time": 3811}]
https://www.youtube.com/watch?v=TMMaJfRIaMo	9723	"20260522"	123	[{"start_time": 0, "title": "Where Flowers Awaken", "end_time": 1806}, {"start_time": 1806, "title": "A Divergence Leading to Oneself", "end_time": 6063}, {"start_time": 6063, "title": "Ancient Shadows Re-Emerge", "end_time": 9723}]
https://www.youtube.com/watch?v=TT7p1h30lc8	6505	"20251213"	7	NA
https://www.youtube.com/watch?v=TigTwONyB5A	3525	"20210913"	18731	[{"start_time": 0, "title": "Setting Sail", "end_time": 245}, {"start_time": 245, "title": "Arriving at Inazuma", "end_time": 431}, {"start_time": 431, "title": "Confessions of an Outlander", "end_time": 906}, {"start_time": 906, "title": "Talking to Kurisu & Werner", "end_time": 1655}, {"start_time": 1655, "title": "Find and follow Kenjirou", "end_time": 2459}, {"start_time": 2459, "title": "Ritou Escape Plan", "end_time": 2818}, {"start_time": 2818, "title": "Activating the 1st Statue of the Seven (Electro)", "end_time": 3470}, {"start_time": 3470, "title": "Three Wishes Start & Outro", "end_time": 3525}]
https://www.youtube.com/watch?v=UDQ3t_Mk_Zg	2931	"20220401"	31	NA
https://www.youtube.com/watch?v=U3b6P64JtzM	24157	"20251230"	7	NA
https://www.youtube.com/watch?v=UL5LhvPoMV4	12539	"20260128"	7	NA
https://www.youtube.com/watch?v=ULHJUvtQWkQ	1710	"20210307"	53	NA
https://www.youtube.com/watch?v=UKV_jNd5gY8	3800	"20260624"	15	NA
https://www.youtube.com/watch?v=UKPelD7XSM4	4853	"20220313"	10578	[{"start_time": 0, "end_time": 16, "title": "<Untitled Chapter 1>"}, {"start_time": 16, "title": "Return to Mondstadt", "end_time": 33}, {"start_time": 33, "title": "Dialog Anastasia and Jean", "end_time": 180}, {"start_time": 180, "title": "Return to the Knights of Favonius Headquarters with Jean", "end_time": 215}, {"start_time": 215, "title": "Talk to Jean and Lisa", "end_time": 349}, {"start_time": 349, "title": "Leave the Knights of Favonius Headquarters", "end_time": 363}, {"start_time": 363, "title": "Talk to Paimon", "end_time": 408}, {"start_time": 408, "title": "Look for the suspicious person", "end_time": 428}, {"start_time": 428, "title": "Using Elemental Sight", "end_time": 507}, {"start_time": 507, "title": "Find the Green Fellow", "end_time": 543}, {"start_time": 543, "title": "Cutscene: Song of Dvalin (Stormterror)", "end_time": 672}, {"start_time": 672, "title": "Talk to Green Fellow", "end_time": 874}, {"start_time": 874, "title": "Go to Windrise", "end_time": 915}, {"start_time": 915, "title": "Talk to Venti", "end_time": 971}, {"start_time": 971, "title": "Defeat to creature", "end_time": 1023}, {"start_time": 1023, "title": "Talk to Venti", "end_time": 1168}, {"start_time": 1168, "title": "Go to the Cathedral with Venti", "end_time": 1272}, {"start_time": 1272, "title": "Go to Venti", "end_time": 1295}, {"start_time": 1295, "title": "Dialoge Venti and Gotelinde", "end_time": 1388}, {"start_time": 1388, "title": "Talk to Venti", "end_time": 1414}, {"start_time": 1414, "title": "Talk the sister", "end_time": 1487}, {"start_time": 1487, "title": "Talk to Venti", "end_time": 1625}, {"start_time": 1625, "title": "Enter the Cathedral an night (18 00 - 06 00)", "end_time": 1678}, {"start_time": 1678, "title": "Infiltrate the basement and obtain the Holy Lyre der Himmel", "end_time": 1765}, {"start_time": 1765, "title": "Cutscene: Stealing the Holy Lyra", "end_time": 1798}, {"start_time": 1798, "title": "Escape the Cathedral", "end_time": 1801}, {"start_time": 1801, "title": "Use the wind currents to get far away from the Cathedral", "end_time": 1830}, {"start_time": 1830, "title": "Dialoge Charles and Diluc", "end_time": 1885}, {"start_time": 1885, "title": "Hide on second floor of the tavern", "end_time": 1945}, {"start_time": 1945, "title": "Talk to Diluc", "end_time": 2171}, {"start_time": 2171, "title": "Leave Tavern", "end_time": 2183}, {"start_time": 2183, "title": "Go back to the tavern", "end_time": 2195}, {"start_time": 2195, "title": "Dialoge Venti, Diluc and Jean", "end_time": 2407}, {"start_time": 2407, "title": "Enter the Fatui hideout", "end_time": 2500}, {"start_time": 2500, "title": "Domain: Retrieve the Holy Lyre der Himmel", "end_time": 2527}, {"start_time": 2527, "title": "Interrogate the guard", "end_time": 2623}, {"start_time": 2623, "title": "Scour the Fatui hideout to find the key", "end_time": 2874}, {"start_time": 2874, "title": "Open the sealed door", "end_time": 2885}, {"start_time": 2885, "title": "Enter the area where the lyre is stored", "end_time": 2957}, {"start_time": 2957, "title": "Obtain the Holy Lyre der Himmel", "end_time": 2998}, {"start_time": 2998, "title": "Bring the Holy Lyre back to the tavern", "end_time": 3335}, {"start_time": 3335, "title": "Go to the Thousand Winds Temple", "end_time": 3397}, {"start_time": 3397, "title": "Defeat the monsters guarding the ruin to complete the challenge", "end_time": 3490}, {"start_time": 3490, "title": "Dialoge Jean and Diluc", "end_time": 3510}, {"start_time": 3510, "title": "Go to the ruins in the woods", "end_time": 3674}, {"start_time": 3674, "title": "Enter the ruins in the woods", "end_time": 3736}, {"start_time": 3736, "title": "Domain: Hidden Teardrop in the Heart of the Jungle", "end_time": 3902}, {"start_time": 3902, "title": "Platforms", "end_time": 4051}, {"start_time": 4051, "title": "Dialoge Diluc and Jean", "end_time": 4083}, {"start_time": 4083, "title": "Go to the Eclipse Tribe at Dadaupa Gorge", "end_time": 4126}, {"start_time": 4126, "title": "Open the chest to obtain Dvalin's Tear", "end_time": 4165}, {"start_time": 4165, "title": "Go to Dawn Winery", "end_time": 4210}, {"start_time": 4210, "title": "Talk to Jean", "end_time": 4377}, {"start_time": 4377, "title": "Go to Starsnatch Cliff", "end_time": 4532}, {"start_time": 4532, "title": "Dialoge Venti, Diluc and Jean", "end_time": 4575}, {"start_time": 4575, "title": "Cutscene: Dvalin's Summon", "end_time": 4673}, {"start_time": 4673, "title": "Dialoge Venti, Diluc and Jean", "end_time": 4769}, {"start_time": 4769, "title": "Cutscene: The sister", "end_time": 4813}, {"start_time": 4813, "title": "Getting rewards", "end_time": 4853}]
https://www.youtube.com/watch?v=UU0qRZxcn6s	2665	"20210816"	430	NA
https://www.youtube.com/watch?v=Uk51BZq7LPw	25228	"20260524"	977	NA
https://www.youtube.com/watch?v=V0EUGAQgkbk	2911	"20210826"	427	NA
https://www.youtube.com/watch?v=V1MmKSI1f-k	3653	"20211228"	9	NA
https://www.youtube.com/watch?v=VbbJmrr58Qk	15284	"20231111"	87	NA
https://www.youtube.com/watch?v=VVYSbnhFhz8	9621	"20260523"	12	[{"start_time": 0, "end_time": 2, "title": "<Untitled Chapter 1>"}, {"start_time": 2, "title": "Quest Start", "end_time": 18}, {"start_time": 18, "title": "Reading the Letter from Collei", "end_time": 87}, {"start_time": 87, "title": "Collei chat with Sethos", "end_time": 214}, {"start_time": 214, "title": "Collei going to Sumeru to see what's going on", "end_time": 1002}, {"start_time": 1002, "title": "Collei waking up from the Nightmare", "end_time": 1120}, {"start_time": 1120, "title": "Chat with Collei and Tighnari", "end_time": 1383}, {"start_time": 1383, "title": "Going to Sanctuary of Surasthana", "end_time": 1438}, {"start_time": 1438, "title": "Chat with Cyno, Cyrus, Naphis, Alhaitam and Wanderer", "end_time": 1852}, {"start_time": 1852, "title": "Chat with Cyrus and Naphis", "end_time": 1905}, {"start_time": 1905, "title": "Pantalone in Sumeru", "end_time": 1949}, {"start_time": 1949, "title": "Going to Caravan Ribat and chat with everyone", "end_time": 2534}, {"start_time": 2534, "title": "Checking on the Anomalies", "end_time": 2765}, {"start_time": 2765, "title": "Going to Caravan Ribat and chat with everyone", "end_time": 3114}, {"start_time": 3114, "title": "Chat with Naphis and Collei", "end_time": 3321}, {"start_time": 3321, "title": "Taking Nahida to see Apep", "end_time": 3826}, {"start_time": 3826, "title": "Chat with Cyno, Alhaitham, Kaveh and Naphis near the Temple of Silence", "end_time": 4049}, {"start_time": 4049, "title": "Going to the Ruins of Gurabad", "end_time": 4355}, {"start_time": 4355, "title": "Pantalone intro", "end_time": 4786}, {"start_time": 4786, "title": "Pursuing him and getting Locked", "end_time": 4960}, {"start_time": 4960, "title": "Tighnari, Collei and Dori guarding the Aaru Village North side border", "end_time": 5452}, {"start_time": 5452, "title": "Jeht helping traveller Breakout from Gurabad", "end_time": 5680}, {"start_time": 5680, "title": "Chat with Liloupar", "end_time": 5870}, {"start_time": 5870, "title": "Chat with everyone in the Temple of Silence", "end_time": 6392}, {"start_time": 6392, "title": "Chat with Nicole and Nefer", "end_time": 6897}, {"start_time": 6897, "title": "Chat with Everyone", "end_time": 7146}, {"start_time": 7146, "title": "Nicole Revealing Collei's Secret", "end_time": 7612}, {"start_time": 7612, "title": "Nicole chat with Sage Firnas and Faruzan", "end_time": 7938}, {"start_time": 7938, "title": "Checking on others", "end_time": 8156}, {"start_time": 8156, "title": "Going to the Great Hall of Truths to meet Thoth with Everyone", "end_time": 8483}, {"start_time": 8483, "title": "Talking about modifying Aaru with the Pillars of King Deshret", "end_time": 9241}, {"start_time": 9241, "title": "Opening Aaru", "end_time": 9621}]
https://www.youtube.com/watch?v=UuMKJQ5FhiQ	6641	"20250903"	37	NA
https://www.youtube.com/watch?v=V61CMYh9M_g	5802	"20210905"	123	NA
https://www.youtube.com/watch?v=VoMk8TZN_zA	2889	"20260117"	11	[{"start_time": 0, "title": "CHAPTER 5 Interlude: All Fires Fuel the Flame", "end_time": 12}, {"start_time": 12, "title": "For the Same Land", "end_time": 2889}]
https://www.youtube.com/watch?v=VkOuV_6tgt4	10505	"20260117"	1130	NA
https://www.youtube.com/watch?v=VLrbVYTr7eA	4315	"20210411"	103271	NA
https://www.youtube.com/watch?v=WGAG3GPugyw	13849	"20230913"	61	NA
https://www.youtube.com/watch?v=WJ-Cbsxr2Tc	24430	"20250928"	7	NA
https://www.youtube.com/watch?v=WKgspKT1WXo	7520	"20210224"	1250	NA
https://www.youtube.com/watch?v=WdBvsqNjOOU	17612	"20251203"	321	[{"start_time": 0, "title": "Where the Moon Rises", "end_time": 6303}, {"start_time": 6303, "title": "Reunion Beneath the Moonlight", "end_time": 11983}, {"start_time": 11983, "title": "In the Shadows of Night", "end_time": 17612}]
https://www.youtube.com/watch?v=WkphzWQhMxE	3441	"20210721"	266024	NA
https://www.youtube.com/watch?v=WmQ3vyQ1IyM	5945	"20201001"	5789	[{"start_time": 0, "title": "Pre-Quest", "end_time": 159}, {"start_time": 159, "title": "The Team Meets", "end_time": 323}, {"start_time": 323, "title": "Eleventh Hour", "end_time": 819}, {"start_time": 819, "title": "Enemy Attack", "end_time": 892}, {"start_time": 892, "title": "Stormterror's Lair", "end_time": 1282}, {"start_time": 1282, "title": "Tower Entrance", "end_time": 2159}, {"start_time": 2159, "title": "Seals of the Tower", "end_time": 2237}, {"start_time": 2237, "title": "Breaking the Seals", "end_time": 3487}, {"start_time": 3487, "title": "Calm before the Storm", "end_time": 3875}, {"start_time": 3875, "title": "Facing Stormterror", "end_time": 4183}, {"start_time": 4183, "title": "Dvalin Returns", "end_time": 4316}, {"start_time": 4316, "title": "The Next Day", "end_time": 4678}, {"start_time": 4678, "title": "Kaeya's Intel", "end_time": 4892}, {"start_time": 4892, "title": "Amber's Treat", "end_time": 5018}, {"start_time": 5018, "title": "The Holy Lyre Returns", "end_time": 5170}, {"start_time": 5170, "title": "Signora of the Harbingers", "end_time": 5388}, {"start_time": 5388, "title": "Meeting Venti in Windrise", "end_time": 5945}]
https://www.youtube.com/watch?v=XMUKkv9ZJ1E	7348	"20250618"	14	NA
https://www.youtube.com/watch?v=WtUuTcqNnHU	12227	"20230816"	8542	[{"start_time": 0, "title": "Go to Caravan Ribat", "end_time": 226}, {"start_time": 226, "title": "Go to Romaritime Harbor in Fontaine", "end_time": 484}, {"start_time": 484, "title": "Talk to the young woman by the water", "end_time": 781}, {"start_time": 781, "title": "Follow Lyney - Furina Hydro Archon Introduction", "end_time": 1782}, {"start_time": 1782, "title": "Distribute Magic Pockets to the nearby residents", "end_time": 1890}, {"start_time": 1890, "title": "Collect materials used to make Magic Pockets", "end_time": 1944}, {"start_time": 1944, "title": "Go to the top of the lift", "end_time": 2228}, {"start_time": 2228, "title": "Ride the aquabus to the Court of Fontaine", "end_time": 2558}, {"start_time": 2558, "title": "Go to where Lyney is", "end_time": 2914}, {"start_time": 2914, "title": "Go to Beaumont Workshop", "end_time": 3876}, {"start_time": 3876, "title": "Ride the Navia Line and head to Erinnyes", "end_time": 4087}, {"start_time": 4087, "title": "Go to the fountain plaza in front of the opera house", "end_time": 4352}, {"start_time": 4352, "title": "Enter the Opera Epiclese", "end_time": 4476}, {"start_time": 4476, "title": "Watch the magic show", "end_time": 6299}, {"start_time": 6299, "title": "Look for clues inside the opera house", "end_time": 7237}, {"start_time": 7237, "title": "Ask how Lyney's doing on his end", "end_time": 7652}, {"start_time": 7652, "title": "Search the underground passage for clues", "end_time": 8575}, {"start_time": 8575, "title": "Continue the trial", "end_time": 12227}]
https://www.youtube.com/watch?v=XarO84Oee8M	9488	"20221102"	52683	[{"start_time": 0, "title": "Through the Predawn Night", "end_time": 931}, {"start_time": 931, "title": "As by a God's Side", "end_time": 2316}, {"start_time": 2316, "title": "Jnagarbha Day", "end_time": 4131}, {"start_time": 4131, "title": "Where the Boat of Consciousness Lies", "end_time": 7477}, {"start_time": 7477, "title": "A Toast to Victory", "end_time": 9488}]
https://www.youtube.com/watch?v=YMlo5mLx2yM	13892	"20241011"	1068	NA
https://www.youtube.com/watch?v=YGizeeh1oho	9773	"20230929"	19	[{"start_time": 0, "title": "Part I \u2013 A Tea Party Most Thorny", "end_time": 2172}, {"start_time": 2172, "title": "Part II \u2013 Fortress of Meropide", "end_time": 5445}, {"start_time": 5445, "title": "Part III \u2013 The Proscribed, Hidden in Plain Sight", "end_time": 7325}, {"start_time": 7325, "title": "Part IV \u2013 Lost in Deep Seas", "end_time": 9752}, {"start_time": 9752, "title": "Outro", "end_time": 9773}]
https://www.youtube.com/watch?v=YTaOFq94CAo	3749	"20210630"	109	NA
https://www.youtube.com/watch?v=Y3I44JQyD_4	3598	"20210412"	54	NA
https://www.youtube.com/watch?v=YSIyj5uqKT8	8428	"20250730"	53	NA
https://www.youtube.com/watch?v=YNbWWCaQ-oI	807	"20210901"	151	NA
https://www.youtube.com/watch?v=YVn1ZvJ-fyc	10524	"20250913"	32	NA
https://www.youtube.com/watch?v=YyW2Y5nej1M	10858	"20251205"	18	NA
https://www.youtube.com/watch?v=Yc5wOb3YPH4	16441	"20260628"	103	NA
https://www.youtube.com/watch?v=YWusyPvYaVo	11980	"20260812"	285	[{"start_time": 0, "title": "Columbina // Intro", "end_time": 346}, {"start_time": 346, "title": "Paimon Cold", "end_time": 476}, {"start_time": 476, "title": "Eye of Graeae", "end_time": 756}, {"start_time": 756, "title": "Pierro // The Jester", "end_time": 1454}, {"start_time": 1454, "title": "Polar Express", "end_time": 1588}, {"start_time": 1588, "title": "Alyosha // Sretomorozsk", "end_time": 2047}, {"start_time": 2047, "title": "Snezhnaya Energy Situation", "end_time": 2347}, {"start_time": 2347, "title": "\"Rabbit\" Hunt", "end_time": 2465}, {"start_time": 2465, "title": "Classical Soviet Corruption", "end_time": 3074}, {"start_time": 3074, "title": "Babushka", "end_time": 3347}, {"start_time": 3347, "title": "About the Snezhnayan Siloviki", "end_time": 3804}, {"start_time": 3804, "title": "Train to Sneznograd", "end_time": 3985}, {"start_time": 3985, "title": "Shadow Realm", "end_time": 4529}, {"start_time": 4529, "title": "Train to Sneznograd 2", "end_time": 4702}, {"start_time": 4702, "title": "Snezhnograd", "end_time": 4954}, {"start_time": 4954, "title": "Podvorye Restaurant", "end_time": 5566}, {"start_time": 5566, "title": "Veche Politics", "end_time": 6092}, {"start_time": 6092, "title": "Odette // Svetloledovka", "end_time": 6246}, {"start_time": 6246, "title": "Cutscene: Exaiphanes Blade and Escape", "end_time": 6570}, {"start_time": 6570, "title": "Childe", "end_time": 7200}, {"start_time": 7200, "title": "Exaiphanes Blade Statue of Seven", "end_time": 7301}, {"start_time": 7301, "title": "Odette and Alyosha // Zolnyy", "end_time": 7845}, {"start_time": 7845, "title": "Paimon Recovery", "end_time": 8129}, {"start_time": 8129, "title": "Korolevskiy Theater", "end_time": 8377}, {"start_time": 8377, "title": "Vodyanitsa // Rokot", "end_time": 9135}, {"start_time": 9135, "title": "Mitya // Energy Research", "end_time": 9881}, {"start_time": 9881, "title": "Valeriy", "end_time": 10188}, {"start_time": 10188, "title": "Snezhnograd Veche", "end_time": 10241}, {"start_time": 10241, "title": "Pucinella // The Rooster", "end_time": 10420}, {"start_time": 10420, "title": "Pantalone // Regrator", "end_time": 11012}, {"start_time": 11012, "title": "About Lelek", "end_time": 11807}, {"start_time": 11807, "title": "Conclusion", "end_time": 11980}]
https://www.youtube.com/watch?v=ZjuFPVFlXpc	8475	"20250905"	59	NA
https://www.youtube.com/watch?v=ZLf8dHlZfBw	4705	"20250115"	6	NA
https://www.youtube.com/watch?v=ZojAufn_FZc	8813	"20260219"	39	[{"start_time": 0, "title": "Navia\u2019s Investigation, the Spina di Rosula", "end_time": 2315}, {"start_time": 2315, "title": "Searching for Clues in Poisson, the prophecy", "end_time": 4640}, {"start_time": 4640, "title": "Trial, The Farewell of Marcel, the disappearances", "end_time": 5805}, {"start_time": 5805, "title": "The Prophecy of the Devouring Sea, Understanding the fate of Fontaine", "end_time": 8813}]
https://www.youtube.com/watch?v=ZzajhxDfk_c	6162	"20221012"	105	[{"start_time": 0, "title": "\u201cLike a Triumphant Hero\u201d", "end_time": 2572}, {"start_time": 2572, "title": "\u201cThe Gaze From a Certain God\u201d", "end_time": 3969}, {"start_time": 3969, "title": "\u201cThe Four at Loggerheads\u201d", "end_time": 6162}]
https://www.youtube.com/watch?v=_HOUS1WkfZ0	15791	"20260813"	949	NA
https://www.youtube.com/watch?v=_Oy-Ss7mpEY	4105	"20260607"	25	[{"start_time": 0, "end_time": 16, "title": "<Untitled Chapter 1>"}, {"start_time": 16, "title": "Rite of Descension", "end_time": 1004}, {"start_time": 1004, "title": "An Impromptu Change of Plan", "end_time": 1226}, {"start_time": 1226, "title": "Wangshu", "end_time": 2128}, {"start_time": 2128, "title": "Moulder of Mountains", "end_time": 2840}, {"start_time": 2840, "title": "Custodian of Clouds", "end_time": 3865}, {"start_time": 3865, "title": "Dust to Dust", "end_time": 4105}]
https://www.youtube.com/watch?v=_Hp05t62-gU	3809	"20250916"	6	NA
https://www.youtube.com/watch?v=_NY7oAmtQfM	2985	"20220928"	136	[{"start_time": 0, "title": "Secret of the Scorching Desert", "end_time": 2985}]
https://www.youtube.com/watch?v=_XxlFxzQ6Tg	1942	"20231006"	238	NA
https://www.youtube.com/watch?v=_fVBKzTFeso	3149	"20220116"	224	NA
https://www.youtube.com/watch?v=_uYT37C4VoA	25602	"20260813"	1730	[{"start_time": 0, "title": "Intro & Arrival in Snezhnaya", "end_time": 85}, {"start_time": 85, "title": "Energy Shortage & Frozen Transit Investigation", "end_time": 452}, {"start_time": 452, "title": "Searching the Outpost for Clues", "end_time": 616}, {"start_time": 616, "title": "Secret Underground Vault", "end_time": 706}, {"start_time": 706, "title": "Exposing the Fraud", "end_time": 1503}, {"start_time": 1503, "title": "Aratyr Village & Snezhnayan Folklore", "end_time": 25157}, {"start_time": 25157, "title": "Fatui Harbingers & La Signora's Memory", "end_time": 25279}, {"start_time": 25279, "title": "The Witch's Flame & The Ice", "end_time": 25387}, {"start_time": 25387, "title": "Aftermath & Exploration", "end_time": 25450}, {"start_time": 25450, "title": "Meeting Childe (Tartaglia) & Tonya", "end_time": 25577}, {"start_time": 25577, "title": "Ending / Quest Finale", "end_time": 25602}]
https://www.youtube.com/watch?v=aD4uyfjSo28	12132	"20260207"	13	NA
https://www.youtube.com/watch?v=aHhCIHVxwWI	15582	"20260813"	194	NA
https://www.youtube.com/watch?v=aMi_c-K_uLA	10294	"20250919"	21	NA
https://www.youtube.com/watch?v=bKYVcCK5G-E	4881	"20251229"	13	NA
https://www.youtube.com/watch?v=bqUMEBi9Dms	2932	"20230227"	442	NA
https://www.youtube.com/watch?v=c0VSTAy9wfE	6932	"20201111"	119958	NA
https://www.youtube.com/watch?v=cPg6JvUfDk0	3738	"20230910"	23	NA
https://www.youtube.com/watch?v=c_bpF-dfpmA	8370	"20201223"	828	NA
https://www.youtube.com/watch?v=dXWAfZJlfTQ	8816	"20260107"	10	[{"start_time": 0, "title": "CHAPTER 3 ACT II: The Morn a Thousand Roses Brings", "end_time": 12}, {"start_time": 12, "title": "The Coming of the Sabzeruz Festival", "end_time": 1650}, {"start_time": 1650, "title": "The Arrival of the Sabzeruz Festival", "end_time": 2464}, {"start_time": 2464, "title": "The Continuation of the Sabzeruz Festival", "end_time": 4074}, {"start_time": 4074, "title": "The Samsara of the Sabzeruz Festival", "end_time": 4686}, {"start_time": 4686, "title": "The Causality of the Sabzeruz Festival", "end_time": 5103}, {"start_time": 5103, "title": "The Empty Illusions of the Sabzeruz Festival", "end_time": 6558}, {"start_time": 6558, "title": "The End of the Sabzeruz Festival", "end_time": 8109}, {"start_time": 8109, "title": "Dawn (Denouement)", "end_time": 8816}]
https://www.youtube.com/watch?v=e2lMSGM-fQE	2120	"20241121"	94	NA
https://www.youtube.com/watch?v=dno3xRsjxX4	7162	"20250705"	59	NA
https://www.youtube.com/watch?v=f02h-AYxarg	10489	"20230819"	347	[{"start_time": 0, "title": "Intro", "end_time": 5}, {"start_time": 5, "title": "Begin Archon Quest", "end_time": 547}, {"start_time": 547, "title": "Quest 1: Like the Faint Moonlight of Yesteryear", "end_time": 2180}, {"start_time": 2180, "title": "Quest 2: The Truth, Lost With the Rain (w/ Investigation Session)", "end_time": 5536}, {"start_time": 5536, "title": "Quest 3: When All Return to the Waters (w/ Trial Session)", "end_time": 9418}, {"start_time": 9418, "title": "Post-quest", "end_time": 10019}, {"start_time": 10019, "title": "Brief chat with Monsieur Neuvillette (Fontaine Archon Quest Complete)", "end_time": 10489}]
https://www.youtube.com/watch?v=f34Zs-HYkHY	8200	"20250730"	372	NA
https://www.youtube.com/watch?v=gRFiUuMWDzU	4727	"20240605"	169	NA
https://www.youtube.com/watch?v=hl5acDFLpmA	3531	"20241120"	8727	NA
https://www.youtube.com/watch?v=j6JyW3oi97M	9373	"20230816"	74026	NA
https://www.youtube.com/watch?v=jZj0mbvHW0o	6224	"20210901"	52	NA
https://www.youtube.com/watch?v=jqGFlI5YRR0	8966	"20250730"	10182	NA
https://www.youtube.com/watch?v=kHGgS57zdjE	2551	"20260105"	26	[{"start_time": 0, "title": "CHAPTER 2 ACT II: Stillness, the Sublimation of Shadow", "end_time": 14}, {"start_time": 14, "title": "Amidst Stormy Judgment", "end_time": 678}, {"start_time": 678, "title": "In the Name of the Resistance", "end_time": 2551}]
https://www.youtube.com/watch?v=kMrwOZUrOho	3649	"20260407"	36	NA
https://www.youtube.com/watch?v=o8YaGT3Bvbg	11771	"20260115"	5	NA
https://www.youtube.com/watch?v=q5rGnGsyfIU	8923	"20210901"	758898	NA
https://www.youtube.com/watch?v=qTzJRc6rRE8	10586	"20230409"	2	NA
https://www.youtube.com/watch?v=u_xRPUOpg5A	18885	"20260812"	14296	NA
https://www.youtube.com/watch?v=w-GscX9ZFmw	11569	"20260131"	4	NA
https://www.youtube.com/watch?v=w2-F9QczFC0	5044	"20210129"	1079	[{"start_time": 0, "title": "An Organization Known as Wangsheng", "end_time": 493}, {"start_time": 493, "title": "Moonfinger", "end_time": 1495}, {"start_time": 1495, "title": "Three Poignant Perfumes", "end_time": 2534}, {"start_time": 2534, "title": "The Realm Within", "end_time": 3187}, {"start_time": 3187, "title": "Downtown", "end_time": 3659}, {"start_time": 3659, "title": "Guizhong", "end_time": 4674}, {"start_time": 4674, "title": "Zhongli's Treat", "end_time": 5044}]
https://www.youtube.com/watch?v=zPvpfIbJpSU	10198	"20241017"	9452	NA
https://www.youtube.com/watch?v=3ZySKCuCD3k	10461	"20260114"	3911	[{"start_time": 0, "title": "Story Start", "end_time": 559}, {"start_time": 559, "title": "Dottore Fight", "end_time": 740}, {"start_time": 740, "title": "Story", "end_time": 3611}, {"start_time": 3611, "title": "Rerir", "end_time": 4791}, {"start_time": 4791, "title": "Act VII A Traveler on a Winter's Night Complete", "end_time": 4846}, {"start_time": 4846, "title": "Wanderer Cutscene", "end_time": 4978}, {"start_time": 4978, "title": "Act VIII True Moon Opening", "end_time": 5163}, {"start_time": 5163, "title": "Rerir & Tholindis", "end_time": 5917}, {"start_time": 5917, "title": "Three Moon Sisters", "end_time": 7536}, {"start_time": 7536, "title": "Dottore Opening", "end_time": 7591}, {"start_time": 7591, "title": "Dottore Boss Fight", "end_time": 8731}, {"start_time": 8731, "title": "Ending Battle", "end_time": 8894}, {"start_time": 8894, "title": "Story Ending", "end_time": 9562}, {"start_time": 9562, "title": "Go to the Moon", "end_time": 10275}, {"start_time": 10275, "title": "Traveler New Power Unlock", "end_time": 10338}, {"start_time": 10338, "title": "Act VIII True Moon Complete", "end_time": 10346}, {"start_time": 10346, "title": "Traveler New Outfit", "end_time": 10370}, {"start_time": 10370, "title": "Tsaritsa Plan Reveal", "end_time": 10461}]
https://www.youtube.com/watch?v=4ZKXi2TGvtg	10704	"20260114"	72	NA
https://www.youtube.com/watch?v=7hghdeljlNI	11152	"20241117"	35	NA
https://www.youtube.com/watch?v=9zuXXW9NK9c	31033	"20260810"	7	NA
https://www.youtube.com/watch?v=L0Y2TUo46G0	13605	"20260220"	490	NA
https://www.youtube.com/watch?v=XGlbTG9pgaU	9192	"20250911"	17522	[{"start_time": 0, "title": "1 Where the Moon Rises", "end_time": 2270}, {"start_time": 2270, "title": "2 Reunion Beneath the Moonlight", "end_time": 5583}, {"start_time": 5583, "title": "3 In the Shadows of Night", "end_time": 9192}]
https://www.youtube.com/watch?v=d49ZkEiHPr8	12842	"20250915"	32	[{"start_time": 0, "title": "Fulminations and Undercurrents", "end_time": 4130}, {"start_time": 4130, "title": "The Dark Side of Memory", "end_time": 5370}, {"start_time": 5370, "title": "Once There Was, Who Hunted the Moon", "end_time": 8792}, {"start_time": 8792, "title": "The Ashen-White Order Burns", "end_time": 12140}, {"start_time": 12140, "title": "Rest Beyond Reach", "end_time": 12842}]
https://www.youtube.com/watch?v=dWWvCO4oBp8	7683	"20260107"	9	[{"start_time": 0, "title": "CHAPTER 3 ACT IV: King Deshret and the Three Magi", "end_time": 12}, {"start_time": 12, "title": "The Missing Village Keepers", "end_time": 2493}, {"start_time": 2493, "title": "Cry From the Eleazar Hospital", "end_time": 5378}, {"start_time": 5378, "title": "Secret of the Scorching Desert", "end_time": 7683}]
https://www.youtube.com/watch?v=dp0i9w7vOi4	16267	"20241118"	9	[{"start_time": 0, "title": "A Forest of Change", "end_time": 958}, {"start_time": 958, "title": "Further Observation", "end_time": 2293}, {"start_time": 2293, "title": "Chronic Illness", "end_time": 4401}, {"start_time": 4401, "title": "Silent Seeker of Knowledge", "end_time": 6917}, {"start_time": 6917, "title": "The Trail of the God of Wisdom", "end_time": 11212}, {"start_time": 11212, "title": "Lost In Prosperity", "end_time": 14293}, {"start_time": 14293, "title": "Ever So Close", "end_time": 16267}]
https://www.youtube.com/watch?v=eeAHifLas-Q	12985	"20241017"	11742	NA
https://www.youtube.com/watch?v=ekxF98KR5aM	3869	"20201110"	7442	NA
https://www.youtube.com/watch?v=fhYzH1Rx9Bo	15361	"20260520"	79674	NA
https://www.youtube.com/watch?v=fsuJE0s9guI	9126	"20241015"	7	NA
https://www.youtube.com/watch?v=gLG3zoV5yQA	1677	"20210204"	97	[{"start_time": 0, "title": "Bough Keeper: Dainsleif", "end_time": 1657}, {"start_time": 1657, "title": "Outro", "end_time": 1677}]
https://www.youtube.com/watch?v=gYOX4_K3wis	8220	"20251024"	123	[{"start_time": 0, "title": "Intro", "end_time": 71}, {"start_time": 71, "title": "Meet up with Flins at the quarry", "end_time": 549}, {"start_time": 549, "title": "Go to the Frostmoon Enclave", "end_time": 671}, {"start_time": 671, "title": "Cutscene", "end_time": 1292}, {"start_time": 1292, "title": "Break out of the Wild Hunt's onslaught", "end_time": 2392}, {"start_time": 2392, "title": "Kuuvahki Experimental Design Bureau", "end_time": 2955}, {"start_time": 2955, "title": "B.O.S.CO.NO.1", "end_time": 3012}, {"start_time": 3012, "title": "B.O.S.CO.NO.2", "end_time": 3073}, {"start_time": 3073, "title": "B.O.S.CO.NO.9", "end_time": 3122}, {"start_time": 3122, "title": "B.O.S.CO.NO.42", "end_time": 3217}, {"start_time": 3217, "title": "Fight with Racher of Solnari", "end_time": 3267}, {"start_time": 3267, "title": "Curatorium of Secrets", "end_time": 4122}, {"start_time": 4122, "title": "Observe Rerir's memories", "end_time": 4672}, {"start_time": 4672, "title": "Leave the Hut", "end_time": 5097}, {"start_time": 5097, "title": "Thunderclap Reef", "end_time": 5141}, {"start_time": 5141, "title": "Avoid the patrolling Wild Hunt", "end_time": 5197}, {"start_time": 5197, "title": "Wild Hunt approaches, after that the hidden flame appears, secret kills Wild Hunt, after some time, \"The Knave\" Arlecchino appears!", "end_time": 5311}, {"start_time": 5311, "title": "In the Kuuvahki Experimental Design Bureau, Lyney, Lynette and Freminet appears, try to fix the Fatui robot!", "end_time": 5431}, {"start_time": 5431, "title": "Return to the secret base and discuss your next steps", "end_time": 6170}, {"start_time": 6170, "title": "Go to the place The Knave mentioned", "end_time": 8220}]
https://www.youtube.com/watch?v=hBoSlrVlNZA	21981	"20260114"	240	NA
https://www.youtube.com/watch?v=mABLkBix1Vc	29153	"20260630"	53	NA
https://www.youtube.com/watch?v=mXLSl_8yc_0	9026	"20250730"	141051	NA
https://www.youtube.com/watch?v=mfCDk7YCCWY	10671	"20230818"	36	[{"start_time": 0, "title": "Part I \u2013 Like the Faint Moonlight of Yesteryear", "end_time": 2153}, {"start_time": 2153, "title": "Part II \u2013 The Truth, Lost With the Rain", "end_time": 5557}, {"start_time": 5557, "title": "Part III \u2013 When All Return to the Waters", "end_time": 10651}, {"start_time": 10651, "title": "Outro", "end_time": 10671}]
https://www.youtube.com/watch?v=oNLQxffb0JU	16979	"20250910"	4001	NA
https://www.youtube.com/watch?v=pPvrBl9M7qs	8638	"20251204"	443	NA
https://www.youtube.com/watch?v=piaIIgPJZ8U	7865	"20250731"	68	NA
https://www.youtube.com/watch?v=pxX3L_N2oTw	10732	"20260116"	28	[{"start_time": 0, "title": "CHAPTER 5 ACT IV: The Rainbow Destined to Burn", "end_time": 12}, {"start_time": 12, "title": "Beneath the Secret Source", "end_time": 2565}, {"start_time": 2565, "title": "As One We Watch the Setting Sun", "end_time": 4199}, {"start_time": 4199, "title": "The Surging Darkness", "end_time": 5663}, {"start_time": 5663, "title": "Despair Engulfs the Heavens", "end_time": 8409}, {"start_time": 8409, "title": "No One Fights Alone", "end_time": 9395}, {"start_time": 9395, "title": "A Fuel Named \"Fate\"", "end_time": 10732}]
https://www.youtube.com/watch?v=pyZqEkMDjUg	9329	"20240607"	128313	[{"start_time": 0, "title": "Act 1 - The Outlander Who Caught the Wind", "end_time": 2741}, {"start_time": 2741, "title": "Act 2 - For a Tomorrow Without Tears", "end_time": 6390}, {"start_time": 6390, "title": "Act 3 - Song of the Dragon and Freedom", "end_time": 9329}]
https://www.youtube.com/watch?v=qp0s3tEaF3w	8512	"20241014"	30	[{"start_time": 0, "title": "Intro", "end_time": 10}, {"start_time": 10, "title": "Act 3: All Names are Noble", "end_time": 1726}, {"start_time": 1726, "title": "To Whence the Smoke Drifts", "end_time": 5215}, {"start_time": 5215, "title": "The Flickering Light Splits in Twain", "end_time": 8512}]
https://www.youtube.com/watch?v=t4RL1Ib03C0	6387	"20260114"	11375	[{"start_time": 0, "title": "Welkin Moon's Homecoming", "end_time": 1268}, {"start_time": 1268, "title": "Where Our Space and Time Intersect", "end_time": 4034}, {"start_time": 4034, "title": "Tracing the Footsteps of the Past", "end_time": 6387}]
https://www.youtube.com/watch?v=tq3JcvgXhWs	3434	"20230827"	5	NA
https://www.youtube.com/watch?v=u0tQo66SXGw	13808	"20260115"	14	NA
https://www.youtube.com/watch?v=uEcKk379X4s	2482	"20241121"	337	NA
https://www.youtube.com/watch?v=ugWKfMHhXg8	19569	"20251203"	126846	[{"start_time": 0, "title": "Archon Quest Act 5 \"A Nocturne of the Far North\"", "end_time": 9222}, {"start_time": 9222, "title": "Archon Quest Act 6 \"Melting Moonlight in the Morning Mist\"", "end_time": 19569}]
https://www.youtube.com/watch?v=w6mBoH3Cjf0	17106	"20260812"	125396	NA
https://www.youtube.com/watch?v=z7iHTuNcnsY	7560	"20210101"	2154	[{"start_time": 0, "title": "The Floating Palace", "end_time": 1383}, {"start_time": 1383, "title": "Equilibrium", "end_time": 1789}, {"start_time": 1789, "title": "Solitary Fragrance", "end_time": 3118}, {"start_time": 3118, "title": "Heart of Glaze", "end_time": 4557}, {"start_time": 4557, "title": "Turning Point", "end_time": 6416}, {"start_time": 6416, "title": "The Fond Farewell", "end_time": 7540}, {"start_time": 7540, "title": "Outro", "end_time": 7560}]
