https://www.youtube.com/watch?v=-8DhmK5JOmY	3065	"20240920"	300	[{"start_time": 0, "title": "Explanations", "end_time": 20}, {"start_time": 20, "title": "Regulus meeting 1", "end_time": 200}, {"start_time": 200, "title": "37 meeting 1", "end_time": 297}, {"start_time": 297, "title": "Lilya meeting 1", "end_time": 445}, {"start_time": 445, "title": "Sotheby meeting 1", "end_time": 662}, {"start_time": 662, "title": "Druvis III meeting 1", "end_time": 791}, {"start_time": 791, "title": "Lucy meeting 1", "end_time": 917}, {"start_time": 917, "title": "Enigma meeting 1", "end_time": 1028}, {"start_time": 1028, "title": "Mesmer Jr meeting 1", "end_time": 1201}, {"start_time": 1201, "title": "Matilda meeting 1", "end_time": 1356}, {"start_time": 1356, "title": "Madam Z meeting 1", "end_time": 1459}, {"start_time": 1459, "title": "APPLe meeting 1", "end_time": 1591}, {"start_time": 1591, "title": "X meeting 1", "end_time": 1698}, {"start_time": 1698, "title": "Sonetto meeting 1", "end_time": 1813}, {"start_time": 1813, "title": "Ms Radio meeting 1", "end_time": 1967}, {"start_time": 1967, "title": "Rewards", "end_time": 2045}, {"start_time": 2045, "title": "Regulus meeting 2", "end_time": 2147}, {"start_time": 2147, "title": "37 meeting 2", "end_time": 2210}, {"start_time": 2210, "title": "Lilya meeting 2", "end_time": 2274}, {"start_time": 2274, "title": "Sotheby meeting 2", "end_time": 2375}, {"start_time": 2375, "title": "Druvis III meeting 2", "end_time": 2452}, {"start_time": 2452, "title": "Lucy meeting 2", "end_time": 2518}, {"start_time": 2518, "title": "Enigma meeting 2", "end_time": 2602}, {"start_time": 2602, "title": "Mesmer Jr meeting 2", "end_time": 2659}, {"start_time": 2659, "title": "Matilda meeting 2", "end_time": 2705}, {"start_time": 2705, "title": "Madam Z meeting 2", "end_time": 2770}, {"start_time": 2770, "title": "APPLe meeting 2", "end_time": 2851}, {"start_time": 2851, "title": "X meeting 2", "end_time": 2910}, {"start_time": 2910, "title": "Sonetto meeting 2", "end_time": 2966}, {"start_time": 2966, "title": "Ms Radio meeting 2", "end_time": 3024}, {"start_time": 3024, "title": "Island overview", "end_time": 3065}]
https://www.youtube.com/watch?v=-FpfCYxgfx0	1187	"20231029"	313	NA
https://www.youtube.com/watch?v=-pd7iTPfvu8	5005	"20260211"	11	NA
https://www.youtube.com/watch?v=-EQ4eVCICcw	11290	"20250530"	279	NA
https://www.youtube.com/watch?v=-g2F-l6eK3g	19004	"20250112"	1465	[{"start_time": 0, "title": "Opening", "end_time": 9}, {"start_time": 9, "title": "Tristes Tropiques Trailer", "end_time": 154}, {"start_time": 154, "title": "Part 1 - Unshakable Justice", "end_time": 865}, {"start_time": 865, "title": "Part 2 - A New Photo of an Old Friend", "end_time": 1598}, {"start_time": 1598, "title": "Part 3 - The Minotaur", "end_time": 2306}, {"start_time": 2306, "title": "Part 4 - Riptide", "end_time": 3048}, {"start_time": 3048, "title": "Part 5 - Waterway to Hell", "end_time": 3877}, {"start_time": 3877, "title": "Part 6 - Tender Pretender", "end_time": 4720}, {"start_time": 4720, "title": "Part 7 - False Accusations", "end_time": 6041}, {"start_time": 6041, "title": "Part 8 - On the Margins of Life and Death", "end_time": 6730}, {"start_time": 6730, "title": "Part 9 - Aged Like Fine Wine", "end_time": 7774}, {"start_time": 7774, "title": "Part 10 - Boarding the White Ship", "end_time": 8358}, {"start_time": 8358, "title": "Part 11 - Sao Paulo Bossa Nova", "end_time": 9092}, {"start_time": 9092, "title": "Part 12 - \"Silent Night, Holy Night\"", "end_time": 9574}, {"start_time": 9574, "title": "Part 13 - Boto Cor-de-Rosa", "end_time": 10465}, {"start_time": 10465, "title": "Part 14 - The Sleepless Man", "end_time": 11418}, {"start_time": 11418, "title": "Part 15 - The Northern Falcon", "end_time": 12435}, {"start_time": 12435, "title": "Part 16 - \"Family Reunion\"", "end_time": 13212}, {"start_time": 13212, "title": "Part 17 - The Black Lamb", "end_time": 13984}, {"start_time": 13984, "title": "Part 18 - Eye of the Hurricane", "end_time": 14487}, {"start_time": 14487, "title": "Part 19 - The Gamble - Final Boss \"Santos, Reborn in Suffering\"", "end_time": 15509}, {"start_time": 15509, "title": "Part 20 - Farewell, Pera", "end_time": 16585}, {"start_time": 16585, "title": "Part 21 - Ground Zero", "end_time": 17255}, {"start_time": 17255, "title": "Part 22 - The Roaring Forties", "end_time": 17889}, {"start_time": 17889, "title": "Part 23 - The Final Curtain", "end_time": 18649}, {"start_time": 18649, "title": "Part 24 - Monologues - The END", "end_time": 19004}]
https://www.youtube.com/watch?v=0A-o-wNhHGc	1052	"20250529"	63	[{"start_time": 0, "title": "Stage 1: Prologue (Story)", "end_time": 36}, {"start_time": 36, "title": "Stage 1: Prologue (Hard)", "end_time": 73}, {"start_time": 73, "title": "Stage 3: The Place That Time Forgot (Story)", "end_time": 100}, {"start_time": 100, "title": "Stage 3: The Place That Time Forgot (Hard)", "end_time": 126}, {"start_time": 126, "title": "Stage 5: A Latin American Fable (Story)", "end_time": 222}, {"start_time": 222, "title": "Stage 5: A Latin American Fable (Hard)", "end_time": 306}, {"start_time": 306, "title": "Stage 6: Shadows of the Living (Story)", "end_time": 345}, {"start_time": 345, "title": "Stage 6: Shadows of the Living (Hard)", "end_time": 380}, {"start_time": 380, "title": "Stage 7: Passion and Delirium (Story)", "end_time": 420}, {"start_time": 420, "title": "Stage 7: Passion and Delirium (Hard)", "end_time": 469}, {"start_time": 469, "title": "Stage 8: Spider's Web (Story)", "end_time": 493}, {"start_time": 493, "title": "Stage 8: Spider's Web (Hard)", "end_time": 522}, {"start_time": 522, "title": "Stage 11: Soothsayer, Worldmaker (Story)", "end_time": 605}, {"start_time": 605, "title": "Stage 11: Soothsayer, Worldmaker (Hard)", "end_time": 681}, {"start_time": 681, "title": "Stage 13: Master of the Ladyrinth (Story)", "end_time": 706}, {"start_time": 706, "title": "Stage 13: Master of the Ladyrinth (Hard)", "end_time": 730}, {"start_time": 730, "title": "Stage 15: Aleph (Story)", "end_time": 830}, {"start_time": 830, "title": "Stage 15: Aleph (Hard)", "end_time": 909}, {"start_time": 909, "title": "Stage 16: The Boundary of Fiction (Story)", "end_time": 945}, {"start_time": 945, "title": "Stage 16: The Boundary of Fiction (Hard)", "end_time": 972}, {"start_time": 972, "title": "Stage 18: In Praise of Folly (Story)", "end_time": 1009}, {"start_time": 1009, "title": "Stage 18: In Praise of Folly (Hard)", "end_time": 1043}, {"start_time": 1043, "title": "Reward and I go to bed", "end_time": 1052}]
https://www.youtube.com/watch?v=0B2AllcY504	5611	"20240802"	41	[{"start_time": 0, "title": "Introduction", "end_time": 34}, {"start_time": 34, "title": "Stage 19: The Clashing Tides", "end_time": 653}, {"start_time": 653, "title": "Stage 20: War and Peace", "end_time": 1560}, {"start_time": 1560, "title": "Stage 21: Double Cross", "end_time": 2563}, {"start_time": 2563, "title": "Stage 22: Finished Page", "end_time": 3227}, {"start_time": 3227, "title": "Stage 23: Hansel and Gretel", "end_time": 3873}, {"start_time": 3873, "title": "Stage 24: E lucevan le stelle", "end_time": 5452}, {"start_time": 5452, "title": "Conclusion", "end_time": 5611}]
https://www.youtube.com/watch?v=07Nwdouy2IE	14871	"20260822"	41	NA
https://www.youtube.com/watch?v=09Ixc7n67qI	14515	"20251125"	41	NA
https://www.youtube.com/watch?v=0Hca8vaLNAE	12753	"20231102"	10066	NA
https://www.youtube.com/watch?v=0ZSUwbxnYOY	1159	"20260530"	9	[{"start_time": 0, "title": "Vereinsamt", "end_time": 14}, {"start_time": 14, "title": "A Homage Paid-21", "end_time": 398}, {"start_time": 398, "title": "1..???...", "end_time": 635}, {"start_time": 635, "title": "A Homage Paid-21", "end_time": 947}, {"start_time": 947, "title": "Bullets and Calculus", "end_time": 1159}]
https://www.youtube.com/watch?v=0aI_kXpMrns	16433	"20260620"	827607	[{"start_time": 0, "title": "Episode 1", "end_time": 1496}, {"start_time": 1496, "title": "Episode 2", "end_time": 2946}, {"start_time": 2946, "title": "Episode 3", "end_time": 4371}, {"start_time": 4371, "title": "Episode 4", "end_time": 5712}, {"start_time": 5712, "title": "Episode 5", "end_time": 7189}, {"start_time": 7189, "title": "Episode 6", "end_time": 9150}, {"start_time": 9150, "title": "Episode 7", "end_time": 11116}, {"start_time": 11116, "title": "Episode 8", "end_time": 12957}, {"start_time": 12957, "title": "Episode 9", "end_time": 16433}]
https://www.youtube.com/watch?v=0dYnH0epQJ8	2143	"20241112"	5	NA
https://www.youtube.com/watch?v=0Vnkxh6IP8o	1988	"20230421"	6512384	[{"start_time": 0, "title": "Stop Joking Around", "end_time": 668}, {"start_time": 668, "title": "Diesel and Rogi", "end_time": 1328}, {"start_time": 1328, "title": "We're Sorry, Eric", "end_time": 1988}]
https://www.youtube.com/watch?v=1LCLvWgJLCE	10350	"20231030"	109	NA
https://www.youtube.com/watch?v=1RL7w5iTNTI	1117	"20260427"	5	NA
https://www.youtube.com/watch?v=1_J5UtIMqok	6993	"20260815"	8	NA
https://www.youtube.com/watch?v=1dIrUL7jyW0	18339	"20231102"	16893	NA
https://www.youtube.com/watch?v=1iK_6CrqOTY	30338	"20240922"	1617	[{"start_time": 0, "title": "Opening", "end_time": 9}, {"start_time": 9, "title": "Vereinsamt Trailer", "end_time": 163}, {"start_time": 163, "title": "Part 1 - The Secret of the Diagonal", "end_time": 800}, {"start_time": 800, "title": "Part 2 - The Blue and the Grey", "end_time": 1451}, {"start_time": 1451, "title": "Part 3 - Bring the Gavel Down", "end_time": 2652}, {"start_time": 2652, "title": "Part 4 - The Beginning of a Proof", "end_time": 3679}, {"start_time": 3679, "title": "Part 5 - Four Cross-Checks", "end_time": 4403}, {"start_time": 4403, "title": "Part 6 - Pride and Prejudice", "end_time": 5855}, {"start_time": 5855, "title": "Part 7 - Maze of The Minotaur", "end_time": 6697}, {"start_time": 6697, "title": "Part 8 - Oracles at Delphi", "end_time": 7463}, {"start_time": 7463, "title": "Part 9 - Outside the Limits", "end_time": 8567}, {"start_time": 8567, "title": "Part 10 - Returned to the Earth", "end_time": 9202}, {"start_time": 9202, "title": "Part 11 - The Rolling Boulder", "end_time": 10434}, {"start_time": 10434, "title": "Part 12 - The Party of Beans", "end_time": 12183}, {"start_time": 12183, "title": "Part 13 - The Wave of Art", "end_time": 13177}, {"start_time": 13177, "title": "Part 14 - A Sandstorm in a Room", "end_time": 13924}, {"start_time": 13924, "title": "Part 15 - The Pioneers", "end_time": 15013}, {"start_time": 15013, "title": "Part 16 - To Open the Flood Gates", "end_time": 15885}, {"start_time": 15885, "title": "Part 17 - The \"Storm\" Speech", "end_time": 16690}, {"start_time": 16690, "title": "Part 18 - Numbers in Everything", "end_time": 17612}, {"start_time": 17612, "title": "Part 19 - The Fork in the Road", "end_time": 18774}, {"start_time": 18774, "title": "Part 20 - A Greek Tragedy", "end_time": 19787}, {"start_time": 19787, "title": "Part 21 - A Homage Paid - Final Boss \"The Guiding One's Harbinger\"", "end_time": 21458}, {"start_time": 21458, "title": "Part 22 - The Ones Who Pray", "end_time": 22118}, {"start_time": 22118, "title": "Part 23 - The Rosetta Stone", "end_time": 22863}, {"start_time": 22863, "title": "Part 24 - The Cycle of History", "end_time": 24181}, {"start_time": 24181, "title": "Part 25 - The First Circle", "end_time": 25175}, {"start_time": 25175, "title": "Part 26 - Mirror and Curtains", "end_time": 26194}, {"start_time": 26194, "title": "Part 27 - Hymnus Ad Bacchum", "end_time": 27735}, {"start_time": 27735, "title": "Part 28 - The Two Numbers", "end_time": 28476}, {"start_time": 28476, "title": "Part 29 - The Umbrella and the Knot", "end_time": 29318}, {"start_time": 29318, "title": "Part 30 - And Now, the Curtain Call - The END", "end_time": 30338}]
https://www.youtube.com/watch?v=1nePS1CgazQ	17256	"20240211"	527	[{"start_time": 0, "title": "Intro Screen", "end_time": 401}, {"start_time": 401, "title": "Chatting", "end_time": 1248}, {"start_time": 1248, "title": "Game", "end_time": 1704}, {"start_time": 1704, "title": "01. Courtesy", "end_time": 2422}, {"start_time": 2422, "title": "02. Manus Vindictae", "end_time": 2971}, {"start_time": 2971, "title": "03. Green Oranges", "end_time": 3866}, {"start_time": 3866, "title": "04. Antidote", "end_time": 4519}, {"start_time": 4519, "title": "05. City's Gastrosis", "end_time": 5568}, {"start_time": 5568, "title": "06. The End of Immortal", "end_time": 6566}, {"start_time": 6566, "title": "07. The Good News", "end_time": 7100}, {"start_time": 7100, "title": "08. Popular Literature", "end_time": 8123}, {"start_time": 8123, "title": "09. Pearl and Bullet Hole", "end_time": 8843}, {"start_time": 8843, "title": "10. The Chew-Chew Potion", "end_time": 9745}, {"start_time": 9745, "title": "11. Polypotion", "end_time": 11182}, {"start_time": 11182, "title": "12. About the New Era", "end_time": 12315}, {"start_time": 12315, "title": "13. Documentary", "end_time": 15673}, {"start_time": 15673, "title": "15. Empty Wardrobe", "end_time": 16600}, {"start_time": 16600, "title": "Back to Chatting", "end_time": 17079}, {"start_time": 17079, "title": "End Screen", "end_time": 17256}]
https://www.youtube.com/watch?v=28aDYYyqblA	1134	"20260815"	132	[{"start_time": 0, "title": "Story", "end_time": 238}, {"start_time": 238, "title": "Battle with Story", "end_time": 354}, {"start_time": 354, "title": "Story", "end_time": 953}, {"start_time": 953, "title": "Traces", "end_time": 1134}]
https://www.youtube.com/watch?v=2exVPd6R2Yc	3393	"20240926"	447	[{"start_time": 0, "title": "Opening", "end_time": 18}, {"start_time": 18, "title": "Regulus", "end_time": 307}, {"start_time": 307, "title": "37", "end_time": 475}, {"start_time": 475, "title": "Lilya", "end_time": 716}, {"start_time": 716, "title": "Sotheby", "end_time": 1063}, {"start_time": 1063, "title": "Druvis III", "end_time": 1297}, {"start_time": 1297, "title": "Lucy", "end_time": 1520}, {"start_time": 1520, "title": "Enigma", "end_time": 1744}, {"start_time": 1744, "title": "Mesmer Jr.", "end_time": 2014}, {"start_time": 2014, "title": "Matilda", "end_time": 2230}, {"start_time": 2230, "title": "Z", "end_time": 2421}, {"start_time": 2421, "title": "APPLe", "end_time": 2702}, {"start_time": 2702, "title": "X", "end_time": 2887}, {"start_time": 2887, "title": "Sonetto", "end_time": 3116}, {"start_time": 3116, "title": "Ms. Radio", "end_time": 3384}, {"start_time": 3384, "title": "Ending", "end_time": 3393}]
https://www.youtube.com/watch?v=29LAlyYZrQw	9799	"20231029"	22	NA
https://www.youtube.com/watch?v=2pawgnBDsg0	7845	"20260822"	14	NA
https://www.youtube.com/watch?v=34lNAAPtM2o	7807	"20260827"	8	NA
https://www.youtube.com/watch?v=2vYZqr4u8v0	7073	"20260811"	7	NA
https://www.youtube.com/watch?v=34ruk_clN1s	37815	"20260119"	947	NA
https://www.youtube.com/watch?v=3ov33qqON3o	7649	"20260822"	5	NA
https://www.youtube.com/watch?v=3VJ7YYYlTx0	995	"20240920"	589	NA
https://www.youtube.com/watch?v=38if1LeBLJc	12248	"20260315"	760	NA
https://www.youtube.com/watch?v=4Dbw6GIOKjE	4587	"20250530"	18	NA
https://www.youtube.com/watch?v=5GIdQUjjDpQ	3028	"20240210"	64	NA
https://www.youtube.com/watch?v=4j8VpS_FrIw	28712	"20260518"	2	NA
https://www.youtube.com/watch?v=5BPuFciNt80	1021	"20240115"	164	[{"start_time": 0, "title": "Dismissing the fog", "end_time": 204}, {"start_time": 204, "title": "The culprit", "end_time": 487}, {"start_time": 487, "title": "Rescue team arrival", "end_time": 579}, {"start_time": 579, "title": "Clinic, Scorched Woods", "end_time": 1021}]
https://www.youtube.com/watch?v=4JLxMAcojhU	15389	"20251115"	60	NA
https://www.youtube.com/watch?v=5GfbOMxIEnM	7963	"20250131"	2909	[{"start_time": 0, "title": "Part 0 \"Manhunt\"", "end_time": 558}, {"start_time": 558, "title": "Part 1 \"A Game of Dice\"", "end_time": 1332}, {"start_time": 1332, "title": "Part 2 Gameplay", "end_time": 1420}, {"start_time": 1420, "title": "Part 2.1 \"Finding Sandro\"", "end_time": 1600}, {"start_time": 1600, "title": "Part 2 Gameplay", "end_time": 1689}, {"start_time": 1689, "title": "Part 2.2 \"Finding Sandro\"", "end_time": 1941}, {"start_time": 1941, "title": "Part 2 Gameplay", "end_time": 1993}, {"start_time": 1993, "title": "Part 2.3 \"Finding Sandro\"", "end_time": 2219}, {"start_time": 2219, "title": "Part 3.1 \"Perilous Rainforest\"", "end_time": 2552}, {"start_time": 2552, "title": "Part 3 Battle", "end_time": 2644}, {"start_time": 2644, "title": "Part 3.2 \"Perilous Rainforest\"", "end_time": 3378}, {"start_time": 3378, "title": "Part 4 Gameplay", "end_time": 3421}, {"start_time": 3421, "title": "Part 4.1 \"Carnival Fireworks\"", "end_time": 3795}, {"start_time": 3795, "title": "Part 4 Gameplay", "end_time": 3858}, {"start_time": 3858, "title": "Part 4.2 \"Carnival Fireworks\"", "end_time": 4213}, {"start_time": 4213, "title": "Part 4 Gameplay", "end_time": 4261}, {"start_time": 4261, "title": "Part 5 \"Mapinguari\"", "end_time": 4946}, {"start_time": 4946, "title": "Part 6 \"Alchemy Accident\"", "end_time": 6102}, {"start_time": 6102, "title": "Part 6 Gameplay", "end_time": 6304}, {"start_time": 6304, "title": "Part 7.1 \"No Place to Go\"", "end_time": 6471}, {"start_time": 6471, "title": "Part 7 Battle", "end_time": 6568}, {"start_time": 6568, "title": "Part 7.2 \"No Place to Go\"", "end_time": 7334}, {"start_time": 7334, "title": "Part 8 \"The Ones on the Bank\"", "end_time": 7938}, {"start_time": 7938, "title": "Outro", "end_time": 7963}]
https://www.youtube.com/watch?v=5cYsAjK0q0Q	11220	"20260407"	20	NA
https://www.youtube.com/watch?v=5kLjK85EyXM	26371	"20250925"	22566	[{"start_time": 0, "title": "Paradise Regained", "end_time": 6}, {"start_time": 6, "title": "Part 1 \"Annum Novum Faustum et Beatum\"", "end_time": 491}, {"start_time": 491, "title": "Trail \"Antarctic Landing\"", "end_time": 587}, {"start_time": 587, "title": "Part 2.1 \"The Rime of the Ancient Mariner\"", "end_time": 1160}, {"start_time": 1160, "title": "Part 2 Battle", "end_time": 1293}, {"start_time": 1293, "title": "Part 2.2 \"The Rime of the Ancient Mariner\"", "end_time": 1579}, {"start_time": 1579, "title": "Trail \"Ghost Story\"", "end_time": 1635}, {"start_time": 1635, "title": "Part 3 \"An Icy Road\"", "end_time": 2283}, {"start_time": 2283, "title": "Part 4 \"My Travel Companions\"", "end_time": 3067}, {"start_time": 3067, "title": "Part 4 Battle", "end_time": 3180}, {"start_time": 3180, "title": "Part 5 \"Et tu Brute?\"", "end_time": 3738}, {"start_time": 3738, "title": "Trail \"The Next Step\"", "end_time": 3801}, {"start_time": 3801, "title": "Trail \"Workplace Survival Guide\"", "end_time": 3840}, {"start_time": 3840, "title": "Part 6.1 \"Have a safe journey.\"", "end_time": 4787}, {"start_time": 4787, "title": "Part 6 Battle", "end_time": 4910}, {"start_time": 4910, "title": "Part 6.2 \"Have a safe journey.\"", "end_time": 5006}, {"start_time": 5006, "title": "Part 7.1 \"Under Glaring Light\"", "end_time": 5626}, {"start_time": 5626, "title": "Part 7 Battle", "end_time": 5757}, {"start_time": 5757, "title": "Part 7.2 \"Under Glaring Light\"", "end_time": 5839}, {"start_time": 5839, "title": "Part 8 \"The Worst Journey in the World\"", "end_time": 6622}, {"start_time": 6622, "title": "Part 9.1 \"The Fool and the High Priestess\"", "end_time": 7198}, {"start_time": 7198, "title": "Part 9 Battle", "end_time": 7283}, {"start_time": 7283, "title": "Part 9.2 \"The Fool and the High Priestess\"", "end_time": 7523}, {"start_time": 7523, "title": "Trail \"The Measure of Loyalty\"", "end_time": 7620}, {"start_time": 7620, "title": "Part 10 \"The Call of the Wild\"", "end_time": 8169}, {"start_time": 8169, "title": "Part 11.1 \"Des pas sur la neige\"", "end_time": 8783}, {"start_time": 8783, "title": "Part 11 Mind's Eye", "end_time": 9033}, {"start_time": 9033, "title": "Part 11.2 \"Des pas sur la neige\"", "end_time": 9349}, {"start_time": 9349, "title": "Trail \"Metaphor in the Fresco\"", "end_time": 9466}, {"start_time": 9466, "title": "Part 12 \"Just Another Laplace Experiment\"", "end_time": 10505}, {"start_time": 10505, "title": "Trail \"Outdoor Experiment\"", "end_time": 10835}, {"start_time": 10835, "title": "Trail Gameplay 1", "end_time": 11120}, {"start_time": 11120, "title": "Trail Battle", "end_time": 11207}, {"start_time": 11207, "title": "Trail Gameplay 2", "end_time": 11343}, {"start_time": 11343, "title": "Part 13.1 \"The Nine-Layered City\"", "end_time": 12404}, {"start_time": 12404, "title": "Part 13 Battle", "end_time": 12518}, {"start_time": 12518, "title": "Part 13.2 \"The Nine-Layered City\"", "end_time": 12719}, {"start_time": 12719, "title": "Part 14 \"My Dear Siblings\"", "end_time": 13384}, {"start_time": 13384, "title": "Part 15 \"In the Mouth of Madness\"", "end_time": 14208}, {"start_time": 14208, "title": "Trail \"Dark Fairy Tale\"", "end_time": 14292}, {"start_time": 14292, "title": "Part 16 \"The Broken Land of Bliss\"", "end_time": 15730}, {"start_time": 15730, "title": "Part 17.1 \"The Owl of Minerva\"", "end_time": 16511}, {"start_time": 16511, "title": "Part 17 Battle", "end_time": 16675}, {"start_time": 16675, "title": "Part 17.2 \"The Owl of Minerva\"", "end_time": 16788}, {"start_time": 16788, "title": "Part 18 \"To a Skylark\"", "end_time": 17834}, {"start_time": 17834, "title": "Trail \"A Debate on Religion\"", "end_time": 17914}, {"start_time": 17914, "title": "Part 19.1 \"Same Road, Different Destinations\"", "end_time": 18562}, {"start_time": 18562, "title": "Part 19 Battle", "end_time": 18707}, {"start_time": 18707, "title": "Part 19.2 \"Same Road, Different Destinations\"", "end_time": 19027}, {"start_time": 19027, "title": "Trail \"Paper and Sand Table\"", "end_time": 19081}, {"start_time": 19081, "title": "Part 20 \"The Weaving of Our Pasts\"", "end_time": 19943}, {"start_time": 19943, "title": "Part 21.1 \"The Way I Came\"", "end_time": 20997}, {"start_time": 20997, "title": "Part 21 Battle", "end_time": 21123}, {"start_time": 21123, "title": "Part 21.2 \"The Way I Came\"", "end_time": 21341}, {"start_time": 21341, "title": "Part 22.1 \"By Their Untainted Blood\"", "end_time": 21664}, {"start_time": 21664, "title": "Part 22 Battle", "end_time": 21785}, {"start_time": 21785, "title": "Part 22.2 \"By Their Untainted Blood\"", "end_time": 21856}, {"start_time": 21856, "title": "Mother of Resurrection", "end_time": 21979}, {"start_time": 21979, "title": "Trail \"Black and White\"", "end_time": 22067}, {"start_time": 22067, "title": "Part 23 \"And Then Came the Savior\"", "end_time": 22938}, {"start_time": 22938, "title": "\"Against The Flood\" Sequence 1", "end_time": 23472}, {"start_time": 23472, "title": "\"Against The Flood\" Sequence 2", "end_time": 23721}, {"start_time": 23721, "title": "\"Against The Flood\" Sequence 3", "end_time": 23939}, {"start_time": 23939, "title": "\"Against The Flood\" Sequence 4", "end_time": 24186}, {"start_time": 24186, "title": "\"Against The Flood\" Sequence 5", "end_time": 24841}, {"start_time": 24841, "title": "Trail \"Gill-Breathing\"", "end_time": 24915}, {"start_time": 24915, "title": "Part 24 \"The Other Bank of the River\"", "end_time": 25621}, {"start_time": 25621, "title": "Trail \"Breathe Again\"", "end_time": 25740}, {"start_time": 25740, "title": "Part 25 \"Apocalypsis cum figuris\"", "end_time": 26132}, {"start_time": 26132, "title": "The \"Storm\" of 1991", "end_time": 26220}, {"start_time": 26220, "title": "Trail \"Distortion\"", "end_time": 26283}, {"start_time": 26283, "title": "Credits", "end_time": 26371}]
https://www.youtube.com/watch?v=69xvMuwStGs	24097	"20250930"	81	[{"start_time": 0, "title": "Intro", "end_time": 133}, {"start_time": 133, "title": "Annum Fovum Fastum et Beatum - Part 1", "end_time": 610}, {"start_time": 610, "title": "Antarctic Landing", "end_time": 700}, {"start_time": 700, "title": "The Rime of the Ancient Mariner - Part 2", "end_time": 1601}, {"start_time": 1601, "title": "Ghost Radio", "end_time": 1648}, {"start_time": 1648, "title": "An Icy Road - Part 3", "end_time": 2286}, {"start_time": 2286, "title": "My Travel Companions - Part 4", "end_time": 3073}, {"start_time": 3073, "title": "Et tu, Brute? - Part 5", "end_time": 3628}, {"start_time": 3628, "title": "The Next Step", "end_time": 3672}, {"start_time": 3672, "title": "Workplace Survival Guide", "end_time": 3745}, {"start_time": 3745, "title": "Safe Driving - Part 6", "end_time": 4775}, {"start_time": 4775, "title": "Under Glaring Light - Part 7", "end_time": 5499}, {"start_time": 5499, "title": "The Worst Journey in the World - Part 8", "end_time": 6283}, {"start_time": 6283, "title": "The Fool and the High Priestess - Part 9", "end_time": 7120}, {"start_time": 7120, "title": "The Measure of Loyalty", "end_time": 7219}, {"start_time": 7219, "title": "The Call of the Wild - Part 10", "end_time": 7765}, {"start_time": 7765, "title": "Des pas sur la neige - Part 11", "end_time": 8867}, {"start_time": 8867, "title": "Metaphor in the Fresco", "end_time": 8976}, {"start_time": 8976, "title": "Just Another Laplace Experiment - Part 12", "end_time": 10013}, {"start_time": 10013, "title": "Outdoor Experiment", "end_time": 10593}, {"start_time": 10593, "title": "The Nine-Layered City - Part 13", "end_time": 11871}, {"start_time": 11871, "title": "My Dear Siblings - Part 14", "end_time": 12532}, {"start_time": 12532, "title": "In the Mouth of Madness - Part 15", "end_time": 13356}, {"start_time": 13356, "title": "Tales of the Mother Spirit", "end_time": 13436}, {"start_time": 13436, "title": "The Broken Land of Bliss - Part 16", "end_time": 14880}, {"start_time": 14880, "title": "The Owl of Minerva - Part 17", "end_time": 15823}, {"start_time": 15823, "title": "To a Skylark - Part 18", "end_time": 16863}, {"start_time": 16863, "title": "A Debate on Religion", "end_time": 16934}, {"start_time": 16934, "title": "Same Road, Different Destinations - Part 19", "end_time": 17907}, {"start_time": 17907, "title": "Operation Day", "end_time": 17999}, {"start_time": 17999, "title": "The Weaving of Our Pasts - Part 20", "end_time": 18865}, {"start_time": 18865, "title": "The Way I Came - Part 21", "end_time": 20145}, {"start_time": 20145, "title": "By Their Unsullied Blood - Part 22", "end_time": 20688}, {"start_time": 20688, "title": "Black and White", "end_time": 20751}, {"start_time": 20751, "title": "And Then Came the Savior - Part 23", "end_time": 21616}, {"start_time": 21616, "title": "Against the Flood", "end_time": 22640}, {"start_time": 22640, "title": "Gill-Breathing", "end_time": 22709}, {"start_time": 22709, "title": "The Other Bank of the River - Part 24", "end_time": 23412}, {"start_time": 23412, "title": "Breathe Again", "end_time": 23518}, {"start_time": 23518, "title": "Apocalypsis cum figuris - Part 25", "end_time": 24000}, {"start_time": 24000, "title": "Discussion over the Radio", "end_time": 24097}]
https://www.youtube.com/watch?v=6KdeXw2K7J0	12044	"20260820"	7	NA
https://www.youtube.com/watch?v=6NGCZzrCtq0	10430	"20231028"	201	NA
https://www.youtube.com/watch?v=6SLZugO3_GQ	15618	"20251004"	5	NA
https://www.youtube.com/watch?v=6eY3j6Iw2rc	84565	"20260731"	5770	NA
https://www.youtube.com/watch?v=6kE5OdCsYas	18329	"20251103"	2644	NA
https://www.youtube.com/watch?v=6n8kq3JN7sA	8128	"20250122"	3646	[{"start_time": 0, "title": "Part 1 \"Papaya and Predators\"", "end_time": 1181}, {"start_time": 1181, "title": "Part 2 \"Parrots and Swamps\"", "end_time": 2076}, {"start_time": 2076, "title": "Part 3 \"An Evening to Remember\"", "end_time": 3275}, {"start_time": 3275, "title": "Part 4 \"A Star Fallen\"", "end_time": 4183}, {"start_time": 4183, "title": "Part 5 \"Sleeptalking\"", "end_time": 4819}, {"start_time": 4819, "title": "Part 6 \"Fall of the Fortress\"", "end_time": 5973}, {"start_time": 5973, "title": "Part 7 \"Blood-Soaked Earth\"", "end_time": 6999}, {"start_time": 6999, "title": "Part 8 \"O, Mother\"", "end_time": 7609}, {"start_time": 7609, "title": "EX-1 \"Hunters and Prey\"", "end_time": 7759}, {"start_time": 7759, "title": "EX-2 \"The Job\"", "end_time": 8038}, {"start_time": 8038, "title": "The future's. ... Empty.", "end_time": 8103}, {"start_time": 8103, "title": "Outro", "end_time": 8128}]
https://www.youtube.com/watch?v=6q5eXV2X_wU	10182	"20240325"	20	NA
https://www.youtube.com/watch?v=6nk1IUSEXNw	1401	"20260408"	10	[{"start_time": 0, "title": "Vereinsamt", "end_time": 14}, {"start_time": 14, "title": "(JP) -8- Oracles at Delphi", "end_time": 800}, {"start_time": 800, "title": "(EN)-8- Oracles at Delphi", "end_time": 1401}]
https://www.youtube.com/watch?v=82eiBPuYcdI	7796	"20250123"	24	[{"start_time": 0, "end_time": 38, "title": "<Untitled Chapter 1>"}, {"start_time": 38, "title": "Part 9 - Aged Like Fine Wine", "end_time": 1301}, {"start_time": 1301, "title": "Part 10 - Boarding the White Ship", "end_time": 2015}, {"start_time": 2015, "title": "Part 11 - Sao Paolo Bossa Nova", "end_time": 2991}, {"start_time": 2991, "title": "Part 12 - \"Silent Night, Holy Night\"", "end_time": 3692}, {"start_time": 3692, "title": "Part 13 - Boto Cor-de-Rosa", "end_time": 4562}, {"start_time": 4562, "title": "Part 14 - The Sleepless Man", "end_time": 5468}, {"start_time": 5468, "title": "Part 15 - The Northern Falcon", "end_time": 6716}, {"start_time": 6716, "title": "Part 16 - \"Family Reunion\"", "end_time": 7796}]
https://www.youtube.com/watch?v=6tQGtc0kUzI	8171	"20260613"	17	NA
https://www.youtube.com/watch?v=88WO7JpoJHw	9634	"20251011"	81	NA
https://www.youtube.com/watch?v=8AkNZn7QkVM	1471	"20260815"	183	[{"start_time": 0, "title": "Story", "end_time": 291}, {"start_time": 291, "title": "Battle", "end_time": 401}, {"start_time": 401, "title": "Story", "end_time": 1152}, {"start_time": 1152, "title": "End", "end_time": 1275}, {"start_time": 1275, "title": "Traces", "end_time": 1471}]
https://www.youtube.com/watch?v=8XyGpeMWk7s	10110	"20260629"	9	NA
https://www.youtube.com/watch?v=8Ni931PCeCA	25145	"20251025"	94	[{"start_time": 0, "title": "Members Shoutout", "end_time": 11}, {"start_time": 11, "title": "Chapter 10 Trailer", "end_time": 140}, {"start_time": 140, "title": "Part 1", "end_time": 621}, {"start_time": 621, "title": "Part 2", "end_time": 1616}, {"start_time": 1616, "title": "Part 3", "end_time": 2254}, {"start_time": 2254, "title": "Part 4", "end_time": 3156}, {"start_time": 3156, "title": "Part 5", "end_time": 3704}, {"start_time": 3704, "title": "The Next Step", "end_time": 3781}, {"start_time": 3781, "title": "Workplace Survival Guide", "end_time": 3883}, {"start_time": 3883, "title": "Part 6", "end_time": 4972}, {"start_time": 4972, "title": "Part 7", "end_time": 5748}, {"start_time": 5748, "title": "Part 8", "end_time": 6532}, {"start_time": 6532, "title": "Part 9", "end_time": 7444}, {"start_time": 7444, "title": "Part 10", "end_time": 7988}, {"start_time": 7988, "title": "Part 11", "end_time": 9068}, {"start_time": 9068, "title": "Part 12", "end_time": 10103}, {"start_time": 10103, "title": "Outdoor Experiment", "end_time": 11009}, {"start_time": 11009, "title": "Part 13", "end_time": 12414}, {"start_time": 12414, "title": "Part 14", "end_time": 13071}, {"start_time": 13071, "title": "Part 15", "end_time": 13888}, {"start_time": 13888, "title": "Part 16", "end_time": 15330}, {"start_time": 15330, "title": "Part 17", "end_time": 16375}, {"start_time": 16375, "title": "Part 18", "end_time": 17416}, {"start_time": 17416, "title": "Part 19", "end_time": 18451}, {"start_time": 18451, "title": "Part 20", "end_time": 19315}, {"start_time": 19315, "title": "Part 21", "end_time": 20667}, {"start_time": 20667, "title": "Part 22", "end_time": 21302}, {"start_time": 21302, "title": "Black and White", "end_time": 21392}, {"start_time": 21392, "title": "Part 23", "end_time": 22255}, {"start_time": 22255, "title": "Against the Flood", "end_time": 23843}, {"start_time": 23843, "title": "Gill Breathing", "end_time": 23945}, {"start_time": 23945, "title": "Part 24", "end_time": 24648}, {"start_time": 24648, "title": "Part 25", "end_time": 25145}]
https://www.youtube.com/watch?v=8O3hgKbSeDk	2478	"20250223"	153	[{"start_time": 0, "title": "Members Shoutout", "end_time": 11}, {"start_time": 11, "title": "Trailer", "end_time": 131}, {"start_time": 131, "title": "Prologue", "end_time": 2478}]
https://www.youtube.com/watch?v=8oL03F1w3Ns	24176	"20250606"	80	[{"start_time": 0, "title": "Chapter 9 Story Trailer", "end_time": 262}, {"start_time": 262, "title": "Cutscene 01: Prologue", "end_time": 988}, {"start_time": 988, "title": "Stage 01: Prologue", "end_time": 1113}, {"start_time": 1113, "title": "Cutscene 01: Prologue (Continued)", "end_time": 1263}, {"start_time": 1263, "title": "The Circling Ghost", "end_time": 1448}, {"start_time": 1448, "title": "Buenos Aires Division: Intake Report", "end_time": 1583}, {"start_time": 1583, "title": "Stage 01: Prologue (Hard)", "end_time": 1683}, {"start_time": 1683, "title": "Cutscene 02: More than Circles", "end_time": 2284}, {"start_time": 2284, "title": "Ushuaia, the End of the World", "end_time": 2383}, {"start_time": 2383, "title": "Cutscene 03: The Place That Time Forgot", "end_time": 2641}, {"start_time": 2641, "title": "Stage 03: The Place That Time Forgot", "end_time": 2704}, {"start_time": 2704, "title": "Cutscene 03: The Place That Time Forgot (Continued)", "end_time": 2871}, {"start_time": 2871, "title": "Stage 03: The Place That Time Forgot (Hard)", "end_time": 2928}, {"start_time": 2928, "title": "National Foucault", "end_time": 3007}, {"start_time": 3007, "title": "Cutscene 04: Comala's Callers", "end_time": 3726}, {"start_time": 3726, "title": "The Weaving of Shadows, Volume I", "end_time": 4120}, {"start_time": 4120, "title": "To the Pen Pal I Never Met", "end_time": 4202}, {"start_time": 4202, "title": "Cutscene 05: A Latin American Fable", "end_time": 4958}, {"start_time": 4958, "title": "Stage 05: A Latin American Fable", "end_time": 5202}, {"start_time": 5202, "title": "Stage 05: A Latin American Fable (Hard)", "end_time": 5341}, {"start_time": 5341, "title": "The Weaving of Shadows, Volume II", "end_time": 5840}, {"start_time": 5840, "title": "El Sur Tambi\u00e9n Existe", "end_time": 6083}, {"start_time": 6083, "title": "Cutscene 06: Shadows of the Living", "end_time": 7090}, {"start_time": 7090, "title": "Stage 06: Shadows of the Living", "end_time": 7320}, {"start_time": 7320, "title": "Cutscene 06: Shadows of the Living (Continued)", "end_time": 7509}, {"start_time": 7509, "title": "Stage 06: Shadows of the Living (Hard)", "end_time": 7605}, {"start_time": 7605, "title": "The Weaving of Shadows, Volume III", "end_time": 8025}, {"start_time": 8025, "title": "Typewriter Record #P5", "end_time": 8105}, {"start_time": 8105, "title": "Cutscene 07: Passion and Delirium", "end_time": 8395}, {"start_time": 8395, "title": "Stage 07: Passion and Delirium", "end_time": 8517}, {"start_time": 8517, "title": "Cutscene 07: Passion and Delirium (Continued)", "end_time": 8993}, {"start_time": 8993, "title": "The Weaving of Shadows, Volume IV", "end_time": 9554}, {"start_time": 9554, "title": "Stage 07: Passion and Delirium (Hard)", "end_time": 9649}, {"start_time": 9649, "title": "Cutscene 08: The Spider's Web", "end_time": 10710}, {"start_time": 10710, "title": "Stage 08: The Spider's Web", "end_time": 10827}, {"start_time": 10827, "title": "Stage 08: The Spider's Web (Hard)", "end_time": 10915}, {"start_time": 10915, "title": "Typewriter Record #p125", "end_time": 10993}, {"start_time": 10993, "title": "Cutscene 09: The Central Tower", "end_time": 11916}, {"start_time": 11916, "title": "On Zeno Defectors", "end_time": 11952}, {"start_time": 11952, "title": "Prison Reform Notes", "end_time": 12047}, {"start_time": 12047, "title": "Cutscene 10: The Ant Mill", "end_time": 13027}, {"start_time": 13027, "title": "Treatments, Entry 303", "end_time": 13061}, {"start_time": 13061, "title": "Gamble of Fate", "end_time": 13280}, {"start_time": 13280, "title": "Cutscene 11: Soothsayer, Worldmaker", "end_time": 13387}, {"start_time": 13387, "title": "Stage 11: Soothsayer, Worldmaker", "end_time": 13500}, {"start_time": 13500, "title": "Cutscene 11: Soothsayer, Worldmaker (Continued)", "end_time": 14273}, {"start_time": 14273, "title": "Stage 11: Sao Paulo Bossa Nova (Hard)", "end_time": 14401}, {"start_time": 14401, "title": "The Weaving of Shadows, Volume V", "end_time": 15096}, {"start_time": 15096, "title": "Trace and Shop (slight break)", "end_time": 15348}, {"start_time": 15348, "title": "Cutscene 12: Behind the Operating Curtain", "end_time": 16252}, {"start_time": 16252, "title": "A Clipping", "end_time": 16343}, {"start_time": 16343, "title": "Cutscene 13: Master of the Labyrinth", "end_time": 16672}, {"start_time": 16672, "title": "Stage 13: Master of the Labyrinth", "end_time": 16789}, {"start_time": 16789, "title": "Cutscene 13: Master of the Labyrinth (Continued)", "end_time": 17171}, {"start_time": 17171, "title": "Stage 13: Master of the Labyrinth (Hard)", "end_time": 17233}, {"start_time": 17233, "title": "Philosophy in Motion", "end_time": 17344}, {"start_time": 17344, "title": "Cutscene 14: The Mask in the Mirror", "end_time": 17904}, {"start_time": 17904, "title": "Draft of a Single Incantation", "end_time": 17956}, {"start_time": 17956, "title": "A Tattered Invitation", "end_time": 17989}, {"start_time": 17989, "title": "Cutscene 15: Aleph", "end_time": 18753}, {"start_time": 18753, "title": "Stage 15: Aleph", "end_time": 19086}, {"start_time": 19086, "title": "Cutscene 15: Aleph (Continued)", "end_time": 19296}, {"start_time": 19296, "title": "Stage 15: Aleph (Hard)", "end_time": 20069}, {"start_time": 20069, "title": "Cutscene 16: The Boundary of Fiction", "end_time": 20220}, {"start_time": 20220, "title": "Stage 16: The Boundary of Fiction", "end_time": 20362}, {"start_time": 20362, "title": "Cutscene 16: The Boundary of Fiction (Continued)", "end_time": 20426}, {"start_time": 20426, "title": "Stage 16: The Boundary of Fiction (Hard)", "end_time": 20480}, {"start_time": 20480, "title": "Book ... Fair Guide", "end_time": 20542}, {"start_time": 20542, "title": "Cutscene 17: Ghosts of the Past", "end_time": 21541}, {"start_time": 21541, "title": "Armed with Literature", "end_time": 21757}, {"start_time": 21757, "title": "Cutscene 18: In Praise of Folly", "end_time": 21854}, {"start_time": 21854, "title": "Stage 18: In Praise of Folly", "end_time": 21935}, {"start_time": 21935, "title": "Cutscene 18: In Praise of Folly (Continued)", "end_time": 22158}, {"start_time": 22158, "title": "Stage 18: In Praise of Folly (Hard)", "end_time": 22226}, {"start_time": 22226, "title": "Ship of Fools", "end_time": 22499}, {"start_time": 22499, "title": "Cutscene 19: Aspects of Madness", "end_time": 23067}, {"start_time": 23067, "title": "A Journey To and Fro", "end_time": 23110}, {"start_time": 23110, "title": "Cutscene 20: In the Place of My Ashes", "end_time": 23871}, {"start_time": 23871, "title": "A Secret Meeting", "end_time": 23966}, {"start_time": 23966, "title": "End/Shop/etc", "end_time": 24176}]
https://www.youtube.com/watch?v=98tISYCGyn8	12827	"20240402"	1567	NA
https://www.youtube.com/watch?v=99ykPkZquEI	26124	"20260826"	26667	NA
https://www.youtube.com/watch?v=9PYw2SChHGw	4706	"20250404"	208	[{"start_time": 0, "title": "Members Shoutout", "end_time": 11}, {"start_time": 11, "title": "Part 1", "end_time": 900}, {"start_time": 900, "title": "Part 2", "end_time": 1463}, {"start_time": 1463, "title": "Part 3", "end_time": 2240}, {"start_time": 2240, "title": "Part 4", "end_time": 3114}, {"start_time": 3114, "title": "Part 5", "end_time": 4194}, {"start_time": 4194, "title": "Part 6", "end_time": 4706}]
https://www.youtube.com/watch?v=9lUMnt4XSIE	29559	"20250920"	1135	NA
https://www.youtube.com/watch?v=AZ2u43L_Gxc	1928	"20241004"	5816	NA
https://www.youtube.com/watch?v=AbFijQhxS6U	930	"20240412"	23	NA
https://www.youtube.com/watch?v=B-8lx8OpuII	1474	"20240308"	52	NA
https://www.youtube.com/watch?v=Ad39k31mj6I	2133	"20231110"	29	NA
https://www.youtube.com/watch?v=Acftfizw5rk	935	"20240303"	35	NA
https://www.youtube.com/watch?v=BA_gLtv0bqI	20332	"20230601"	2022	NA
https://www.youtube.com/watch?v=BFBz_0rSTTA	20306	"20250706"	97	[{"start_time": 0, "title": "Intro", "end_time": 200}, {"start_time": 200, "title": "Prologue - Part 1", "end_time": 1057}, {"start_time": 1057, "title": "The Circling Ghost", "end_time": 1197}, {"start_time": 1197, "title": "The Ushuaia Port Explosion", "end_time": 1281}, {"start_time": 1281, "title": "Buenos Aires Division: Intake Report", "end_time": 1321}, {"start_time": 1321, "title": "More than Circles - Part 2", "end_time": 1916}, {"start_time": 1916, "title": "Ushuaia, the End of the World", "end_time": 1968}, {"start_time": 1968, "title": "The Place Tat Time Forgot - Part 3", "end_time": 2385}, {"start_time": 2385, "title": "National Foucault Studies Association", "end_time": 2454}, {"start_time": 2454, "title": "Comala's Callers - Part 4", "end_time": 3165}, {"start_time": 3165, "title": "The Weaving of Shadows, Volume I", "end_time": 3550}, {"start_time": 3550, "title": "To the Pen Pal I Never Met", "end_time": 3617}, {"start_time": 3617, "title": "A Latin America Fable - Part 5", "end_time": 4408}, {"start_time": 4408, "title": "El Sur Tambi\u00e9n Existe", "end_time": 4605}, {"start_time": 4605, "title": "The Weaving of Shadows, Volume II", "end_time": 5102}, {"start_time": 5102, "title": "Shadows of the Living - Part 6", "end_time": 6287}, {"start_time": 6287, "title": "The Weaving of Shadows, Volume III", "end_time": 6699}, {"start_time": 6699, "title": "Typewriter Record #P5", "end_time": 6773}, {"start_time": 6773, "title": "Passion and Delirium - Part 7", "end_time": 7531}, {"start_time": 7531, "title": "The Weaving of Shadows, Volume IV", "end_time": 8087}, {"start_time": 8087, "title": "The Spider's Web - PArt 8", "end_time": 9149}, {"start_time": 9149, "title": "Typewriter Record #P12", "end_time": 9220}, {"start_time": 9220, "title": "The Central Tower - Part 9", "end_time": 10137}, {"start_time": 10137, "title": "Prison Reform Notes", "end_time": 10207}, {"start_time": 10207, "title": "On Zeno Defectors", "end_time": 10230}, {"start_time": 10230, "title": "The Ant Mill - Part 10", "end_time": 11206}, {"start_time": 11206, "title": "Treatments, Entry 303", "end_time": 11222}, {"start_time": 11222, "title": "Gamble of Fate", "end_time": 11394}, {"start_time": 11394, "title": "Soothsayer, Worldmaker - Part 11", "end_time": 12256}, {"start_time": 12256, "title": "The Weaving of Shadows, Volume V", "end_time": 12933}, {"start_time": 12933, "title": "Behind the Operating Curtain - Part 12", "end_time": 13834}, {"start_time": 13834, "title": "A Clipping", "end_time": 13901}, {"start_time": 13901, "title": "Master of the Labyrinth - Part 13", "end_time": 14640}, {"start_time": 14640, "title": "Philosophy in Motion", "end_time": 14713}, {"start_time": 14713, "title": "The Mask in the Mirror - Part 14", "end_time": 15272}, {"start_time": 15272, "title": "Draft of a Strange Incantation", "end_time": 15308}, {"start_time": 15308, "title": "A Tattered Invitation", "end_time": 15325}, {"start_time": 15325, "title": "Aleph - Part 15", "end_time": 16294}, {"start_time": 16294, "title": "An Unsent Letter", "end_time": 16317}, {"start_time": 16317, "title": "The Boundary of Fiction - Part 16", "end_time": 17160}, {"start_time": 17160, "title": "Book ... Fair Guide", "end_time": 17185}, {"start_time": 17185, "title": "Ghosts of the Past - Part 17", "end_time": 18181}, {"start_time": 18181, "title": "Armed with Literature", "end_time": 18347}, {"start_time": 18347, "title": "In Praise of Folly - Part 18", "end_time": 18661}, {"start_time": 18661, "title": "Ship of Fools", "end_time": 18866}, {"start_time": 18866, "title": "Aspects of Madness - Part 19", "end_time": 19432}, {"start_time": 19432, "title": "A Journey to and Fro", "end_time": 19470}, {"start_time": 19470, "title": "In the Place of My Ashes - Part 20", "end_time": 20227}, {"start_time": 20227, "title": "A Secret Meeting", "end_time": 20306}]
https://www.youtube.com/watch?v=B6uAEitHoAw	2029	"20231101"	423	NA
https://www.youtube.com/watch?v=BTI3TY5DCfA	12310	"20231028"	59	NA
https://www.youtube.com/watch?v=CIAbIOrO4eI	2219	"20231026"	4381	NA
https://www.youtube.com/watch?v=CaWF7tfcKcU	33846	"20260222"	907	NA
https://www.youtube.com/watch?v=CYp1g7FF9Wg	15222	"20251125"	516	NA
https://www.youtube.com/watch?v=Ce-O_xIlILU	7716	"20250927"	21	NA
https://www.youtube.com/watch?v=CkAy8qum7GE	17130	"20240326"	306	NA
https://www.youtube.com/watch?v=DFbgW75HNgA	1338	"20240331"	35	NA
https://www.youtube.com/watch?v=DbwCGn9fE1I	10447	"20251108"	510	NA
https://www.youtube.com/watch?v=DhL0_eUxcaQ	1614	"20240414"	54	NA
https://www.youtube.com/watch?v=CxRbHRxIt7E	949	"20260611"	2	[{"start_time": 0, "title": "Vereinsamt", "end_time": 14}, {"start_time": 14, "title": "Mirror and Curtains", "end_time": 830}, {"start_time": 830, "title": "Kakania Trailer - The Cracked Mirror", "end_time": 949}]
https://www.youtube.com/watch?v=DBaiIePSAEQ	2673	"20240930"	6037	[{"start_time": 0, "title": "To the New World", "end_time": 5}, {"start_time": 5, "title": "Regulus", "end_time": 277}, {"start_time": 277, "title": "37", "end_time": 419}, {"start_time": 419, "title": "Lilya", "end_time": 602}, {"start_time": 602, "title": "Sotheby", "end_time": 892}, {"start_time": 892, "title": "Druvis III", "end_time": 1074}, {"start_time": 1074, "title": "Lucy", "end_time": 1244}, {"start_time": 1244, "title": "Enigma", "end_time": 1412}, {"start_time": 1412, "title": "Mesmer Jr.", "end_time": 1613}, {"start_time": 1613, "title": "Matilda", "end_time": 1790}, {"start_time": 1790, "title": "Madam Z", "end_time": 1941}, {"start_time": 1941, "title": "APPLe", "end_time": 2129}, {"start_time": 2129, "title": "X", "end_time": 2274}, {"start_time": 2274, "title": "Sonetto", "end_time": 2463}, {"start_time": 2463, "title": "Ms. Radio", "end_time": 2619}, {"start_time": 2619, "title": "Emotion in Tranquility", "end_time": 2648}, {"start_time": 2648, "title": "Outro", "end_time": 2673}]
https://www.youtube.com/watch?v=E3nZmQ92FHk	6976	"20231201"	72	[{"start_time": 0, "end_time": 13, "title": "<Untitled Chapter 1>"}, {"start_time": 13, "title": "01/Chaldean Oracles", "end_time": 935}, {"start_time": 935, "title": "02/ Frog and Toffee", "end_time": 1789}, {"start_time": 1789, "title": "03/Stalkee", "end_time": 2332}, {"start_time": 2332, "title": "04/New Blood", "end_time": 2720}, {"start_time": 2720, "title": "05/A Deep Sleep", "end_time": 3480}, {"start_time": 3480, "title": "06/Black Sheep Walk", "end_time": 4425}, {"start_time": 4425, "title": "07/Scottish", "end_time": 5518}, {"start_time": 5518, "title": "08/ Scattered Pamphlets", "end_time": 6976}]
https://www.youtube.com/watch?v=E74udn67-fg	4648	"20251031"	59	NA
https://www.youtube.com/watch?v=EWww4dUiItc	12404	"20260825"	1457	NA
https://www.youtube.com/watch?v=DmgAVEFZqlE	23638	"20240714"	70606	[{"start_time": 0, "title": "E Lucevan Le Stelle", "end_time": 15}, {"start_time": 15, "title": "Trail \"Theater Impressions\"", "end_time": 290}, {"start_time": 290, "title": "Part 1 \"Razor in Green\"", "end_time": 1019}, {"start_time": 1019, "title": "Trail \"A Doctor Interpreting Dreams\"", "end_time": 1252}, {"start_time": 1252, "title": "Part 2 \"Drums of March\"", "end_time": 2135}, {"start_time": 2135, "title": "Trail \"Suggestion Box\"", "end_time": 2243}, {"start_time": 2243, "title": "Part 3 \"Fork and Torte\"", "end_time": 2585}, {"start_time": 2585, "title": "Part 3 Battle", "end_time": 2635}, {"start_time": 2635, "title": "Part 3 \"Fork and Torte\" Continuation", "end_time": 3327}, {"start_time": 3327, "title": "Trail \"Employee Notes\"", "end_time": 3430}, {"start_time": 3430, "title": "Part 4 \"Secession Building\"", "end_time": 3929}, {"start_time": 3929, "title": "Part 4 Battle", "end_time": 3981}, {"start_time": 3981, "title": "Part 4 \"Secession Building\" Continuation", "end_time": 4514}, {"start_time": 4514, "title": "Trail \"The Mitosis\"", "end_time": 4689}, {"start_time": 4689, "title": "Part 5 \"A Bad Seance\"", "end_time": 5026}, {"start_time": 5026, "title": "Part 5 Battle", "end_time": 5151}, {"start_time": 5151, "title": "Part 5 \"A Bad Seance\" Continuation", "end_time": 5360}, {"start_time": 5360, "title": "Part 6 \"Yes, Prime Minister\"", "end_time": 6058}, {"start_time": 6058, "title": "Part 6 Battle", "end_time": 6113}, {"start_time": 6113, "title": "Part 6 \"Yes, Prime Minister\" Continuation", "end_time": 6270}, {"start_time": 6270, "title": "Trail \"The Weight of a Name\"", "end_time": 6455}, {"start_time": 6455, "title": "Part 7 \"A \"Fair\" Duel\"", "end_time": 7442}, {"start_time": 7442, "title": "Part 7 Battle", "end_time": 7577}, {"start_time": 7577, "title": "Trail \"Ownerless Notebook\"", "end_time": 7649}, {"start_time": 7649, "title": "Part 8 \"Mirror and Lantern\"", "end_time": 8520}, {"start_time": 8520, "title": "Part 8 Battle", "end_time": 8812}, {"start_time": 8812, "title": "Trail \"Children of the Empire\"", "end_time": 8975}, {"start_time": 8975, "title": "Part 9 \"Between the Doors\"", "end_time": 9698}, {"start_time": 9698, "title": "Trail \"Friendly Exchange\"", "end_time": 9748}, {"start_time": 9748, "title": "Trail \"The Shadow in the Broken Mirror\"", "end_time": 9827}, {"start_time": 9827, "title": "Part 10 \"The Mind's Endoscope\"", "end_time": 10615}, {"start_time": 10615, "title": "Part 10 Battle", "end_time": 10920}, {"start_time": 10920, "title": "Trail \"Vienna Daily\"", "end_time": 10999}, {"start_time": 10999, "title": "Part 11 \"One-Act Play\"", "end_time": 12232}, {"start_time": 12232, "title": "Trail \"Trash\"", "end_time": 12322}, {"start_time": 12322, "title": "Part 12 \"Art Exhibit\"", "end_time": 13047}, {"start_time": 13047, "title": "Part 12 Battle", "end_time": 13134}, {"start_time": 13134, "title": "Trail \"Shoeshine Boys\"", "end_time": 13185}, {"start_time": 13185, "title": "Part 13 \"The Island\"", "end_time": 13879}, {"start_time": 13879, "title": "Trail \"Viennese Coffee\"", "end_time": 14087}, {"start_time": 14087, "title": "Part 14 \"Fitcher's Bird\"", "end_time": 14253}, {"start_time": 14253, "title": "Part 14 Battle", "end_time": 14340}, {"start_time": 14340, "title": "Part 14 \"Fitcher's Bird\" Continuation", "end_time": 14701}, {"start_time": 14701, "title": "Part 15 \"With Hope Rekindled\"", "end_time": 14917}, {"start_time": 14917, "title": "Part 15 Battle", "end_time": 14990}, {"start_time": 14990, "title": "Part 15 \"With Hope Rekindled\" Continuation", "end_time": 15568}, {"start_time": 15568, "title": "Trail \"The Night before the Gunshot\"", "end_time": 15818}, {"start_time": 15818, "title": "Part 16 \"Quest in the Woods\"", "end_time": 16697}, {"start_time": 16697, "title": "Trail \"The Roaming Rascal\"", "end_time": 16769}, {"start_time": 16769, "title": "Part 17 \"Art Above All\"", "end_time": 17272}, {"start_time": 17272, "title": "Part 18 \"Only Applause\"", "end_time": 17798}, {"start_time": 17798, "title": "Trail \"A Rainy Day Friend\"", "end_time": 17895}, {"start_time": 17895, "title": "Part 19 \"The Clashing Tides\"", "end_time": 18040}, {"start_time": 18040, "title": "Part 19 Battle", "end_time": 18117}, {"start_time": 18117, "title": "Part 19 \"The Clashing Tides\" Continuation", "end_time": 18486}, {"start_time": 18486, "title": "Trail \"Experiment Record\"", "end_time": 18621}, {"start_time": 18621, "title": "Part 20 \"War and Peace\"", "end_time": 19465}, {"start_time": 19465, "title": "Trail \"Heavy Door\"", "end_time": 19559}, {"start_time": 19559, "title": "Part 21 \"Double Cross\"", "end_time": 20073}, {"start_time": 20073, "title": "Part 21 Battle", "end_time": 20164}, {"start_time": 20164, "title": "Part 21 \"Double Cross\" Continuation", "end_time": 20431}, {"start_time": 20431, "title": "Trail \"Data Booklet\"", "end_time": 20487}, {"start_time": 20487, "title": "Part 22 \"Finished Page\"", "end_time": 21150}, {"start_time": 21150, "title": "Trail \"A Warrior's Song\"", "end_time": 21200}, {"start_time": 21200, "title": "Part 23 \"Hansel and Gretel\"", "end_time": 21821}, {"start_time": 21821, "title": "Part 24 \"E lucevan le stelle\"", "end_time": 22173}, {"start_time": 22173, "title": "Part 24 Final Boss \"Singing Phantom\"", "end_time": 22964}, {"start_time": 22964, "title": "Part 24 \"E lucevan le stelle\" Continuation", "end_time": 23390}, {"start_time": 23390, "title": "Trail \"White Envelope\"", "end_time": 23483}, {"start_time": 23483, "title": "Credits", "end_time": 23638}]
https://www.youtube.com/watch?v=EQIa687d2XI	1338	"20260331"	18	[{"start_time": 0, "title": "Vereinsamt", "end_time": 14}, {"start_time": 14, "title": "(JP) -5- Four Cross-Checks", "end_time": 679}, {"start_time": 679, "title": "Clue", "end_time": 717}, {"start_time": 717, "title": "(EN)-5- Four Cross-Checks", "end_time": 1338}]
https://www.youtube.com/watch?v=EX7L6GzvsY8	19386	"20250114"	95	NA
https://www.youtube.com/watch?v=EY5_ZHWKHgY	2069	"20241021"	22	NA
https://www.youtube.com/watch?v=F9iSnbf9-2A	21969	"20250604"	25211	[{"start_time": 0, "title": "Folie et D\u00e9raison", "end_time": 12}, {"start_time": 12, "title": "Part 1.1 \"Prologue\"", "end_time": 741}, {"start_time": 741, "title": "Part 1 Battle", "end_time": 784}, {"start_time": 784, "title": "Part 1.2 \"Prologue\"", "end_time": 921}, {"start_time": 921, "title": "Trail \"The Circling Ghost\"", "end_time": 1081}, {"start_time": 1081, "title": "Trail \"Buenos Aires Division: Intake Report", "end_time": 1130}, {"start_time": 1130, "title": "Trail \"The Ushuaia Port Explosion\"", "end_time": 1198}, {"start_time": 1198, "title": "Part 2 \"More than Circles\"", "end_time": 1798}, {"start_time": 1798, "title": "Trail \"Ushuaia, the End of the World\"", "end_time": 1883}, {"start_time": 1883, "title": "Part 3.1 \"The Place That Time Forgot\"", "end_time": 2147}, {"start_time": 2147, "title": "Part 3 Battle", "end_time": 2177}, {"start_time": 2177, "title": "Part 3.2 \"The Place That Time Forgot\"", "end_time": 2336}, {"start_time": 2336, "title": "Trail \"National Foucault Studies Association\"", "end_time": 2430}, {"start_time": 2430, "title": "Part 4 \"Comala's Callers\"", "end_time": 3148}, {"start_time": 3148, "title": "Trail \"To the Pen Pal I Never Met\"", "end_time": 3236}, {"start_time": 3236, "title": "The Weaving of Shadows, Volume I", "end_time": 3620}, {"start_time": 3620, "title": "Part 5 \"A Latin American Fable\"", "end_time": 4376}, {"start_time": 4376, "title": "Part 5 Battle", "end_time": 4557}, {"start_time": 4557, "title": "Trail \"El Sur Tambi\u00e9n Existe\"", "end_time": 4784}, {"start_time": 4784, "title": "The Weaving of Shadows, Volume II", "end_time": 5284}, {"start_time": 5284, "title": "Part 6.1 \"Shadows of the Living\"", "end_time": 6289}, {"start_time": 6289, "title": "Part 6 Battle", "end_time": 6366}, {"start_time": 6366, "title": "Part 6.2 \"Shadows of the Living\"", "end_time": 6547}, {"start_time": 6547, "title": "Trail \"Typewriter Record #P5\"", "end_time": 6659}, {"start_time": 6659, "title": "The Weaving of Shadows, Volume III", "end_time": 7076}, {"start_time": 7076, "title": "Part 7.1 \"Passion and Delirium", "end_time": 7369}, {"start_time": 7369, "title": "Part 7 Battle", "end_time": 7574}, {"start_time": 7574, "title": "Part 7.2 \"Passion and Delirium", "end_time": 8032}, {"start_time": 8032, "title": "The Weaving of Shadows, Volume IV", "end_time": 8586}, {"start_time": 8586, "title": "Part 8 \"The Spider's Web\"", "end_time": 9646}, {"start_time": 9646, "title": "Part 8 Battle", "end_time": 9694}, {"start_time": 9694, "title": "Trail \"Typewriter Record #P12\"", "end_time": 9755}, {"start_time": 9755, "title": "Part 9 \"The Central Tower\"", "end_time": 10674}, {"start_time": 10674, "title": "Trail \"On Zeno Defectors\"", "end_time": 10705}, {"start_time": 10705, "title": "Trail \"Prison Reform Notes\"", "end_time": 10767}, {"start_time": 10767, "title": "Part 10 \"The Ant Mill\"", "end_time": 11746}, {"start_time": 11746, "title": "Trail \"Treatments, Entry 303\"", "end_time": 11778}, {"start_time": 11778, "title": "Trail \"Gamble of Fate\"", "end_time": 11965}, {"start_time": 11965, "title": "Part 11.1 \"Soothsayer, Worldmaker\"", "end_time": 12075}, {"start_time": 12075, "title": "Part 11 Battle", "end_time": 12188}, {"start_time": 12188, "title": "Part 11.2 \"Soothsayer, Worldmaker\"", "end_time": 12942}, {"start_time": 12942, "title": "The Weaving of Shadows, Volume V", "end_time": 13616}, {"start_time": 13616, "title": "Part 12 \"Behind the Operating Curtain\"", "end_time": 14518}, {"start_time": 14518, "title": "Trail \"A Clipping\"", "end_time": 14610}, {"start_time": 14610, "title": "Part 13.1 \"Master of the Labyrinth\"", "end_time": 14855}, {"start_time": 14855, "title": "Part 13 Cutscene", "end_time": 14945}, {"start_time": 14945, "title": "Part 13 Battle", "end_time": 15120}, {"start_time": 15120, "title": "Part 13.2 \"Master of the Labyrinth\"", "end_time": 15503}, {"start_time": 15503, "title": "Trail \"Philosophy in Motion\"", "end_time": 15597}, {"start_time": 15597, "title": "Part 14 \"The Mask in the Mirror\"", "end_time": 16160}, {"start_time": 16160, "title": "Trail \"A Tattered Invitation\"", "end_time": 16186}, {"start_time": 16186, "title": "Trail \"Draft of a Strange Incantation\"", "end_time": 16239}, {"start_time": 16239, "title": "Part 15.1 \"Aleph\"", "end_time": 17005}, {"start_time": 17005, "title": "FINAL BOSS \"Ghost of Transcendentality\"", "end_time": 17388}, {"start_time": 17388, "title": "Part 15.2 \"Aleph\"", "end_time": 17548}, {"start_time": 17548, "title": "Trail \"An Unsent Letter\"", "end_time": 17580}, {"start_time": 17580, "title": "Part 16.1 \"The Boundary of Fiction\"", "end_time": 18302}, {"start_time": 18302, "title": "Part 16 Cutscene", "end_time": 18331}, {"start_time": 18331, "title": "Part 16 Battle", "end_time": 18431}, {"start_time": 18431, "title": "Part 16.2 \"The Boundary of Fiction\"", "end_time": 18487}, {"start_time": 18487, "title": "Trail \"... Book ... Fair Guide\"", "end_time": 18528}, {"start_time": 18528, "title": "Part 17 \"Ghosts of the Past\"", "end_time": 19215}, {"start_time": 19215, "title": "Part 17 Cutscene", "end_time": 19529}, {"start_time": 19529, "title": "Trail \"Armed with Literature\"", "end_time": 19723}, {"start_time": 19723, "title": "Part 18.1 \"In Praise of Folly\"", "end_time": 19825}, {"start_time": 19825, "title": "Part 18 Battle", "end_time": 19866}, {"start_time": 19866, "title": "Part 18.2 \"In Praise of Folly\"", "end_time": 20081}, {"start_time": 20081, "title": "Trail \"Ship of Fools\"", "end_time": 20302}, {"start_time": 20302, "title": "Party 19 \"Aspects of Madness\"", "end_time": 20866}, {"start_time": 20866, "title": "Trail \"A Journey to and Fro\"", "end_time": 20906}, {"start_time": 20906, "title": "Part 20.1 \"In the Place of My Ashes\"", "end_time": 21094}, {"start_time": 21094, "title": "Final Cutscene", "end_time": 21206}, {"start_time": 21206, "title": "Part 20.2 \"In the Place of My Ashes\"", "end_time": 21671}, {"start_time": 21671, "title": "Trail \"A Secret Meeting\"", "end_time": 21766}, {"start_time": 21766, "title": "Credits", "end_time": 21969}]
https://www.youtube.com/watch?v=EupChXDpTbE	6339	"20260820"	392	NA
https://www.youtube.com/watch?v=F-cEEISN3v8	6951	"20251205"	45	NA
https://www.youtube.com/watch?v=FFOFyNqBLRc	15624	"20260308"	120	NA
https://www.youtube.com/watch?v=FSHDCcOE_kY	23874	"20251104"	12	[{"start_time": 0, "title": "Start", "end_time": 23}, {"start_time": 23, "title": "11TH-01 - After the Flood", "end_time": 967}, {"start_time": 967, "title": "11TH-02 - Old Boots", "end_time": 1953}, {"start_time": 1953, "title": "11TH-03 - Battle of the Birds", "end_time": 3068}, {"start_time": 3068, "title": "11TH-04 - Grayish Blue", "end_time": 4794}, {"start_time": 4794, "title": "11TH-05 - Chrysanthemum", "end_time": 5959}, {"start_time": 5959, "title": "11TH-06 - A Push for Peace", "end_time": 6978}, {"start_time": 6978, "title": "11TH-07 - Under the Veil", "end_time": 8093}, {"start_time": 8093, "title": "11TH-08 - Death of the Young", "end_time": 9135}, {"start_time": 9135, "title": "11TH-09 - Paths Crossed", "end_time": 10122}, {"start_time": 10122, "title": "11TH-10 - Devil's Work", "end_time": 10669}, {"start_time": 10669, "title": "11TH-11 - Wounds and Scars", "end_time": 11794}, {"start_time": 11794, "title": "11TH-12 - A Fractured Sanctuary", "end_time": 13025}, {"start_time": 13025, "title": "11TH-13 - Concessions for Peace", "end_time": 13798}, {"start_time": 13798, "title": "11TH-14 - Two Pounds of Sugar", "end_time": 14855}, {"start_time": 14855, "title": "11TH-15 - Send-off", "end_time": 15669}, {"start_time": 15669, "title": "11TH-16 - An Unfulfilled Prophecy", "end_time": 16588}, {"start_time": 16588, "title": "11TH-17 - Serenity on the Wind", "end_time": 16896}, {"start_time": 16896, "title": "11TH-18 - The Armistice", "end_time": 18024}, {"start_time": 18024, "title": "11TH-19 - A False Dawn", "end_time": 18998}, {"start_time": 18998, "title": "11TH-20 - Gates of Hell", "end_time": 19610}, {"start_time": 19610, "title": "11TH-21 - 1-Hour Politics", "end_time": 20489}, {"start_time": 20489, "title": "11TH-22 - Brimstone and Fire", "end_time": 22132}, {"start_time": 22132, "title": "11TH-23 - The Pardon", "end_time": 22825}, {"start_time": 22825, "title": "11TH-24 - The Hill", "end_time": 23874}]
https://www.youtube.com/watch?v=GCkf133FJhU	7286	"20240412"	110	NA
https://www.youtube.com/watch?v=FvUbONXoLM0	3170	"20251118"	5	NA
https://www.youtube.com/watch?v=GGk5CCG7q1A	2528	"20250122"	35	NA
https://www.youtube.com/watch?v=GS085wZba98	940	"20240305"	34	NA
https://www.youtube.com/watch?v=GQFeGQvadfY	5319	"20251104"	6	NA
https://www.youtube.com/watch?v=Gk2U5DQB2_0	9835	"20260818"	3	NA
https://www.youtube.com/watch?v=FYrd60bjJvc	15199	"20251226"	1	NA
https://www.youtube.com/watch?v=HeoUiFV_tOk	8850	"20260820"	1492	NA
https://www.youtube.com/watch?v=GnlTrSDwlik	11613	"20251109"	2212	NA
https://www.youtube.com/watch?v=I50MoH0PcEc	4399	"20240824"	4797	NA
https://www.youtube.com/watch?v=GoiE64XEj7w	30552	"20240924"	49207	[{"start_time": 0, "title": "Vereinsamt", "end_time": 60}, {"start_time": 60, "title": "Part 1 \"The Secret of the Diagonal\"", "end_time": 476}, {"start_time": 476, "title": "Trail \"Animal Symbolism\"", "end_time": 664}, {"start_time": 664, "title": "Part 2 \"The Blue and the Grey\"", "end_time": 1271}, {"start_time": 1271, "title": "Trail \"'Storm' Shelter Notice\"", "end_time": 1376}, {"start_time": 1376, "title": "Part 3 \"Bring the Gavel Down\"", "end_time": 1853}, {"start_time": 1853, "title": "Part 3 Battle", "end_time": 1912}, {"start_time": 1912, "title": "Part 3 \"Bring the Gavel Down\" Continuation", "end_time": 2534}, {"start_time": 2534, "title": "Trail \"Storm Syndrome Investigation Record\"", "end_time": 2652}, {"start_time": 2652, "title": "Part 4 \"The Beginning of a Proof\"", "end_time": 3581}, {"start_time": 3581, "title": "Part 5 \"Four Cross-Checks\"", "end_time": 4194}, {"start_time": 4194, "title": "Part 5 Battle", "end_time": 4241}, {"start_time": 4241, "title": "Clue \"Emergency Notice to Halt Research on Manus Vindictae Masks\"", "end_time": 4277}, {"start_time": 4277, "title": "Clue \"Vienna Investigation Operations Report\u2014For Public Record\"", "end_time": 4325}, {"start_time": 4325, "title": "Trail \"Decryption Team Personnel List\"", "end_time": 4512}, {"start_time": 4512, "title": "Part 6 \"Pride and Prejudice\"", "end_time": 4975}, {"start_time": 4975, "title": "Part 6 Battle", "end_time": 5074}, {"start_time": 5074, "title": "Part 6 \"Pride and Prejudice\" Continuation", "end_time": 5674}, {"start_time": 5674, "title": "Clue \"'Storm' Immunity Decryption Progress\"", "end_time": 5727}, {"start_time": 5727, "title": "Trail \"Fire Safety", "end_time": 5877}, {"start_time": 5877, "title": "Trail \"Equipment Failure Repair Record\"", "end_time": 5947}, {"start_time": 5947, "title": "Part 7 \"Maze of The Minotaur\"", "end_time": 6451}, {"start_time": 6451, "title": "Part 7 Battle", "end_time": 6569}, {"start_time": 6569, "title": "Part 7 \"Maze of The Minotaur\" Continuation", "end_time": 6803}, {"start_time": 6803, "title": "Part 8 \"Oracles at Delphi\"", "end_time": 7088}, {"start_time": 7088, "title": "Part 8 Battle", "end_time": 7211}, {"start_time": 7211, "title": "Part 8 \"Oracles at Delphi\" Continuation", "end_time": 7554}, {"start_time": 7554, "title": "Part 9 \"Outside the Limits\"", "end_time": 8553}, {"start_time": 8553, "title": "Part 10 \"Returned to the Earth\"", "end_time": 8819}, {"start_time": 8819, "title": "Part 10 Battle", "end_time": 8866}, {"start_time": 8866, "title": "Part 10 \"Returned to the Earth\" Continuation", "end_time": 9178}, {"start_time": 9178, "title": "Clue \"On the 'Storm' Immunity Incantation Consent Form\"", "end_time": 9238}, {"start_time": 9238, "title": "Trail \"Funeral Postponement Notice\"", "end_time": 9283}, {"start_time": 9283, "title": "Part 11 \"The Rolling Boulder\"", "end_time": 10252}, {"start_time": 10252, "title": "Trail \"Q&A\"", "end_time": 10390}, {"start_time": 10390, "title": "Trail \"Assistant's Record\"", "end_time": 10510}, {"start_time": 10510, "title": "Part 12 \"The Party of Beans\"", "end_time": 10994}, {"start_time": 10994, "title": "Part 12 Battle", "end_time": 11205}, {"start_time": 11205, "title": "Part 12 \"The Party of Beans\" Continuation", "end_time": 12388}, {"start_time": 12388, "title": "Trail \"Wine Brewing Season\"", "end_time": 12424}, {"start_time": 12424, "title": "Part 13 \"The Wave of Art\"", "end_time": 12913}, {"start_time": 12913, "title": "Part 13 Battle", "end_time": 12984}, {"start_time": 12984, "title": "Part 13 \"The Wave of Art\" Continuation", "end_time": 13305}, {"start_time": 13305, "title": "Trail \"Seven Years of Bad Luck\"", "end_time": 13431}, {"start_time": 13431, "title": "Part 14 \"A Sandstorm in a Room\"", "end_time": 14120}, {"start_time": 14120, "title": "Part 15 \"The Pioneers\"", "end_time": 15075}, {"start_time": 15075, "title": "Clue \"Side Effect Defense Research Progress Report\"", "end_time": 15135}, {"start_time": 15135, "title": "Trail \"Diagnosis Record - Awakened\"", "end_time": 15237}, {"start_time": 15237, "title": "Part 16 \"To Open the Flood Gates\"", "end_time": 15835}, {"start_time": 15835, "title": "Part 16 Battle", "end_time": 15889}, {"start_time": 15889, "title": "Part 16 \"To Open the Flood Gates\" Continuation", "end_time": 16074}, {"start_time": 16074, "title": "Clue \"Second Generation Asymmetrical Nuclide R Sampling Device Test Report\"", "end_time": 16138}, {"start_time": 16138, "title": "Part 17 \"The 'Storm' Speech\"", "end_time": 16774}, {"start_time": 16774, "title": "Clue \"On the Universal Application of the 'Storm' Immunity\"", "end_time": 16824}, {"start_time": 16824, "title": "Trail \"Encrypted Record #832\"", "end_time": 16911}, {"start_time": 16911, "title": "Part 18 \"Numbers in Everything\"", "end_time": 17289}, {"start_time": 17289, "title": "Part 18 Battle", "end_time": 17386}, {"start_time": 17386, "title": "Part 18 \"Numbers in Everything\" Continuation", "end_time": 17852}, {"start_time": 17852, "title": "Clue \"Notification on designing a simplified Balancing Helmet\"", "end_time": 17902}, {"start_time": 17902, "title": "Part 19 \"The Fork in the Road\"", "end_time": 18942}, {"start_time": 18942, "title": "Part 19 Battle", "end_time": 19010}, {"start_time": 19010, "title": "Part 20 \"A Greek Tragedy\"", "end_time": 19424}, {"start_time": 19424, "title": "Part 20 \u2588\u2588\u2588\u2588\u2588\u2588 Battle", "end_time": 19629}, {"start_time": 19629, "title": "Part 20 \"A Greek Tragedy\" Continuation", "end_time": 19932}, {"start_time": 19932, "title": "Trail \"A Trail in the Forest\"", "end_time": 20002}, {"start_time": 20002, "title": "Part 21 \"A Homage Paid\"", "end_time": 20415}, {"start_time": 20415, "title": "Final Confrontation \"Beginning of the End\" Sequence", "end_time": 20942}, {"start_time": 20942, "title": "Final Boss \"The Guiding One's Harbinger\"", "end_time": 21219}, {"start_time": 21219, "title": "Part 21 \"A Homage Paid\" Continuation", "end_time": 21547}, {"start_time": 21547, "title": "Trail \"Bullets and Calculus\"", "end_time": 21730}, {"start_time": 21730, "title": "Part 22 \"The Ones Who Pray\"", "end_time": 22315}, {"start_time": 22315, "title": "Clue \"Guide to Constructing Communication Waves Under Special Circumstances\"", "end_time": 22368}, {"start_time": 22368, "title": "Part 23 \"The Rosetta Stone\"", "end_time": 23013}, {"start_time": 23013, "title": "Part 24 \"The Cycle of History\"", "end_time": 23617}, {"start_time": 23617, "title": "Part 24 Battle", "end_time": 23742}, {"start_time": 23742, "title": "Part 24 \"The Cycle of History\" Continuation", "end_time": 24252}, {"start_time": 24252, "title": "Clue \"Emergency Harmonizer Analysis Task Notification\"", "end_time": 24272}, {"start_time": 24272, "title": "Trail \"Applying Chladni Plate Sound Propagation\"", "end_time": 24365}, {"start_time": 24365, "title": "Part 25 \"The First Circle\"", "end_time": 25213}, {"start_time": 25213, "title": "Clue \"The Ritual Core is Officially Complete!\"", "end_time": 25274}, {"start_time": 25274, "title": "Part 26 \"Mirror and Curtains\"", "end_time": 25776}, {"start_time": 25776, "title": "Part 26 Battle", "end_time": 25862}, {"start_time": 25862, "title": "Part 26 \"Mirror and Curtains\" Continuation", "end_time": 26209}, {"start_time": 26209, "title": "Trail \"Surveillance Report on Ms. Weyerhaeuser\"", "end_time": 26297}, {"start_time": 26297, "title": "Trail \"The Last Big Newsflash!\"", "end_time": 26402}, {"start_time": 26402, "title": "Part 27 \"Hymnus Ad Bacchum\"", "end_time": 27455}, {"start_time": 27455, "title": "The \"Storm\" of 1914", "end_time": 27572}, {"start_time": 27572, "title": "Trail \"The Art of Knots\"", "end_time": 27783}, {"start_time": 27783, "title": "Part 28 \"The Two Numbers\"", "end_time": 28438}, {"start_time": 28438, "title": "Part 29 \"The Umbrella and the Knot\"", "end_time": 29189}, {"start_time": 29189, "title": "Clue \"Notification on Receiving the Equilibrium Umbrella\"", "end_time": 29247}, {"start_time": 29247, "title": "Part 30 \"And Now, the Curtain Call\"", "end_time": 30152}, {"start_time": 30152, "title": "Trail \"/lo/ - So which poor sap's up for the spot next?\"", "end_time": 30354}, {"start_time": 30354, "title": "Credits", "end_time": 30552}]
https://www.youtube.com/watch?v=IAxbwoneF5o	8372	"20241005"	48	NA
https://www.youtube.com/watch?v=IGu0-OrV5Ek	4936	"20241224"	64	NA
https://www.youtube.com/watch?v=INUGh9cTim4	4375	"20260814"	41	NA
https://www.youtube.com/watch?v=IYiwpXIpIlQ	2123	"20231228"	179	NA
https://www.youtube.com/watch?v=IyHK8Xcfhbk	9513	"20260405"	776	NA
https://www.youtube.com/watch?v=IbpUfvqSupQ	1378	"20250626"	61	[{"start_time": 0, "title": "Intro", "end_time": 68}, {"start_time": 68, "title": "Health Loss Team", "end_time": 98}, {"start_time": 98, "title": "Battle", "end_time": 818}, {"start_time": 818, "title": "Impromptu Team", "end_time": 858}, {"start_time": 858, "title": "Battle", "end_time": 1378}]
https://www.youtube.com/watch?v=J2MSXMEn58s	1998	"20240414"	2	NA
https://www.youtube.com/watch?v=JLkVCUYuSkw	2268	"20231026"	211	NA
https://www.youtube.com/watch?v=JY-eNhZ6vOs	23340	"20260612"	44	[{"start_time": 0, "title": "Intro", "end_time": 138}, {"start_time": 138, "title": "Quiet is the River Bank - Part 1", "end_time": 975}, {"start_time": 975, "title": "Battlefield Recording", "end_time": 1047}, {"start_time": 1047, "title": "The Profit Frontline", "end_time": 1117}, {"start_time": 1117, "title": "The Eternal Autumn - Part 2", "end_time": 2116}, {"start_time": 2116, "title": "Behind the Golden Famine", "end_time": 2137}, {"start_time": 2137, "title": "Intersection - Part 3", "end_time": 3377}, {"start_time": 3377, "title": "Imprint", "end_time": 3459}, {"start_time": 3459, "title": "Attached Files", "end_time": 3525}, {"start_time": 3525, "title": "Beneath the Silence - Part 4", "end_time": 4585}, {"start_time": 4585, "title": "Strange Gazes - Part 5", "end_time": 5723}, {"start_time": 5723, "title": "Fool or Genius?", "end_time": 5755}, {"start_time": 5755, "title": "A Son's Confession - Part 6", "end_time": 6882}, {"start_time": 6882, "title": "Special Times", "end_time": 6985}, {"start_time": 6985, "title": "Botth Sides of the River - Part 7", "end_time": 7908}, {"start_time": 7908, "title": "Salute to the New Sun", "end_time": 7980}, {"start_time": 7980, "title": "The Negotiators and the Judge - Part 8", "end_time": 8951}, {"start_time": 8951, "title": "Keyword", "end_time": 8980}, {"start_time": 8980, "title": "White Night - Part 9", "end_time": 9979}, {"start_time": 9979, "title": "Legacy of the Era - Part 10", "end_time": 11147}, {"start_time": 11147, "title": "Where Does the Skylark Rest", "end_time": 11211}, {"start_time": 11211, "title": "The Defender's Oath - Part 11", "end_time": 12050}, {"start_time": 12050, "title": "Sleep in the Sound of Bones", "end_time": 12120}, {"start_time": 12120, "title": "Soothing Rest", "end_time": 12224}, {"start_time": 12224, "title": "Life and Fate - Part 12", "end_time": 12855}, {"start_time": 12855, "title": "Farewell Letter - Part 13", "end_time": 13667}, {"start_time": 13667, "title": "Mounting Procedure and Posture", "end_time": 13756}, {"start_time": 13756, "title": "The Night Before War - Part 14", "end_time": 14585}, {"start_time": 14585, "title": "Dust Between Fingers - Part 15", "end_time": 15463}, {"start_time": 15463, "title": "To Be Filed", "end_time": 15549}, {"start_time": 15549, "title": "Mercy - Part 16", "end_time": 16608}, {"start_time": 16608, "title": "Open Channel", "end_time": 16670}, {"start_time": 16670, "title": "Basic Treatment Protocol", "end_time": 16718}, {"start_time": 16718, "title": "The Cavalry - Part 17", "end_time": 17613}, {"start_time": 17613, "title": "Knowledge Without Borders", "end_time": 17690}, {"start_time": 17690, "title": "The Pale Horse - Part 18", "end_time": 18180}, {"start_time": 18180, "title": "Casualty Report - Part 19", "end_time": 18770}, {"start_time": 18770, "title": "The Last Defense - Part 20", "end_time": 19176}, {"start_time": 19176, "title": "After the Shots", "end_time": 19232}, {"start_time": 19232, "title": "The Admiral and His Men - Part 21", "end_time": 19789}, {"start_time": 19789, "title": "Elegy for the Don - Part 22", "end_time": 20742}, {"start_time": 20742, "title": "The Long Road Ahead - Part 23", "end_time": 21442}, {"start_time": 21442, "title": "Administrative Complaint", "end_time": 21484}, {"start_time": 21484, "title": "The Day of Departure - Part 24", "end_time": 22326}, {"start_time": 22326, "title": "Invasion", "end_time": 22419}, {"start_time": 22419, "title": "Crime and Punishment - Part 25", "end_time": 23340}]
https://www.youtube.com/watch?v=JeKo5iiMIZA	962	"20231103"	153	NA
https://www.youtube.com/watch?v=JjgXkmrqVZs	1248	"20260515"	13	[{"start_time": 0, "title": "Vereinsamt", "end_time": 14}, {"start_time": 14, "title": "The Fork in the Road-19", "end_time": 1048}, {"start_time": 1048, "title": "Version 1.9 EP - Dust to Dust", "end_time": 1248}]
https://www.youtube.com/watch?v=Jjj5V8Ri8bk	5249	"20231105"	60	[{"start_time": 0, "title": "Part 1 Old Umbrella", "end_time": 491}, {"start_time": 491, "title": "Part 2 The Outsider", "end_time": 875}, {"start_time": 875, "title": "Part 3 A Coat Rack", "end_time": 1708}, {"start_time": 1708, "title": "Part 4 Raise a Glass!", "end_time": 2589}, {"start_time": 2589, "title": "Part 5 In the Castle", "end_time": 3232}, {"start_time": 3232, "title": "Part 6 The Forest Express", "end_time": 4148}, {"start_time": 4148, "title": "Part 7 The Pirate's Declaration", "end_time": 4738}, {"start_time": 4738, "title": "Part 8 Both Sides of the Table", "end_time": 5249}]
https://www.youtube.com/watch?v=K2e8hsvpqIk	1852	"20231026"	1634	NA
https://www.youtube.com/watch?v=JsGMPYD1drY	2019	"20220629"	2187	NA
https://www.youtube.com/watch?v=KQjmJz52iFc	14888	"20251206"	38	NA
https://www.youtube.com/watch?v=KV9pq6_8YpY	16332	"20251029"	5	NA
https://www.youtube.com/watch?v=K8IYyYL9AZY	7948	"20260330"	592	NA
https://www.youtube.com/watch?v=LRrDF__AXA8	2407	"20240920"	6398	NA
https://www.youtube.com/watch?v=KksIqNmqFQI	18460	"20250619"	241	[{"start_time": 0, "title": "Intro", "end_time": 157}, {"start_time": 157, "title": "Unshakable Justice - Part 1", "end_time": 799}, {"start_time": 799, "title": "Instructrion in Advance", "end_time": 843}, {"start_time": 843, "title": "A New Photo of an Old Friend - Part 2", "end_time": 1512}, {"start_time": 1512, "title": "The Minotaur - Part 3", "end_time": 2163}, {"start_time": 2163, "title": "Same as Before", "end_time": 2183}, {"start_time": 2183, "title": "Riptide - Part 4", "end_time": 2841}, {"start_time": 2841, "title": "The Price of Procrastination", "end_time": 2922}, {"start_time": 2922, "title": "Waterway to Hell - Part 5", "end_time": 3545}, {"start_time": 3545, "title": "Special Incarceration Record", "end_time": 3577}, {"start_time": 3577, "title": "The Red-Bellied Piranhas", "end_time": 3713}, {"start_time": 3713, "title": "Tender Pretender - Part 6", "end_time": 4539}, {"start_time": 4539, "title": "False Accusations - Part 7", "end_time": 5570}, {"start_time": 5570, "title": "Who is the Savior?", "end_time": 5740}, {"start_time": 5740, "title": "On the Margins of Life and Death - Part 8", "end_time": 6390}, {"start_time": 6390, "title": "Encypted Record#5225", "end_time": 6465}, {"start_time": 6465, "title": "Aged Like Fine Wine - Part 9", "end_time": 7429}, {"start_time": 7429, "title": "The Untold Stories of the Invisible College - Boyle's Impossible Flask", "end_time": 7522}, {"start_time": 7522, "title": "Boarding the White Ship - Part 10", "end_time": 8081}, {"start_time": 8081, "title": "Sao Paulo Bossa Nova - Part 11", "end_time": 8824}, {"start_time": 8824, "title": "\"Silent Night, Holy Night\" - Part 12", "end_time": 9290}, {"start_time": 9290, "title": "To Mr. Marble", "end_time": 9325}, {"start_time": 9325, "title": "Boto Cor-de-Rosa - Part 13", "end_time": 10180}, {"start_time": 10180, "title": "Interrogation Record#SF1", "end_time": 10239}, {"start_time": 10239, "title": "The Sleepless Man - Part 14", "end_time": 10954}, {"start_time": 10954, "title": "Gambling Etiquette", "end_time": 11088}, {"start_time": 11088, "title": "The Northern Falcon - Part 15", "end_time": 11872}, {"start_time": 11872, "title": "Good News and Bad News", "end_time": 11982}, {"start_time": 11982, "title": "\"Family Reunion\" - Part 16", "end_time": 12693}, {"start_time": 12693, "title": "Containment Code: Ms. Kimberly", "end_time": 12761}, {"start_time": 12761, "title": "The Black Lamb - Part 17", "end_time": 13479}, {"start_time": 13479, "title": "Eye of the Hurricane - Part 18", "end_time": 13958}, {"start_time": 13958, "title": "The Gamble - Part 19", "end_time": 14661}, {"start_time": 14661, "title": "A Lost Codex", "end_time": 14689}, {"start_time": 14689, "title": "Farewell, Pera - Part 20", "end_time": 15484}, {"start_time": 15484, "title": "Ground Zero - Part 21", "end_time": 16108}, {"start_time": 16108, "title": "Special Emergency Notice", "end_time": 16160}, {"start_time": 16160, "title": "The Roaring Forties - Part 22", "end_time": 16555}, {"start_time": 16555, "title": "A Minute to Spare", "end_time": 16670}, {"start_time": 16670, "title": "The Final Curtain - Part 23", "end_time": 17354}, {"start_time": 17354, "title": "Monologues - Part 24", "end_time": 17600}, {"start_time": 17600, "title": "Cryptographers, Assamble!", "end_time": 17634}, {"start_time": 17634, "title": "Paths of the Past", "end_time": 18460}]
https://www.youtube.com/watch?v=L3DwjhAUsPc	18651	"20260606"	46	[{"start_time": 0, "title": "Intro", "end_time": 177}, {"start_time": 177, "title": "After the Flood - Part 1", "end_time": 936}, {"start_time": 936, "title": "Yet Another War", "end_time": 1047}, {"start_time": 1047, "title": "Old Boots - Part 2", "end_time": 1762}, {"start_time": 1762, "title": "Best Wishes", "end_time": 1809}, {"start_time": 1809, "title": "Battle of the Birds - Part 3", "end_time": 2645}, {"start_time": 2645, "title": "Flexible Review", "end_time": 2707}, {"start_time": 2707, "title": "Background Check", "end_time": 2768}, {"start_time": 2768, "title": "Grayish Blue - Part 4", "end_time": 3416}, {"start_time": 3416, "title": "Chrysanthemum - Part 5", "end_time": 4048}, {"start_time": 4048, "title": "Cloak and Statue", "end_time": 4108}, {"start_time": 4108, "title": "A Push for Peace - Part 6", "end_time": 4887}, {"start_time": 4887, "title": "Under the Veil - Part 7", "end_time": 5744}, {"start_time": 5744, "title": "A mother's Rage", "end_time": 5856}, {"start_time": 5856, "title": "Death of the Young - Part 8", "end_time": 6776}, {"start_time": 6776, "title": "Path Crossed - Part 9", "end_time": 7465}, {"start_time": 7465, "title": "The Last Turnip Stew", "end_time": 7526}, {"start_time": 7526, "title": "Devil's Work - Part 10", "end_time": 8061}, {"start_time": 8061, "title": "Wounds and Scars - Part 11", "end_time": 8779}, {"start_time": 8779, "title": "Disciple and Regulations", "end_time": 8818}, {"start_time": 8818, "title": "A Fractured Sanctuary - Part 12", "end_time": 9744}, {"start_time": 9744, "title": "Researchers", "end_time": 9853}, {"start_time": 9853, "title": "Concessions for Peace - Part 13", "end_time": 10508}, {"start_time": 10508, "title": "Two Punds of Sugar - Part 14", "end_time": 11460}, {"start_time": 11460, "title": "Send - off - Part 15", "end_time": 12069}, {"start_time": 12069, "title": "Lost to History", "end_time": 12110}, {"start_time": 12110, "title": "An Unfilled Prophecy - Part 16", "end_time": 12761}, {"start_time": 12761, "title": "Entrusted Visions", "end_time": 12849}, {"start_time": 12849, "title": "Serenity on the Wind - Part 17", "end_time": 13156}, {"start_time": 13156, "title": "The Armistice - Part 18", "end_time": 13934}, {"start_time": 13934, "title": "Dog Whistle", "end_time": 13984}, {"start_time": 13984, "title": "A False Dawn - Part 19", "end_time": 14616}, {"start_time": 14616, "title": "Amid the Chaos", "end_time": 14724}, {"start_time": 14724, "title": "Gates of Hell - Part 20", "end_time": 15154}, {"start_time": 15154, "title": "1-Hour Politics - Part 21", "end_time": 15827}, {"start_time": 15827, "title": "Brimstone and Fire - Part 22", "end_time": 17007}, {"start_time": 17007, "title": "Your Excellency, There's Nothing We Can Do", "end_time": 17110}, {"start_time": 17110, "title": "Harsh Condemnation", "end_time": 17171}, {"start_time": 17171, "title": "The Pardon - Part 23", "end_time": 17743}, {"start_time": 17743, "title": "Heartfelt Blessing", "end_time": 17797}, {"start_time": 17797, "title": "The Hill - Part 24", "end_time": 18564}, {"start_time": 18564, "title": "\"Free\" Intelligence", "end_time": 18594}, {"start_time": 18594, "title": "Time to Go", "end_time": 18651}]
https://www.youtube.com/watch?v=L_iG9RjXJ94	1038	"20231124"	52	NA
https://www.youtube.com/watch?v=L_IAsA_zS6Q	35376	"20260309"	876	NA
https://www.youtube.com/watch?v=LrXpWL3V4jM	1795	"20240125"	41	[{"start_time": 0, "title": "Part 1", "end_time": 107}, {"start_time": 107, "title": "Part 2", "end_time": 549}, {"start_time": 549, "title": "Part 3", "end_time": 809}, {"start_time": 809, "title": "Part 4", "end_time": 1011}, {"start_time": 1011, "title": "Part 5", "end_time": 1375}, {"start_time": 1375, "title": "Part 6", "end_time": 1795}]
https://www.youtube.com/watch?v=Ld7hpunk1fg	30172	"20260825"	2189	[{"start_time": 0, "title": "On Another's Sorrow", "end_time": 5}, {"start_time": 5, "title": "Part 1: Reckoning Time", "end_time": 1011}, {"start_time": 1011, "title": "Trails: The \"Storm\" Downpours & Temporary Dispatch", "end_time": 1114}, {"start_time": 1114, "title": "Relation Network & Strategic Sandbox", "end_time": 1362}, {"start_time": 1362, "title": "Part 2.1: Homecoming Day", "end_time": 1620}, {"start_time": 1620, "title": "Part 2: Battle", "end_time": 1734}, {"start_time": 1734, "title": "Part 2.2: Homecoming Day", "end_time": 2378}, {"start_time": 2378, "title": "Trail: Getting Worse", "end_time": 2457}, {"start_time": 2457, "title": "Relation Network & Strategic Sandbox", "end_time": 2542}, {"start_time": 2542, "title": "Part 3.1: Escape Plan", "end_time": 2772}, {"start_time": 2772, "title": "Part 3: Battle", "end_time": 2868}, {"start_time": 2868, "title": "Part 3.2: Escape Plan", "end_time": 3470}, {"start_time": 3470, "title": "Trails: Perfect Exchange & Homecoming Day", "end_time": 3644}, {"start_time": 3644, "title": "Relation Network & Strategic Sandbox", "end_time": 3711}, {"start_time": 3711, "title": "Part 4: The Cube Researchers", "end_time": 4521}, {"start_time": 4521, "title": "Trail: Quantifying Pain", "end_time": 4573}, {"start_time": 4573, "title": "Relation Network & Strategic Sandbox", "end_time": 4650}, {"start_time": 4650, "title": "Part 5.1: Stone Doves", "end_time": 5243}, {"start_time": 5243, "title": "Part 5: Battle", "end_time": 5354}, {"start_time": 5354, "title": "Part 5.2: Stone Doves", "end_time": 5585}, {"start_time": 5585, "title": "Relation Network & Strategic Sandbox", "end_time": 5637}, {"start_time": 5637, "title": "Part 6.1: Burned Feathers", "end_time": 6201}, {"start_time": 6201, "title": "Part 6.2: Burned Feathers & Battles", "end_time": 6475}, {"start_time": 6475, "title": "Part 6.3: Burned Feathers", "end_time": 6720}, {"start_time": 6720, "title": "Trail: Low on Supplies", "end_time": 6751}, {"start_time": 6751, "title": "Relation Network & Strategic Sandbox", "end_time": 6808}, {"start_time": 6808, "title": "Part 7.1: The Alumni", "end_time": 7459}, {"start_time": 7459, "title": "Part 7: Battle", "end_time": 7494}, {"start_time": 7494, "title": "Part 7.2: The Alumni", "end_time": 7931}, {"start_time": 7931, "title": "Relation Network & Strategic Sandbox", "end_time": 8054}, {"start_time": 8054, "title": "Part 8.1: Bumpy Roads", "end_time": 8551}, {"start_time": 8551, "title": "Part 8: Battle", "end_time": 8744}, {"start_time": 8744, "title": "Part 8.2: Bumpy Roads", "end_time": 8919}, {"start_time": 8919, "title": "Trail: Temporary Product", "end_time": 8969}, {"start_time": 8969, "title": "Strategic Sandbox", "end_time": 8992}, {"start_time": 8992, "title": "Part 9: Rules Are Rules", "end_time": 9995}, {"start_time": 9995, "title": "Trail: The Everlasting Chaos", "end_time": 10125}, {"start_time": 10125, "title": "Relation Network & Strategic Sandbox", "end_time": 10286}, {"start_time": 10286, "title": "Part 10.1: Emergency Measures", "end_time": 10989}, {"start_time": 10989, "title": "Part 10: Battle", "end_time": 11047}, {"start_time": 11047, "title": "Part 10.2: Emergency Measures", "end_time": 11624}, {"start_time": 11624, "title": "Trail: \"New Faces, Old Friends\"", "end_time": 11678}, {"start_time": 11678, "title": "Relation Network & Strategic Sandbox", "end_time": 11777}, {"start_time": 11777, "title": "Part 11.1: A Hard Choice", "end_time": 11987}, {"start_time": 11987, "title": "Part 11: Battle", "end_time": 12345}, {"start_time": 12345, "title": "Part 11.2: A Hard Choice", "end_time": 13077}, {"start_time": 13077, "title": "Trails: Whisper of Flowers & Secret Communication", "end_time": 13155}, {"start_time": 13155, "title": "Relation Network & Strategic Sandbox", "end_time": 13280}, {"start_time": 13280, "title": "Part 12: The Shapeshifter", "end_time": 14602}, {"start_time": 14602, "title": "Relation Network & Strategic Sandbox", "end_time": 14687}, {"start_time": 14687, "title": "Part 13.1: Thorny Thicket", "end_time": 15292}, {"start_time": 15292, "title": "Part 13: Battle", "end_time": 15413}, {"start_time": 15413, "title": "Part 13.2: Thorny Thicket", "end_time": 16031}, {"start_time": 16031, "title": "Trails: Disagreement & An Unexpected Conversation", "end_time": 16131}, {"start_time": 16131, "title": "Relation Network & Strategic Sandbox", "end_time": 16290}, {"start_time": 16290, "title": "Part 14.1: Vacuum of Arcanum", "end_time": 16876}, {"start_time": 16876, "title": "Part 14: Battle", "end_time": 16903}, {"start_time": 16903, "title": "Part 14.2: Vacuum of Arcanum", "end_time": 17432}, {"start_time": 17432, "title": "Trail: Rational Passion", "end_time": 17496}, {"start_time": 17496, "title": "Relation Network & Strategic Sandbox", "end_time": 17622}, {"start_time": 17622, "title": "Part 15.1: Behind the Door", "end_time": 17854}, {"start_time": 17854, "title": "Part 15: Battle", "end_time": 17984}, {"start_time": 17984, "title": "Part 15.2: Behind the Door", "end_time": 18386}, {"start_time": 18386, "title": "Strategic Sandbox", "end_time": 18440}, {"start_time": 18440, "title": "Part 16.1: Overexposed", "end_time": 18924}, {"start_time": 18924, "title": "Part 16: Maze", "end_time": 19138}, {"start_time": 19138, "title": "Part 16.2: Overexposed", "end_time": 19220}, {"start_time": 19220, "title": "Trail: Competitive Business", "end_time": 19337}, {"start_time": 19337, "title": "Strategic Sandbox", "end_time": 19360}, {"start_time": 19360, "title": "Part 17: The Hope in Her Heart", "end_time": 20300}, {"start_time": 20300, "title": "Relation Network & Strategic Sandbox", "end_time": 20398}, {"start_time": 20398, "title": "Part 18: Song of the Black Sheep", "end_time": 21262}, {"start_time": 21262, "title": "Trail: The Killing Board", "end_time": 21323}, {"start_time": 21323, "title": "Relation Network & Strategic Sandbox", "end_time": 21425}, {"start_time": 21425, "title": "Part 19: Amulets", "end_time": 21922}, {"start_time": 21922, "title": "Strategic Sandbox", "end_time": 21978}, {"start_time": 21978, "title": "Part 20.1: A Peek into Fate", "end_time": 22743}, {"start_time": 22743, "title": "Part 20: Battle", "end_time": 22823}, {"start_time": 22823, "title": "Part 20.2: A Peek into Fate", "end_time": 22994}, {"start_time": 22994, "title": "Relation Network & Strategic Sandbox", "end_time": 23060}, {"start_time": 23060, "title": "Part 21.1: The White Tower", "end_time": 23786}, {"start_time": 23786, "title": "Part 21: FINAL BOSS: New Born Pneuma", "end_time": 24503}, {"start_time": 24503, "title": "Part 21.2: The White Tower", "end_time": 24744}, {"start_time": 24744, "title": "Trails: Assembly & Blame Game", "end_time": 24880}, {"start_time": 24880, "title": "Relation Network & Strategic Sandbox", "end_time": 24984}, {"start_time": 24984, "title": "Part 22: Wishing for Peace", "end_time": 25703}, {"start_time": 25703, "title": "Trail: Pure White Folder", "end_time": 25759}, {"start_time": 25759, "title": "Relation Network & Strategic Sandbox", "end_time": 25870}, {"start_time": 25870, "title": "Part 23: Peace and Loss", "end_time": 26990}, {"start_time": 26990, "title": "Relation Network & Strategic Sandbox", "end_time": 27208}, {"start_time": 27208, "title": "Part 24: Her Reward", "end_time": 27791}, {"start_time": 27791, "title": "Trails: Memorial Service & Ambush Strategy", "end_time": 28029}, {"start_time": 28029, "title": "Relation Network & Strategic Sandbox", "end_time": 28177}, {"start_time": 28177, "title": "Part 25.1: The Legendary Hermitage", "end_time": 28462}, {"start_time": 28462, "title": "Part 25: Battle", "end_time": 28558}, {"start_time": 28558, "title": "Part 25.2: The Legendary Hermitage", "end_time": 29431}, {"start_time": 29431, "title": "Trails: Riposte & A Loss of Civilization", "end_time": 29640}, {"start_time": 29640, "title": "Strategic Sandbox & Relation Network", "end_time": 29820}, {"start_time": 29820, "title": "Credits", "end_time": 30172}]
https://www.youtube.com/watch?v=M9St2n0CAbE	31013	"20260328"	19	[{"start_time": 0, "title": "Intro / Chapter 12 Story Trailer", "end_time": 252}, {"start_time": 252, "title": "Cutscene 01: Quiet is the River Bank", "end_time": 901}, {"start_time": 901, "title": "Stage 01: Quiet is the River Bank", "end_time": 1061}, {"start_time": 1061, "title": "Cutscene 01: Quiet is the River Bank (Continued)", "end_time": 1259}, {"start_time": 1259, "title": "Stage 01: Quiet is the River Bank (Hard)", "end_time": 1348}, {"start_time": 1348, "title": "Trails: \"The Battlefield Recording\" & \"The Profit Frontline\"", "end_time": 1507}, {"start_time": 1507, "title": "Cutscene 02: The Eternal Autumn", "end_time": 2968}, {"start_time": 2968, "title": "Trail: Behind the Golden Famine", "end_time": 3012}, {"start_time": 3012, "title": "Cutscene 03: Intersection", "end_time": 3413}, {"start_time": 3413, "title": "Stage 03: Intersection", "end_time": 3528}, {"start_time": 3528, "title": "Cutscene 03: Intersection (Continued)", "end_time": 4366}, {"start_time": 4366, "title": "Stage 03: Intersection (Hard)", "end_time": 4696}, {"start_time": 4696, "title": "Trails: \"Imprint\" & \"Attached Files\"", "end_time": 4883}, {"start_time": 4883, "title": "Cutscene 04: Beneath the Silence", "end_time": 6098}, {"start_time": 6098, "title": "Cutscene 05: Strange Gazes", "end_time": 6907}, {"start_time": 6907, "title": "Stage 05: Strange Gazes", "end_time": 6954}, {"start_time": 6954, "title": "Cutscene 05: Strange Gazes (Continued)", "end_time": 7295}, {"start_time": 7295, "title": "Stage 05: Strange Gazes (Hard)", "end_time": 7533}, {"start_time": 7533, "title": "Trail: Fool or Genius?", "end_time": 7569}, {"start_time": 7569, "title": "Cutscene 06: A Son's Confession", "end_time": 7670}, {"start_time": 7670, "title": "Stage 06: A Son's Confession", "end_time": 7784}, {"start_time": 7784, "title": "Cutscene 06: A Son's Confession (Continued)", "end_time": 8760}, {"start_time": 8760, "title": "Stage 06: A Son's Confession (Hard)", "end_time": 8975}, {"start_time": 8975, "title": "Trail: Special Times", "end_time": 9097}, {"start_time": 9097, "title": "Cutscene 07: Both Sides of the River", "end_time": 9153}, {"start_time": 9153, "title": "Stage 07: Both Sides of the River", "end_time": 9223}, {"start_time": 9223, "title": "Cutscene 07: Both Sides of the River (Continued)", "end_time": 10105}, {"start_time": 10105, "title": "Stage 07: Both Sides of the River", "end_time": 10294}, {"start_time": 10294, "title": "Trail: Salute to the New Sun", "end_time": 10366}, {"start_time": 10366, "title": "Cutscene 08: The Negotiators and the Judge", "end_time": 11341}, {"start_time": 11341, "title": "Trail: Keyword", "end_time": 11617}, {"start_time": 11617, "title": "Cutscene 09: White Night", "end_time": 12761}, {"start_time": 12761, "title": "Cutscene 10: Legacy of the Era", "end_time": 13932}, {"start_time": 13932, "title": "Trail: Where Does the Skylark Rest", "end_time": 14125}, {"start_time": 14125, "title": "Cutscene 11: Wounds and Scars", "end_time": 14452}, {"start_time": 14452, "title": "Stage 11: The Defender's Oath", "end_time": 14505}, {"start_time": 14505, "title": "Cutscene 11: The Defender's Oath (Continued)", "end_time": 15000}, {"start_time": 15000, "title": "Stage 11: The Defender's Oath (Hard)", "end_time": 15078}, {"start_time": 15078, "title": "Trail: \"Soothing Rest\" & \"Sleep in the Sound of Bones\"", "end_time": 15427}, {"start_time": 15427, "title": "Cutscene 12: Life and Fate", "end_time": 16202}, {"start_time": 16202, "title": "Cutscene 13: Farewell Letter", "end_time": 17039}, {"start_time": 17039, "title": "Trail: Mounting Procedure and Posture", "end_time": 17207}, {"start_time": 17207, "title": "Cutscene 14: The Night Before War", "end_time": 18142}, {"start_time": 18142, "title": "Cutscene 15: Dust Between Fingers", "end_time": 19020}, {"start_time": 19020, "title": "Trail: To Be Filed", "end_time": 19347}, {"start_time": 19347, "title": "Cutscene 16: Mercy", "end_time": 19709}, {"start_time": 19709, "title": "Stage 16: Mercy", "end_time": 19818}, {"start_time": 19818, "title": "Cutscene 16: Mercy (Contnued)", "end_time": 20500}, {"start_time": 20500, "title": "Stage 16: Mercy (Hard)", "end_time": 20562}, {"start_time": 20562, "title": "Trail: \"Basic Treatment Protocol\" & \"Open Channel\"", "end_time": 20878}, {"start_time": 20878, "title": "Cutscene 17: Serenity on the Wind", "end_time": 21477}, {"start_time": 21477, "title": "Stage 17: Serenity on the Wind", "end_time": 21526}, {"start_time": 21526, "title": "Cutscene 17: Serenity on the Wind (Continued)", "end_time": 21830}, {"start_time": 21830, "title": "Stage 17: Serenity on the Wind (Hard)", "end_time": 21910}, {"start_time": 21910, "title": "Trail: Knowledge Without Borders", "end_time": 22117}, {"start_time": 22117, "title": "Cutscene 18: The Pale Horse", "end_time": 22264}, {"start_time": 22264, "title": "Stage 18: The Pale Horse", "end_time": 22341}, {"start_time": 22341, "title": "Cutscene 18: The Pale Horse (Continued)", "end_time": 22685}, {"start_time": 22685, "title": "Stage 18: The Pale Horse (Hard)", "end_time": 22884}, {"start_time": 22884, "title": "Cutscene 19: Casualty Report", "end_time": 23679}, {"start_time": 23679, "title": "Cutscene 20: The Last Defense", "end_time": 24087}, {"start_time": 24087, "title": "Trail: After the Shots", "end_time": 24253}, {"start_time": 24253, "title": "Cutscene 21: The Admiral and His Men", "end_time": 24824}, {"start_time": 24824, "title": "Stage 21: The Admiral and His Men", "end_time": 25022}, {"start_time": 25022, "title": "Cutscene 21: The Admiral and His Men (Hard)", "end_time": 25290}, {"start_time": 25290, "title": "Cutscene 22: Elegy for the Don", "end_time": 25671}, {"start_time": 25671, "title": "Stage 22: Elegy for the Don", "end_time": 25861}, {"start_time": 25861, "title": "Cutscene 22: Elegy for the Don (Continued)", "end_time": 26379}, {"start_time": 26379, "title": "Stage 22: Elegy for the Don (More Lines/Hard)", "end_time": 26775}, {"start_time": 26775, "title": "Cutscene 23: The Long Road Ahead", "end_time": 27413}, {"start_time": 27413, "title": "Trail: Administrative Complaint", "end_time": 27774}, {"start_time": 27774, "title": "Chapter 24: The Day of Departure", "end_time": 28618}, {"start_time": 28618, "title": "Trail: Invasion", "end_time": 28840}, {"start_time": 28840, "title": "Chapter 25: Crime and Punishment", "end_time": 30346}, {"start_time": 30346, "title": "End of Chapter 12 / Relation Network / Strategic Sandbox", "end_time": 30715}, {"start_time": 30715, "title": "Event Shop / End", "end_time": 31013}]
https://www.youtube.com/watch?v=Mmv9OzSoV74	15777	"20231102"	36	NA
https://www.youtube.com/watch?v=MYJht8hqKTg	15369	"20250120"	65	[{"start_time": 0, "end_time": 196, "title": "<Untitled Chapter 1>"}, {"start_time": 196, "title": "Part 21 - A Homage Paid", "end_time": 6219}, {"start_time": 6219, "title": "Part 22 - The Ones Who Pray", "end_time": 6842}, {"start_time": 6842, "title": "Part 23 - The Rosetta Stone", "end_time": 7510}, {"start_time": 7510, "title": "Part 24 - The Cycle of History", "end_time": 8881}, {"start_time": 8881, "title": "Part 25 - The First Circle", "end_time": 9792}, {"start_time": 9792, "title": "Part 26 - Mirror and Curtains", "end_time": 11240}, {"start_time": 11240, "title": "Part 27 - Hymnus Ad Bacchum", "end_time": 12633}, {"start_time": 12633, "title": "Part 28 - The Two Numbers", "end_time": 13322}, {"start_time": 13322, "title": "Part 29 - The Umbrella and the Knot", "end_time": 14117}, {"start_time": 14117, "title": "Part 30 - And Now, the Curtain Call", "end_time": 15369}]
https://www.youtube.com/watch?v=Mn_P1gkQQp8	21410	"20240819"	503	[{"start_time": 0, "title": "Intro", "end_time": 144}, {"start_time": 144, "title": "Theater Impressions - Trail 1", "end_time": 406}, {"start_time": 406, "title": "Razor in Green - Part 1", "end_time": 1136}, {"start_time": 1136, "title": "A Doctor Interpreting Dreams", "end_time": 1356}, {"start_time": 1356, "title": "Drums of March - Part 2", "end_time": 1980}, {"start_time": 1980, "title": "Fork and Torte - Part 3", "end_time": 3269}, {"start_time": 3269, "title": "Suggestion Box", "end_time": 3352}, {"start_time": 3352, "title": "Employee Notes", "end_time": 3414}, {"start_time": 3414, "title": "Secession Buliding - Part 4", "end_time": 4432}, {"start_time": 4432, "title": "The Mitosis", "end_time": 4606}, {"start_time": 4606, "title": "A Bad Seance - Part 5", "end_time": 5234}, {"start_time": 5234, "title": "Yes, Prime Minister - Part 6", "end_time": 6085}, {"start_time": 6085, "title": "The Weight of a Name", "end_time": 6261}, {"start_time": 6261, "title": "A \"Fair\" Duel - Part 7", "end_time": 7315}, {"start_time": 7315, "title": "Ownerless Notebook", "end_time": 7358}, {"start_time": 7358, "title": "Mirror and Lantern - Part 8", "end_time": 8361}, {"start_time": 8361, "title": "Children of the Empire", "end_time": 8437}, {"start_time": 8437, "title": "Between the Dorrs - Part 9", "end_time": 9154}, {"start_time": 9154, "title": "Friendly Exchange", "end_time": 9183}, {"start_time": 9183, "title": "The Mind's Endoscope - Part 10", "end_time": 10164}, {"start_time": 10164, "title": "Vienna Daily", "end_time": 10217}, {"start_time": 10217, "title": "One-Act Play - Part 11", "end_time": 11449}, {"start_time": 11449, "title": "Faltering Footsteps", "end_time": 11513}, {"start_time": 11513, "title": "Art Exhibit - Part 12", "end_time": 12272}, {"start_time": 12272, "title": "Shoeshine Boys", "end_time": 12316}, {"start_time": 12316, "title": "The Island - Part 13", "end_time": 13002}, {"start_time": 13002, "title": "Viennese Coffee - Trail 1", "end_time": 13199}, {"start_time": 13199, "title": "Fitcher's Bird - Part 14", "end_time": 13727}, {"start_time": 13727, "title": "With Hope Rekindled - Part 15", "end_time": 14507}, {"start_time": 14507, "title": "The Night before the Gunshot - Trail 1", "end_time": 14737}, {"start_time": 14737, "title": "Quest in the Woods - Part 16", "end_time": 15612}, {"start_time": 15612, "title": "Art Above All - Part 17", "end_time": 16119}, {"start_time": 16119, "title": "Only Applause - Part 18", "end_time": 16632}, {"start_time": 16632, "title": "Oh, Venus Most Divine", "end_time": 16658}, {"start_time": 16658, "title": "The Clashing Tides - Part 19", "end_time": 17170}, {"start_time": 17170, "title": "Experiment Record", "end_time": 17248}, {"start_time": 17248, "title": "War and Peace - Part 20", "end_time": 18092}, {"start_time": 18092, "title": "In Distant Romania", "end_time": 18146}, {"start_time": 18146, "title": "Double Cross - Part 21", "end_time": 18926}, {"start_time": 18926, "title": "Hoffmann's Investigation Files", "end_time": 18962}, {"start_time": 18962, "title": "Finished Page - Part 22", "end_time": 19624}, {"start_time": 19624, "title": "I never", "end_time": 19652}, {"start_time": 19652, "title": "Hansel and Gretel - Part 23", "end_time": 20256}, {"start_time": 20256, "title": "E lucevan le stelle - Part 24", "end_time": 21324}, {"start_time": 21324, "title": "Reply from the Headquarters", "end_time": 21410}]
https://www.youtube.com/watch?v=NGbZmymDBv4	22125	"20260817"	379	[{"start_time": 0, "title": "v3.7 \ud2f0\uc800", "end_time": 216}, {"start_time": 216, "title": "01) \uccad\uc0b0", "end_time": 1182}, {"start_time": 1182, "title": "02) \ub2e4\uc2dc \ud559\uad50\ub85c", "end_time": 2149}, {"start_time": 2149, "title": "03) \ud0c8\ucd9c \uacc4\ud68d", "end_time": 2923}, {"start_time": 2923, "title": "04) \uc5ec\ud589 \uac00\ubc29 \uc5f0\uad6c\uc6d0", "end_time": 3697}, {"start_time": 3697, "title": "05) \uc11d\uc81c \ube44\ub458\uae30", "end_time": 4500}, {"start_time": 4500, "title": "06) \uadf8\uc744\ub9b0 \uae43\ud138", "end_time": 5451}, {"start_time": 5451, "title": "07) \uc878\uc5c5\uc0dd\ub4e4", "end_time": 6469}, {"start_time": 6469, "title": "08) \ub099\uc11d\uae38", "end_time": 7087}, {"start_time": 7087, "title": "09) \uc808\ucc28\uc758 \uc815\uc758", "end_time": 8038}, {"start_time": 8038, "title": "10) \ube44\uc0c1 \ub300\ucc45", "end_time": 9227}, {"start_time": 9227, "title": "11) \uac08\ub9bc\uae38", "end_time": 10109}, {"start_time": 10109, "title": "12) \ubcc0\uc2e0\uc220 \ud559\ub3c4", "end_time": 11308}, {"start_time": 11308, "title": "13) \uac00\uc2dc\ub364\ubd88", "end_time": 12423}, {"start_time": 12423, "title": "14) \ud669\ub7c9\ud55c \uacf3", "end_time": 13390}, {"start_time": 13390, "title": "15) \ubb38 \ub4a4", "end_time": 13988}, {"start_time": 13988, "title": "16) \uc124\ub9f9\uc99d", "end_time": 14496}, {"start_time": 14496, "title": "16-1) \ub8e8\ud2b8 1", "end_time": 14582}, {"start_time": 14582, "title": "16-2) \ub8e8\ud2b8 2", "end_time": 14713}, {"start_time": 14713, "title": "17) \ud76c\ubbf8\ud55c \ubd88\uaf43", "end_time": 15469}, {"start_time": 15469, "title": "18) \uac80\uc740 \uc591\uc758 \ub178\ub798", "end_time": 16147}, {"start_time": 16147, "title": "19) \ud638\uc2e0\ubd80", "end_time": 16583}, {"start_time": 16583, "title": "20) \uc6b4\uba85\uc758 \ub2e8\uba74", "end_time": 17411}, {"start_time": 17411, "title": "21) \ud558\uc580 \ud0d1(\uc11c\ub9c9)", "end_time": 18094}, {"start_time": 18094, "title": "21-1) \ubcf4\uc2a4\uc804", "end_time": 18302}, {"start_time": 18302, "title": "21-2) \ud558\uc580 \ud0d1(\uc885\ub9c9)", "end_time": 18614}, {"start_time": 18614, "title": "22) \ube44\ub458\uae30\uc758 \uc18c\uc6d0", "end_time": 19285}, {"start_time": 19285, "title": "23) \uc4f8\uc4f8\ud55c \ud3c9\ud654", "end_time": 20370}, {"start_time": 20370, "title": "24) \ubcf4\uc0c1", "end_time": 20923}, {"start_time": 20923, "title": "25) \uc804\uc124\uc758 \uc800 \uba3c \uacf3", "end_time": 22010}, {"start_time": 22010, "title": "\ucfe0\ud0a4) \ub0a0\uce74\ub86d\uac8c \uc624\uac00\ub294 \ub9d0", "end_time": 22125}]
https://www.youtube.com/watch?v=NuS6qjiYY_I	6412	"20260426"	8	[{"start_time": 0, "title": "Trailer", "end_time": 153}, {"start_time": 153, "title": "Episode 1 (Part 1) Quite is the River Bank", "end_time": 825}, {"start_time": 825, "title": "Battle", "end_time": 982}, {"start_time": 982, "title": "Episode 1 (part 2) Quite is the River Bank", "end_time": 1188}, {"start_time": 1188, "title": "Notes 1", "end_time": 1225}, {"start_time": 1225, "title": "Notes 2", "end_time": 1260}, {"start_time": 1260, "title": "Episode 2 The Eternal Autumn", "end_time": 2303}, {"start_time": 2303, "title": "Guide strategic Sandbox", "end_time": 2334}, {"start_time": 2334, "title": "Notes", "end_time": 2349}, {"start_time": 2349, "title": "Episode 3 (Part 1) Intersection", "end_time": 2764}, {"start_time": 2764, "title": "Battle", "end_time": 2998}, {"start_time": 2998, "title": "Episode 3 (Part 2) Intersection", "end_time": 3859}, {"start_time": 3859, "title": "Notes", "end_time": 3901}, {"start_time": 3901, "title": "Notes Conversation", "end_time": 4043}, {"start_time": 4043, "title": "Episode 4 Beneath the Silence", "end_time": 5146}, {"start_time": 5146, "title": "Episode 5 (Part 1) Strange Gazes", "end_time": 5982}, {"start_time": 5982, "title": "Battle", "end_time": 6032}, {"start_time": 6032, "title": "Episode 5 (Part 2) Strange Gazes", "end_time": 6379}, {"start_time": 6379, "title": "Notes", "end_time": 6412}]
https://www.youtube.com/watch?v=NKAlSrU5yQo	1289	"20240409"	50	NA
https://www.youtube.com/watch?v=Ns7hF72T3eY	8597	"20240718"	42	[{"start_time": 0, "title": "Cutscene 09: Between the Doors", "end_time": 697}, {"start_time": 697, "title": "Friendly Exchange", "end_time": 721}, {"start_time": 721, "title": "Trail 1 The Shadow in the Broken Mirror", "end_time": 937}, {"start_time": 937, "title": "Cutscene 10: The Mind's Endoscope", "end_time": 1660}, {"start_time": 1660, "title": "Stage 10: The Mind's Endoscope", "end_time": 2118}, {"start_time": 2118, "title": "Cutscene 11: One-Act Play", "end_time": 3311}, {"start_time": 3311, "title": "Cutscene 12: Art Exhibit", "end_time": 3991}, {"start_time": 3991, "title": "Stage 12: Art Exhibit", "end_time": 4204}, {"start_time": 4204, "title": "Cutscene 13: The Island", "end_time": 4832}, {"start_time": 4832, "title": "Trail 1 Viennese Coffee", "end_time": 5065}, {"start_time": 5065, "title": "Cutscene 14: A Fitcher's Bird", "end_time": 5217}, {"start_time": 5217, "title": "Stage 14: A Fitcher's Bird", "end_time": 5436}, {"start_time": 5436, "title": "Cutscene 14: A Fitcher's Bird (continued)", "end_time": 5780}, {"start_time": 5780, "title": "Stage 14: A Fitcher's Bird (Hard)", "end_time": 6059}, {"start_time": 6059, "title": "Cutscene 15: With Hope Rekindled", "end_time": 6255}, {"start_time": 6255, "title": "Stage 15: With Hope Rekindled", "end_time": 6470}, {"start_time": 6470, "title": "Cutscene 15: With Hope Rekindled (continued)", "end_time": 7018}, {"start_time": 7018, "title": "Trail 1 The Night Before the Gunshot", "end_time": 7277}, {"start_time": 7277, "title": "Stage 15: With Hope Rekindled (Hard)", "end_time": 7509}, {"start_time": 7509, "title": "Cutscene 16: Quest in the Woods", "end_time": 8355}, {"start_time": 8355, "title": "Trail 1 The Roaming Rascal", "end_time": 8575}, {"start_time": 8575, "title": "Outro", "end_time": 8597}]
https://www.youtube.com/watch?v=ODYbInhnxAE	16233	"20231029"	14729	[{"start_time": 0, "title": "Chapter 4", "end_time": 14}, {"start_time": 14, "title": "Part 1 \"An Old Umbrella\"", "end_time": 432}, {"start_time": 432, "title": "Story Trails", "end_time": 516}, {"start_time": 516, "title": "Part 2 \"The Outsider\"", "end_time": 876}, {"start_time": 876, "title": "Part 3 \"A Coat Rack\"", "end_time": 1630}, {"start_time": 1630, "title": "Part 4 \"Raise A Glass!\"", "end_time": 2380}, {"start_time": 2380, "title": "Story Trails", "end_time": 2484}, {"start_time": 2484, "title": "Part 5 \"In the Castle\"", "end_time": 2988}, {"start_time": 2988, "title": "Part 6 \"The Forest Express\"", "end_time": 3746}, {"start_time": 3746, "title": "Part 7 \"The Pirate's Declaration\"", "end_time": 4156}, {"start_time": 4156, "title": "Story Trails", "end_time": 4368}, {"start_time": 4368, "title": "Part 8 \"Both Sides of the Table\"", "end_time": 4702}, {"start_time": 4702, "title": "Story Trails", "end_time": 4821}, {"start_time": 4821, "title": "Part 9 \"A Wandering Dog\"", "end_time": 5391}, {"start_time": 5391, "title": "Story Trails", "end_time": 5579}, {"start_time": 5579, "title": "Part 10 \"Sailing at Night\"", "end_time": 6587}, {"start_time": 6587, "title": "Part 11 \"A Sweet APPLe\"", "end_time": 7585}, {"start_time": 7585, "title": "Story Trails", "end_time": 7668}, {"start_time": 7668, "title": "Part 12 \"A Letter\"", "end_time": 8110}, {"start_time": 8110, "title": "Story Trails", "end_time": 8326}, {"start_time": 8326, "title": "Part 13 \"Flashing Red\"", "end_time": 9423}, {"start_time": 9423, "title": "Part 14 \"All-or-Nothing\"", "end_time": 9711}, {"start_time": 9711, "title": "Story Trails", "end_time": 9822}, {"start_time": 9822, "title": "Part 15 \"From the Ashes\"", "end_time": 10662}, {"start_time": 10662, "title": "Story Trails", "end_time": 11036}, {"start_time": 11036, "title": "Part 17 \"Echoes in the Dark\"", "end_time": 11344}, {"start_time": 11344, "title": "Story Trails", "end_time": 11817}, {"start_time": 11817, "title": "Part 18 \"Road of a Puppy\"", "end_time": 12781}, {"start_time": 12781, "title": "Story Trails", "end_time": 12823}, {"start_time": 12823, "title": "Part 19 \"A Corner of the Board\"", "end_time": 13146}, {"start_time": 13146, "title": "Part 20 \"Picnic on the Lawn\"", "end_time": 14004}, {"start_time": 14004, "title": "Story Trails", "end_time": 14451}, {"start_time": 14451, "title": "Part 21 \"Good Weather\"", "end_time": 15373}, {"start_time": 15373, "title": "Story Trails", "end_time": 15476}, {"start_time": 15476, "title": "Part 22 \"Returning Birds\"", "end_time": 16205}, {"start_time": 16205, "title": "Outro", "end_time": 16233}]
https://www.youtube.com/watch?v=NvVsk5Zn3ck	26634	"20240815"	4508	NA
https://www.youtube.com/watch?v=OFAOf6Qzj9c	1061	"20240713"	704	NA
https://www.youtube.com/watch?v=OdgRy3pE6jI	1906	"20220617"	2030	NA
https://www.youtube.com/watch?v=P1678O5ybN0	1951	"20250830"	33	NA
https://www.youtube.com/watch?v=OqtStu9kfUk	4717	"20260306"	36	NA
https://www.youtube.com/watch?v=PK-EBP45238	7166	"20240125"	33	[{"start_time": 0, "title": "Part 1", "end_time": 375}, {"start_time": 375, "title": "Part 2", "end_time": 974}, {"start_time": 974, "title": "Part 3", "end_time": 1310}, {"start_time": 1310, "title": "Part 4", "end_time": 1653}, {"start_time": 1653, "title": "Part 5", "end_time": 2113}, {"start_time": 2113, "title": "Part 6", "end_time": 2680}, {"start_time": 2680, "title": "Part 7", "end_time": 3122}, {"start_time": 3122, "title": "Part 8", "end_time": 3486}, {"start_time": 3486, "title": "Part 9", "end_time": 3705}, {"start_time": 3705, "title": "Part 10", "end_time": 4325}, {"start_time": 4325, "title": "Part 11", "end_time": 4788}, {"start_time": 4788, "title": "Part 12", "end_time": 5104}, {"start_time": 5104, "title": "Part 13", "end_time": 5660}, {"start_time": 5660, "title": "Part 14", "end_time": 6320}, {"start_time": 6320, "title": "Part 15", "end_time": 6915}, {"start_time": 6915, "title": "Part 16", "end_time": 7166}]
https://www.youtube.com/watch?v=PGQuJ_L5tAo	13622	"20240303"	24738	NA
https://www.youtube.com/watch?v=P3DvR-kfZFI	1041	"20210115"	457301	[{"start_time": 0, "title": "Intro", "end_time": 50}, {"start_time": 50, "title": "Exterior", "end_time": 197}, {"start_time": 197, "title": "Engine", "end_time": 560}, {"start_time": 560, "title": "Turbos", "end_time": 801}, {"start_time": 801, "title": "Cooling", "end_time": 1041}]
https://www.youtube.com/watch?v=PQxAwtlkJ7o	4933	"20251202"	46	NA
https://www.youtube.com/watch?v=Pb0IzXi9Mig	6300	"20231102"	62	[{"start_time": 0, "title": "Part 9 George the Oak", "end_time": 650}, {"start_time": 650, "title": "Part 10 O Captain!", "end_time": 1639}, {"start_time": 1639, "title": "Part 11 Freedom of the Dumb", "end_time": 2366}, {"start_time": 2366, "title": "Part 12 Burning Tears", "end_time": 2722}, {"start_time": 2722, "title": "Puzzle: Plan of Escape Route", "end_time": 2919}, {"start_time": 2919, "title": "Part 13 A Yard", "end_time": 3945}, {"start_time": 3945, "title": "Part 14 Lost Lambs", "end_time": 4856}, {"start_time": 4856, "title": "Part 15 The Other Future", "end_time": 5536}, {"start_time": 5536, "title": "Boss Battle: Lilya", "end_time": 5880}, {"start_time": 5880, "title": "Part 15 The Other Future (Continued)", "end_time": 6025}, {"start_time": 6025, "title": "Part 16 Storm and the New World", "end_time": 6300}]
https://www.youtube.com/watch?v=PKXHnUGb46M	28508	"20251108"	175	NA
https://www.youtube.com/watch?v=PlQY5mkSC7w	23997	"20250922"	4149	NA
https://www.youtube.com/watch?v=Q3qPwToZuzk	18184	"20250110"	5855	NA
https://www.youtube.com/watch?v=Q6YAW-AB0PA	1186	"20260328"	32	[{"start_time": 0, "title": "Vereinsamt", "end_time": 13}, {"start_time": 13, "title": "3- Bring the Gavel Down", "end_time": 1075}, {"start_time": 1075, "title": "Version 1.9 EP", "end_time": 1186}]
https://www.youtube.com/watch?v=QC4bUuyb19Y	25792	"20240907"	9226	[{"start_time": 0, "end_time": 23, "title": "<Untitled Chapter 1>"}, {"start_time": 23, "title": "Chapter 1 - The Repairer of Reputations.", "end_time": 28}, {"start_time": 28, "title": "Chapter 1.1.", "end_time": 1213}, {"start_time": 1213, "title": "Chapter 1.2.", "end_time": 1613}, {"start_time": 1613, "title": "Chapter 2 - The Imperial Dynasty of America.", "end_time": 2707}, {"start_time": 2707, "title": "Chapter 1.3.", "end_time": 4405}, {"start_time": 4405, "title": "Chapter 2 - The Mask.", "end_time": 4429}, {"start_time": 4429, "title": "Chapter 2.1.", "end_time": 4976}, {"start_time": 4976, "title": "Chapter 2.2.", "end_time": 5391}, {"start_time": 5391, "title": "Chapter 2.3.", "end_time": 6288}, {"start_time": 6288, "title": "Chapter 2.4.", "end_time": 7917}, {"start_time": 7917, "title": "Chapter 3 - The Yellow Sign.", "end_time": 7924}, {"start_time": 7924, "title": "Chapter 3.1.", "end_time": 8561}, {"start_time": 8561, "title": "Chapter 3.2.", "end_time": 9912}, {"start_time": 9912, "title": "Chapter 3.3.", "end_time": 10434}, {"start_time": 10434, "title": "Chapter 4 - The Demoiselle d'Ys.", "end_time": 10458}, {"start_time": 10458, "title": "Chapter 4.1.", "end_time": 11319}, {"start_time": 11319, "title": "Chapter 4.2.", "end_time": 12456}, {"start_time": 12456, "title": "Chapter 5 - The Prophets' Paradise.", "end_time": 12833}, {"start_time": 12833, "title": "Chapter 6 - The Street of the Four Winds.", "end_time": 12855}, {"start_time": 12855, "title": "Chapter 6.1.", "end_time": 13254}, {"start_time": 13254, "title": "Chapter 6.2.", "end_time": 13687}, {"start_time": 13687, "title": "Chapter 7 - The Street of the First Shell.", "end_time": 13690}, {"start_time": 13690, "title": "Chapter 7.1.", "end_time": 14555}, {"start_time": 14555, "title": "Chapter 7.2.", "end_time": 16216}, {"start_time": 16216, "title": "Chapter 7.3.", "end_time": 17388}, {"start_time": 17388, "title": "Chapter 7.4.", "end_time": 18021}, {"start_time": 18021, "title": "Chapter 8 - The Street of Our Lady of the Fields.", "end_time": 18030}, {"start_time": 18030, "title": "Chapter 8.1.", "end_time": 18395}, {"start_time": 18395, "title": "Chapter 8.2.", "end_time": 18834}, {"start_time": 18834, "title": "Chapter 8.3.", "end_time": 19738}, {"start_time": 19738, "title": "Chapter 8.4.", "end_time": 21363}, {"start_time": 21363, "title": "Chapter 8.5.", "end_time": 21906}, {"start_time": 21906, "title": "Chapter 8.6.", "end_time": 22798}, {"start_time": 22798, "title": "Chapter 9 - Rue Barree.", "end_time": 22836}, {"start_time": 22836, "title": "Chapter 9.1.", "end_time": 23412}, {"start_time": 23412, "title": "Chapter 9.2.", "end_time": 23830}, {"start_time": 23830, "title": "Chapter 9.3.", "end_time": 24206}, {"start_time": 24206, "title": "Chapter 9.4.", "end_time": 24948}, {"start_time": 24948, "title": "Chapter 9.5.", "end_time": 25792}]
https://www.youtube.com/watch?v=QRaO7HFPjQ8	2330	"20231117"	15	NA
https://www.youtube.com/watch?v=R2sFsqvGgew	20300	"20260305"	257	NA
https://www.youtube.com/watch?v=ROunwUdF8lE	1673	"20260815"	214	[{"start_time": 0, "title": "Story", "end_time": 732}, {"start_time": 732, "title": "Battle", "end_time": 786}, {"start_time": 786, "title": "Intro Battle with Story", "end_time": 833}, {"start_time": 833, "title": "First Phase", "end_time": 868}, {"start_time": 868, "title": "Second Phase", "end_time": 1012}, {"start_time": 1012, "title": "Third Phase", "end_time": 1137}, {"start_time": 1137, "title": "Vertin gets involved", "end_time": 1186}, {"start_time": 1186, "title": "Finish it off", "end_time": 1279}, {"start_time": 1279, "title": "Battle End", "end_time": 1291}, {"start_time": 1291, "title": "Story", "end_time": 1531}, {"start_time": 1531, "title": "Traces", "end_time": 1673}]
https://www.youtube.com/watch?v=Ri7RqW6E-fs	1626	"20260508"	4	[{"start_time": 0, "title": "Vereinsamt", "end_time": 14}, {"start_time": 14, "title": "To Open the Flood Gates-16", "end_time": 816}, {"start_time": 816, "title": "Flying to the Past", "end_time": 1439}, {"start_time": 1439, "title": "It was.December 31, 1999. Out of the gap between the two centuries, a \"Storm\" poured upwards to the sky. The next second, all the parties, neon signs, and late night buses faded away. The world returned to a strange old era.", "end_time": 1626}]
https://www.youtube.com/watch?v=S-7d_tB9PZU	1143	"20260615"	0	NA
https://www.youtube.com/watch?v=S1lycsrTi1c	8394	"20231229"	196	[{"start_time": 0, "title": "Chaldea Oracles - Part 1", "end_time": 431}, {"start_time": 431, "title": "Open Sandwich (Trail 1)", "end_time": 754}, {"start_time": 754, "title": "Frog and Toffee - Part 2", "end_time": 1087}, {"start_time": 1087, "title": "Timetable", "end_time": 1188}, {"start_time": 1188, "title": "Stalkee - Part 3", "end_time": 1552}, {"start_time": 1552, "title": "New Blood - Part 4", "end_time": 1951}, {"start_time": 1951, "title": "A Deep Sleep - Part 5", "end_time": 2471}, {"start_time": 2471, "title": "Black Sheep Wall - Part 6", "end_time": 3076}, {"start_time": 3076, "title": "There Is Not Only Darkness", "end_time": 3114}, {"start_time": 3114, "title": "Scottish - Part 7", "end_time": 3641}, {"start_time": 3641, "title": "Scattered Pamphlets - Part 8", "end_time": 4047}, {"start_time": 4047, "title": "Arcanum Military Equipment List", "end_time": 4108}, {"start_time": 4108, "title": "George the Oak - Part 9", "end_time": 4358}, {"start_time": 4358, "title": "Appendix to Foundation Potion Management II", "end_time": 4409}, {"start_time": 4409, "title": "O Captain! - PArt 10", "end_time": 5061}, {"start_time": 5061, "title": "Subtraction (Trail 1)", "end_time": 5234}, {"start_time": 5234, "title": "A dropped gift", "end_time": 5261}, {"start_time": 5261, "title": "Freedom of the Dumb - Part 11", "end_time": 5724}, {"start_time": 5724, "title": "Burning Tears - Part 12", "end_time": 6015}, {"start_time": 6015, "title": "Sonetto's Notebook", "end_time": 6126}, {"start_time": 6126, "title": "A Yard - Part 13", "end_time": 6718}, {"start_time": 6718, "title": "Hatched Eggs", "end_time": 6780}, {"start_time": 6780, "title": "Lost Lambs - Part 14", "end_time": 7245}, {"start_time": 7245, "title": "A Group Photo (Trail 1)", "end_time": 7476}, {"start_time": 7476, "title": "Greenery", "end_time": 7501}, {"start_time": 7501, "title": "The Other Future - Part 15", "end_time": 8152}, {"start_time": 8152, "title": "Storm and the New World - Part 16", "end_time": 8394}]
https://www.youtube.com/watch?v=S9IhzKATiWg	20696	"20250114"	23818	[{"start_time": 0, "title": "Tristes Tropiques", "end_time": 33}, {"start_time": 33, "title": "Part 1 \"Unshakable Justice\"", "end_time": 683}, {"start_time": 683, "title": "Lopera's Path Fragment", "end_time": 718}, {"start_time": 718, "title": "Trail \"Instructions in Advance\"", "end_time": 776}, {"start_time": 776, "title": "Part 2 \"A New Photo of an Old Friend\"", "end_time": 1442}, {"start_time": 1442, "title": "Part 3 \"The Minotaur\"", "end_time": 1881}, {"start_time": 1881, "title": "Part 3 Battle", "end_time": 1962}, {"start_time": 1962, "title": "Part 3 \"The Minotaur\" Continuation", "end_time": 2180}, {"start_time": 2180, "title": "Trail \"Same as Before", "end_time": 2217}, {"start_time": 2217, "title": "Part 4 \"Riptide\"", "end_time": 2892}, {"start_time": 2892, "title": "Trail \"The Price of Procrastination\"", "end_time": 2972}, {"start_time": 2972, "title": "Anjo Nala's Path I", "end_time": 3124}, {"start_time": 3124, "title": "Part 5 \"Waterway to Hell\"", "end_time": 3456}, {"start_time": 3456, "title": "Part 5 Battle", "end_time": 3540}, {"start_time": 3540, "title": "Part 5 \"Waterway to Hell\" Continuation", "end_time": 3834}, {"start_time": 3834, "title": "Trail \"Incarceration Record\"", "end_time": 3885}, {"start_time": 3885, "title": "Trail \"The Red-Bellied Piranhas\"", "end_time": 4031}, {"start_time": 4031, "title": "Part 6 \"Tender Pretender\"", "end_time": 4866}, {"start_time": 4866, "title": "Mr. Duncan's Path Fragment", "end_time": 4897}, {"start_time": 4897, "title": "Part 7 \"False Accusations\"", "end_time": 5775}, {"start_time": 5775, "title": "Part 7 Battle", "end_time": 5849}, {"start_time": 5849, "title": "Part 7 \"False Accusations\" Continuation", "end_time": 6006}, {"start_time": 6006, "title": "Trail \"Who is the Savior?\"", "end_time": 6157}, {"start_time": 6157, "title": "Part 8 \"On the Margins of Life and Death\"", "end_time": 6838}, {"start_time": 6838, "title": "Trail \"Interview Guidelines\"", "end_time": 6932}, {"start_time": 6932, "title": "Doctor Dores's Path Fragment", "end_time": 6953}, {"start_time": 6953, "title": "Anjo Nala's Path II Fragment", "end_time": 6966}, {"start_time": 6966, "title": "Part 9 \"Aged Like Fine Wine\"", "end_time": 7876}, {"start_time": 7876, "title": "Part 9 Battle", "end_time": 7975}, {"start_time": 7975, "title": "Part 9 \"Aged Like Fine Wine\" Continuation", "end_time": 8057}, {"start_time": 8057, "title": "Trail \"Innovative Advertising\"", "end_time": 8143}, {"start_time": 8143, "title": "Doctor Dores's Path Fragment", "end_time": 8154}, {"start_time": 8154, "title": "Part 10 \"Boarding the White Ship\"", "end_time": 8359}, {"start_time": 8359, "title": "Part 10 Battle", "end_time": 8419}, {"start_time": 8419, "title": "Part 10 \"Boarding the White Ship\" Continuation", "end_time": 8762}, {"start_time": 8762, "title": "Part 11 \"Sao Paulo Bossa Nova\"", "end_time": 9249}, {"start_time": 9249, "title": "Part 12 Battle", "end_time": 9349}, {"start_time": 9349, "title": "Part 12 \"Sao Paulo Bossa Nova\" Continuation", "end_time": 9630}, {"start_time": 9630, "title": "Mr. Duncan's Path Fragment", "end_time": 9643}, {"start_time": 9643, "title": "Part 12 \"Silent Night, Holy Night\"", "end_time": 10123}, {"start_time": 10123, "title": "Trail \"Wall of Gratitude\"", "end_time": 10194}, {"start_time": 10194, "title": "Anjo Nala's Path II", "end_time": 10375}, {"start_time": 10375, "title": "Part 13 \"Boto Cor-de-Rosa\"", "end_time": 11230}, {"start_time": 11230, "title": "Trail \"Urgent Need for Counseling\"", "end_time": 11312}, {"start_time": 11312, "title": "Part 14 \"The Sleepless Man\"", "end_time": 11539}, {"start_time": 11539, "title": "The Die Is Cast Cutscene", "end_time": 11637}, {"start_time": 11637, "title": "Part 14 \"The Sleepless Man\" Continuation", "end_time": 12030}, {"start_time": 12030, "title": "Trail \"Gambling Etiquette\"", "end_time": 12175}, {"start_time": 12175, "title": "Part 15 \"The Northern Falcon\"", "end_time": 12755}, {"start_time": 12755, "title": "Part 15 Battle", "end_time": 12857}, {"start_time": 12857, "title": "Part 15 \"The Northern Falcon\" Continuation", "end_time": 13032}, {"start_time": 13032, "title": "Trail \"Good News and Bad News\"", "end_time": 13154}, {"start_time": 13154, "title": "Part 16 \"Family Reunion\"", "end_time": 13688}, {"start_time": 13688, "title": "Part 16 Battle", "end_time": 13781}, {"start_time": 13781, "title": "Part 16 \"Family Reunion\" Continuation", "end_time": 13958}, {"start_time": 13958, "title": "Trail \"Old Debts Unsettled\"", "end_time": 14049}, {"start_time": 14049, "title": "Part 17 \"The Black Lamb\"", "end_time": 14372}, {"start_time": 14372, "title": "Part 17 Battle", "end_time": 14471}, {"start_time": 14471, "title": "Part 17 \"The Black Lamb\" Continuation", "end_time": 14893}, {"start_time": 14893, "title": "Anjo Nala's Path III Fragment", "end_time": 14903}, {"start_time": 14903, "title": "Part 18 \"Eye of the Hurricane\"", "end_time": 14992}, {"start_time": 14992, "title": "Part 18 Battle", "end_time": 15129}, {"start_time": 15129, "title": "Part 18 \"Eye of the Hurricane\" Continuation", "end_time": 15541}, {"start_time": 15541, "title": "Anjo Nala's Path III", "end_time": 15656}, {"start_time": 15656, "title": "Part 19 \"The Gamble\"", "end_time": 16179}, {"start_time": 16179, "title": "Part 19 Final Boss \"Santos, Reborn in Suffering\"", "end_time": 16507}, {"start_time": 16507, "title": "Part 19 \"The Gamble\" Continuation", "end_time": 16642}, {"start_time": 16642, "title": "Trail \"Religious Reform\"", "end_time": 16721}, {"start_time": 16721, "title": "Mr. Duncan's Path", "end_time": 16906}, {"start_time": 16906, "title": "Part 20 \"Farewell, Pera\"", "end_time": 17277}, {"start_time": 17277, "title": "Part 20 Battle", "end_time": 17391}, {"start_time": 17391, "title": "Part 20 \"Farewell, Pera\" Continuation", "end_time": 17788}, {"start_time": 17788, "title": "Lopera's Path Fragment", "end_time": 17801}, {"start_time": 17801, "title": "Part 21 \"Ground Zero\"", "end_time": 18330}, {"start_time": 18330, "title": "Part 21 Battle", "end_time": 18438}, {"start_time": 18438, "title": "Part 21 \"Ground Zero\" Continuation", "end_time": 18504}, {"start_time": 18504, "title": "Trail \"This is Not a Drill\"", "end_time": 18570}, {"start_time": 18570, "title": "Part 22 \"The Roaring Forties\"", "end_time": 18978}, {"start_time": 18978, "title": "Trail \"A Minute to Spare\"", "end_time": 19102}, {"start_time": 19102, "title": "Doctor Dores's Path", "end_time": 19270}, {"start_time": 19270, "title": "Part 23 \"The Final Curtain\"", "end_time": 19948}, {"start_time": 19948, "title": "Part 24 \"Monologues\"", "end_time": 20096}, {"start_time": 20096, "title": "\"Goodbye\" Cutscene", "end_time": 20189}, {"start_time": 20189, "title": "Trail \"A Call to Gather\"", "end_time": 20322}, {"start_time": 20322, "title": "Lopera's Path", "end_time": 20500}, {"start_time": 20500, "title": "Credits", "end_time": 20696}]
https://www.youtube.com/watch?v=SHDkzNtwVbM	2133	"20231026"	2413	[{"start_time": 0, "title": "Prologue", "end_time": 568}, {"start_time": 568, "title": "Battle Mechanics", "end_time": 1603}, {"start_time": 1603, "title": "The \"Storm\"", "end_time": 2133}]
https://www.youtube.com/watch?v=SVo9oeiD054	14259	"20251225"	83	NA
https://www.youtube.com/watch?v=SBtL7AIstsc	12271	"20260504"	5	NA
https://www.youtube.com/watch?v=SztjPYuUoyA	1110	"20260308"	503	NA
https://www.youtube.com/watch?v=Sm95QEJIgsE	4350	"20240717"	24	[{"start_time": 0, "title": "Intro", "end_time": 49}, {"start_time": 49, "title": "6th-12 Before", "end_time": 770}, {"start_time": 770, "title": "6th-12 Battle Story", "end_time": 1094}, {"start_time": 1094, "title": "6th-13", "end_time": 2026}, {"start_time": 2026, "title": "6th-14 Before", "end_time": 2186}, {"start_time": 2186, "title": "6th-14 Battle Story", "end_time": 2520}, {"start_time": 2520, "title": "6th-14 After", "end_time": 2913}, {"start_time": 2913, "title": "6th-15 Before", "end_time": 3138}, {"start_time": 3138, "title": "6th-15 Battle Story", "end_time": 3455}, {"start_time": 3455, "title": "6th-15 After", "end_time": 4028}, {"start_time": 4028, "title": "Outro", "end_time": 4350}]
https://www.youtube.com/watch?v=TKeSK-j4TwA	926	"20231103"	293	NA
https://www.youtube.com/watch?v=T2_tFE-XHt4	11580	"20241123"	3348	NA
https://www.youtube.com/watch?v=TTwl6Yy73KQ	10357	"20231029"	353	NA
https://www.youtube.com/watch?v=TOloCUrvVnc	14363	"20250111"	393	NA
https://www.youtube.com/watch?v=TeLYoXrT0NE	23369	"20250601"	687	[{"start_time": 0, "title": "Opening", "end_time": 10}, {"start_time": 10, "title": "Folie et D\u00e9raison Trailer", "end_time": 146}, {"start_time": 146, "title": "Part 1 - Prologue", "end_time": 1349}, {"start_time": 1349, "title": "Part 2 - More than Circles", "end_time": 2127}, {"start_time": 2127, "title": "Part 3 - The Place That Time Forgot", "end_time": 2666}, {"start_time": 2666, "title": "Part 4 - Comala's Callers", "end_time": 3871}, {"start_time": 3871, "title": "Part 5 - A Latin American Fable", "end_time": 5649}, {"start_time": 5649, "title": "Part 6 - Shadows of the Living", "end_time": 7557}, {"start_time": 7557, "title": "Part 7 - Passion and Delirium", "end_time": 9053}, {"start_time": 9053, "title": "Part 8 - The Spider's Web", "end_time": 10348}, {"start_time": 10348, "title": "Part 9 - The Central Tower", "end_time": 11445}, {"start_time": 11445, "title": "Part 10 - The Ant Mill", "end_time": 12762}, {"start_time": 12762, "title": "Part 11 - Soothsayer, Worldmaker", "end_time": 14549}, {"start_time": 14549, "title": "Part 12 - Behind the Operating Curtain", "end_time": 15623}, {"start_time": 15623, "title": "Part 13 - Master of the Labyrinth", "end_time": 16575}, {"start_time": 16575, "title": "Part 14 - The Mask in the Mirror", "end_time": 17322}, {"start_time": 17322, "title": "Part 15 - Aleph - Final Boss \"Aleph, Ghost of Transcendentality\"", "end_time": 18645}, {"start_time": 18645, "title": "Part 16 - The Boundary of Fiction", "end_time": 19716}, {"start_time": 19716, "title": "Part 17 - Ghost of the Past", "end_time": 21068}, {"start_time": 21068, "title": "Part 18 - In Praise of Folly", "end_time": 21743}, {"start_time": 21743, "title": "Part 19 - Aspects of Madness", "end_time": 22474}, {"start_time": 22474, "title": "Part 20 - In the Place of My Ashes - The END", "end_time": 23369}]
https://www.youtube.com/watch?v=UFO1_wwD9lg	1822	"20231102"	16	NA
https://www.youtube.com/watch?v=TPa1DyVk0bc	4033	"20240728"	33	[{"start_time": 0, "title": "Introduction", "end_time": 31}, {"start_time": 31, "title": "Stage 13: The Island", "end_time": 785}, {"start_time": 785, "title": "Stage 14: Fitcher\u2019s Bird", "end_time": 1319}, {"start_time": 1319, "title": "Stage 15: With Hope Rekindled", "end_time": 2047}, {"start_time": 2047, "title": "Stage 16: Quest in the Woods", "end_time": 2955}, {"start_time": 2955, "title": "Stage 17: Art Above All", "end_time": 3442}, {"start_time": 3442, "title": "Stage 18: Only Applause", "end_time": 3926}, {"start_time": 3926, "title": "Conclusion", "end_time": 4033}]
https://www.youtube.com/watch?v=Tl4DJotIWNE	901	"20251030"	79	[{"start_time": 0, "title": "Team 1: Nautika Bloodtithe", "end_time": 119}, {"start_time": 119, "title": "Team 2: Buddy Fairchild + Moldir Ultimate", "end_time": 435}, {"start_time": 435, "title": "Team 3: Ulrich (+ Lucy) Dynamo", "end_time": 901}]
https://www.youtube.com/watch?v=UeqigXqCrlg	1244	"20231027"	38	NA
https://www.youtube.com/watch?v=UXjrG-cZdvk	24686	"20240301"	43	NA
https://www.youtube.com/watch?v=Uak6qLPKBCM	25969	"20260102"	0	NA
https://www.youtube.com/watch?v=Ut6_NFWOnkw	11274	"20260811"	6	NA
https://www.youtube.com/watch?v=UhNGLyD7yUU	12729	"20241105"	7	NA
https://www.youtube.com/watch?v=VRtxoQmwefM	1011	"20231119"	55	NA
https://www.youtube.com/watch?v=VXsmGu2gUvU	11691	"20231030"	24	NA
https://www.youtube.com/watch?v=VGVd1IHJNHw	1252	"20240926"	14	NA
https://www.youtube.com/watch?v=VidQr8qZNkk	2903	"20240103"	13	[{"start_time": 0, "end_time": 9, "title": "<Untitled Chapter 1>"}, {"start_time": 9, "title": "3RD 01 Chaldean Oracles", "end_time": 441}, {"start_time": 441, "title": "Trail \u2460 Open Sandwich", "end_time": 803}, {"start_time": 803, "title": "Trail \u2461 A Dream I", "end_time": 876}, {"start_time": 876, "title": "3RD 02 Frog Toffee", "end_time": 1213}, {"start_time": 1213, "title": "Resonate Feature Unlock", "end_time": 1254}, {"start_time": 1254, "title": "Artificial Somnambulism Feature Unlock", "end_time": 1300}, {"start_time": 1300, "title": "Trail \u2460 \"Timetable\"", "end_time": 1335}, {"start_time": 1335, "title": "Trail \u2461 Another Dream II", "end_time": 1447}, {"start_time": 1447, "title": "3RD 03 Stalkee ( Story 1 )", "end_time": 1886}, {"start_time": 1886, "title": "3RD 04 New Blood", "end_time": 2283}, {"start_time": 2283, "title": "3RD 05 A Deep Sleep ( Story 1 )", "end_time": 2552}, {"start_time": 2552, "title": "3RD 05 A Deep Sleep ( Story 2 )", "end_time": 2822}, {"start_time": 2822, "title": "Trail \u2460 For the Sleeper", "end_time": 2903}]
https://www.youtube.com/watch?v=Vb6M6NMrnBo	29519	"20260815"	0	NA
https://www.youtube.com/watch?v=Vv5WcT5sbsE	1098	"20260815"	256	[{"start_time": 0, "title": "Story", "end_time": 1018}, {"start_time": 1018, "title": "Traces", "end_time": 1098}]
https://www.youtube.com/watch?v=WBqWcxDQhdc	1442	"20230804"	1588	NA
https://www.youtube.com/watch?v=WTMxaXjIKWM	17420	"20231020"	3642	NA
https://www.youtube.com/watch?v=WcYtwp7hqx0	1122	"20231128"	33	NA
https://www.youtube.com/watch?v=Wm-zZuITtS4	12402	"20231229"	136	[{"start_time": 0, "title": "An Old Umbrella - Part 1", "end_time": 424}, {"start_time": 424, "title": "Wet Letter", "end_time": 469}, {"start_time": 469, "title": "The Outsider - Part 2", "end_time": 834}, {"start_time": 834, "title": "A Coat Rack - Part 3", "end_time": 1476}, {"start_time": 1476, "title": "Raise A Glass! - Part 4", "end_time": 2043}, {"start_time": 2043, "title": "206th LSCC Seminar - Note", "end_time": 2124}, {"start_time": 2124, "title": "In the Castle - Part 5", "end_time": 2496}, {"start_time": 2496, "title": "The Forest Express - Part 6", "end_time": 3080}, {"start_time": 3080, "title": "The Pirate's Declaration - Part 7", "end_time": 3505}, {"start_time": 3505, "title": "Snacks of the New Era and the Rockin' Pirate", "end_time": 3552}, {"start_time": 3552, "title": "Both Sides of the Table - Part 8", "end_time": 3904}, {"start_time": 3904, "title": "A Wandering Dog - Part 9", "end_time": 4500}, {"start_time": 4500, "title": "Sailing at Night - Part 10", "end_time": 5353}, {"start_time": 5353, "title": "A Sweet APPLe - Part 11", "end_time": 6129}, {"start_time": 6129, "title": "Sightings of the \"Nameless Angler\"", "end_time": 6177}, {"start_time": 6177, "title": "A Letter - Part 12", "end_time": 6630}, {"start_time": 6630, "title": "Artificial Somnambulism Guidance", "end_time": 6671}, {"start_time": 6671, "title": "Flashing Red - Part 13", "end_time": 7249}, {"start_time": 7249, "title": "All-or-Nothing - Part 14", "end_time": 7561}, {"start_time": 7561, "title": "From the Ashes - Part 15", "end_time": 7902}, {"start_time": 7902, "title": "Contact Point - Part 16", "end_time": 8251}, {"start_time": 8251, "title": "Ball Game (Trail 1)", "end_time": 8495}, {"start_time": 8495, "title": "Echoes in the Dark - Part 17", "end_time": 8808}, {"start_time": 8808, "title": "Dances with Fire (Trail 1)", "end_time": 9252}, {"start_time": 9252, "title": "Road of a Puppy - Part 18", "end_time": 9942}, {"start_time": 9942, "title": "D\u00e9j\u00e0 Vu", "end_time": 9958}, {"start_time": 9958, "title": "A Corner of the Board - Part 19", "end_time": 10285}, {"start_time": 10285, "title": "Picnic on the Lawn - Part 20", "end_time": 10878}, {"start_time": 10878, "title": "Outside the Spotlight (Trail 1)", "end_time": 11282}, {"start_time": 11282, "title": "Good Weather - Part 21", "end_time": 11616}, {"start_time": 11616, "title": "A Clipping of Old Newspaper", "end_time": 11684}, {"start_time": 11684, "title": "Returning Birds - Part 22", "end_time": 12162}, {"start_time": 12162, "title": "The Song of A Puppy", "end_time": 12184}, {"start_time": 12184, "title": "Old Days Once More - Part 23", "end_time": 12402}]
https://www.youtube.com/watch?v=WoteAJQTxNE	26211	"20250926"	13	[{"start_time": 0, "title": "10TH - 01 Annum Novum Faustum et Beatum", "end_time": 611}, {"start_time": 611, "title": "10TH - 02 The Rime of the Ancient Mariner", "end_time": 1727}, {"start_time": 1727, "title": "10TH - 03 An Icy Road", "end_time": 2379}, {"start_time": 2379, "title": "10TH - 04 My Travel Companions", "end_time": 3320}, {"start_time": 3320, "title": "10TH - 05 Et tu, Brute?", "end_time": 4052}, {"start_time": 4052, "title": "10TH - 06 Have a safe journey. / Safe Driving", "end_time": 5170}, {"start_time": 5170, "title": "10TH - 07 Under Glaring Light", "end_time": 5954}, {"start_time": 5954, "title": "10TH - 08 The Worst Journey in the World", "end_time": 6739}, {"start_time": 6739, "title": "10TH - 09 The Fool and the High Priestess", "end_time": 7745}, {"start_time": 7745, "title": "10TH - 10 The Call of the Wild", "end_time": 8296}, {"start_time": 8296, "title": "10TH - 11 Des pas sur la neige", "end_time": 9577}, {"start_time": 9577, "title": "10TH - 12 Just Another Laplace Experiment", "end_time": 10621}, {"start_time": 10621, "title": "Outdoor Experiment", "end_time": 11486}, {"start_time": 11486, "title": "10TH - 13 The Nine-Layered City", "end_time": 12813}, {"start_time": 12813, "title": "10TH - 14 My Dear Siblings", "end_time": 13478}, {"start_time": 13478, "title": "10TH - 15 In the Mouth of Madness", "end_time": 14477}, {"start_time": 14477, "title": "10TH - 16 The Broken Land of Bliss", "end_time": 15929}, {"start_time": 15929, "title": "10TH - 17 The Owl of Minerva", "end_time": 16942}, {"start_time": 16942, "title": "10TH - 18 To a Skylark", "end_time": 18075}, {"start_time": 18075, "title": "10TH - 19 Same Road, Different Destinations", "end_time": 19116}, {"start_time": 19116, "title": "10TH - 20 The Weaving of Our Pasts", "end_time": 19989}, {"start_time": 19989, "title": "10TH - 21 The Way I Came", "end_time": 21390}, {"start_time": 21390, "title": "10TH - 22 By Their Untainted Blood", "end_time": 22060}, {"start_time": 22060, "title": "10TH - 23 And Then Came the Savior", "end_time": 22931}, {"start_time": 22931, "title": "Against the Flood", "end_time": 24108}, {"start_time": 24108, "title": "The record plays", "end_time": 24474}, {"start_time": 24474, "title": "10TH - 24 The Other Bank of the River", "end_time": 25301}, {"start_time": 25301, "title": "10TH - 25 Apocalypsis cum figuris", "end_time": 25695}, {"start_time": 25695, "title": "Cutscene: Paradise Lost", "end_time": 25788}, {"start_time": 25788, "title": "Reenter the flood", "end_time": 26034}, {"start_time": 26034, "title": "Distortion", "end_time": 26211}]
https://www.youtube.com/watch?v=X0AqAm7HvTY	12264	"20260819"	942	NA
https://www.youtube.com/watch?v=WpDFc249MZk	11633	"20240721"	55	[{"start_time": 0, "title": "Cutscene 17: Art Above All", "end_time": 506}, {"start_time": 506, "title": "Cutscene 18: Only Applause", "end_time": 1121}, {"start_time": 1121, "title": "Trail 1 A Rainy Day Friend", "end_time": 1236}, {"start_time": 1236, "title": "Cutscene 19: The Clashing Tides", "end_time": 1382}, {"start_time": 1382, "title": "Stage 19: The Clashing Tides", "end_time": 1537}, {"start_time": 1537, "title": "Cutscene 19: The Clashing Tides (continued)", "end_time": 1934}, {"start_time": 1934, "title": "Cutscene 20: War and Peace", "end_time": 2778}, {"start_time": 2778, "title": "Backtracking Detour (Skip to 1h 41m 20s for more of the Story)", "end_time": 2798}, {"start_time": 2798, "title": "A Doctor Interpreting Dreams", "end_time": 3040}, {"start_time": 3040, "title": "Suggestion Box", "end_time": 3136}, {"start_time": 3136, "title": "Employee Notes", "end_time": 3220}, {"start_time": 3220, "title": "Stage 03: Fork and Torte (Hard)", "end_time": 3368}, {"start_time": 3368, "title": "Stage 04: Secession Building (Hard)", "end_time": 3585}, {"start_time": 3585, "title": "The Mitosis", "end_time": 3788}, {"start_time": 3788, "title": "Stage 05: A Bad Seance (Hard)", "end_time": 4085}, {"start_time": 4085, "title": "Stage 06: Yes, Prime Minister (Hard)", "end_time": 4321}, {"start_time": 4321, "title": "Trail 1 The Weight of a Name", "end_time": 4525}, {"start_time": 4525, "title": "A Notebook Covered in Mud and Blood", "end_time": 4564}, {"start_time": 4564, "title": "Stage 07: A \"Fair\" Duel (Hard)", "end_time": 4847}, {"start_time": 4847, "title": "Stage 08: The Mind's Endoscope (Hard)", "end_time": 5147}, {"start_time": 5147, "title": "Front Page and Beyond", "end_time": 5223}, {"start_time": 5223, "title": "Faltering Footsteps", "end_time": 5312}, {"start_time": 5312, "title": "Shoeshine Boys", "end_time": 5365}, {"start_time": 5365, "title": "Stage 12: Art Exhibit (Hard)", "end_time": 5582}, {"start_time": 5582, "title": "Stage 19: The Clashing Tides (Hard)", "end_time": 5888}, {"start_time": 5888, "title": "Experiment Record", "end_time": 6006}, {"start_time": 6006, "title": "In Distant Romania", "end_time": 6080}, {"start_time": 6080, "title": "Back to the Story!", "end_time": 6131}, {"start_time": 6131, "title": "Cutscene 21: Double Cross", "end_time": 6640}, {"start_time": 6640, "title": "Stage 21: Double Cross", "end_time": 6867}, {"start_time": 6867, "title": "Cutscene 21: Double Cross (continued)", "end_time": 7178}, {"start_time": 7178, "title": "Hofmann's Investigation Files", "end_time": 7231}, {"start_time": 7231, "title": "Stage 21: Double Cross (Hard)", "end_time": 7599}, {"start_time": 7599, "title": "Cutscene 22: Finished Page", "end_time": 8301}, {"start_time": 8301, "title": "I Never", "end_time": 8339}, {"start_time": 8339, "title": "Cutscene 23: Hansel and Gretel", "end_time": 8993}, {"start_time": 8993, "title": "Cutscene 24: E lucevan le stelle", "end_time": 9352}, {"start_time": 9352, "title": "Stage 24: E lucevan le stelle", "end_time": 10181}, {"start_time": 10181, "title": "Cutscene 24: E lucevan le stelle (Continued)", "end_time": 10626}, {"start_time": 10626, "title": "Reply From the Headquarters", "end_time": 10731}, {"start_time": 10731, "title": "Stage 24: E lucevan le stelle (Hard)", "end_time": 11568}, {"start_time": 11568, "title": "Outro", "end_time": 11633}]
https://www.youtube.com/watch?v=XAApCpm4tOY	8833	"20250928"	1250	NA
https://www.youtube.com/watch?v=XChheOm6rZQ	989	"20250530"	319	NA
https://www.youtube.com/watch?v=Y4nmQnoITtc	7199	"20260628"	323292	NA
https://www.youtube.com/watch?v=XLmYTXWiUDQ	3124	"20240414"	7	NA
https://www.youtube.com/watch?v=YFrGNfzupqQ	2157	"20230627"	136127	[{"start_time": 0, "title": "Intro", "end_time": 57}, {"start_time": 57, "title": "Start Up", "end_time": 105}, {"start_time": 105, "title": "Hitting The Road", "end_time": 1039}, {"start_time": 1039, "title": "Dumping", "end_time": 1225}, {"start_time": 1225, "title": "Heading Back To The Yard", "end_time": 2065}, {"start_time": 2065, "title": "Outro", "end_time": 2157}]
https://www.youtube.com/watch?v=YQVpd3X5P5w	12482	"20260406"	24	NA
https://www.youtube.com/watch?v=YthjrkFV_9g	10136	"20250117"	41	[{"start_time": 0, "end_time": 129, "title": "<Untitled Chapter 1>"}, {"start_time": 129, "title": "Part 1 - The Secret of the Diagonal", "end_time": 784}, {"start_time": 784, "title": "Part 2 - The Blue and the Grey", "end_time": 1412}, {"start_time": 1412, "title": "Part 3 - Bring the Gavel Down", "end_time": 3062}, {"start_time": 3062, "title": "Part 4 - The Beginning of a Proof", "end_time": 4036}, {"start_time": 4036, "title": "Part 5 - Four Gross-Checks", "end_time": 4871}, {"start_time": 4871, "title": "Part 6 - Pride and Prejudice", "end_time": 6337}, {"start_time": 6337, "title": "Part 7 - Maze of The Minotaur", "end_time": 7277}, {"start_time": 7277, "title": "Part 8 - Oracles at Delphi", "end_time": 8259}, {"start_time": 8259, "title": "Part 9 - Outside the Limits", "end_time": 9287}, {"start_time": 9287, "title": "Part 10 - Returned of the Earth", "end_time": 10136}]
https://www.youtube.com/watch?v=Ya_asG6jqMY	12704	"20260627"	10	NA
https://www.youtube.com/watch?v=Yj7sgYOg6-M	11057	"20230810"	13710	[{"start_time": 0, "title": "Chapter 3", "end_time": 14}, {"start_time": 14, "title": "Part 1 \"Chaldean Oracles\"", "end_time": 441}, {"start_time": 441, "title": "Story Trails", "end_time": 859}, {"start_time": 859, "title": "Part 2 \"Frog and Toffee\"", "end_time": 1196}, {"start_time": 1196, "title": "Story Trails", "end_time": 1413}, {"start_time": 1413, "title": "Part 3 \"Stalkee\"", "end_time": 1912}, {"start_time": 1912, "title": "Part 4 \"New Blood\"", "end_time": 2307}, {"start_time": 2307, "title": "Part 5 \"A Deep Sleep\"", "end_time": 2897}, {"start_time": 2897, "title": "Story Trails", "end_time": 3007}, {"start_time": 3007, "title": "Part 6 \"Black Sheep Wall\"", "end_time": 3768}, {"start_time": 3768, "title": "Story Trails", "end_time": 3901}, {"start_time": 3901, "title": "Part 7 \"Scottish", "end_time": 4504}, {"start_time": 4504, "title": "Story Trails", "end_time": 4599}, {"start_time": 4599, "title": "Part 8 \"Scattered Pamphlets\"", "end_time": 5236}, {"start_time": 5236, "title": "Story Trails", "end_time": 5402}, {"start_time": 5402, "title": "Part 9 \"George the Oak\"", "end_time": 5821}, {"start_time": 5821, "title": "Story Trails", "end_time": 5966}, {"start_time": 5966, "title": "Part 10 \"O Captain!\"", "end_time": 6615}, {"start_time": 6615, "title": "Story Trails", "end_time": 6962}, {"start_time": 6962, "title": "Part 11 \"Freedom of the Dumb\"", "end_time": 7647}, {"start_time": 7647, "title": "Part 12 \"Burning Tears\"", "end_time": 7934}, {"start_time": 7934, "title": "Story Trails", "end_time": 8069}, {"start_time": 8069, "title": "Part 13 \"A Yard\"", "end_time": 8835}, {"start_time": 8835, "title": "Story Trails", "end_time": 9032}, {"start_time": 9032, "title": "Part 14 \"Lost Lambs\"", "end_time": 9498}, {"start_time": 9498, "title": "Story Trails", "end_time": 9921}, {"start_time": 9921, "title": "Part 15 \"The Other Future\"", "end_time": 10786}, {"start_time": 10786, "title": "Part 16 \"Storm and the New World\"", "end_time": 11057}]
https://www.youtube.com/watch?v=Z2s6cf0Z8fI	9106	"20250611"	159	NA
https://www.youtube.com/watch?v=ZH0HNIjLakI	17593	"20260308"	1175	NA
https://www.youtube.com/watch?v=ZIysvlmr-rw	7146	"20231106"	44	NA
https://www.youtube.com/watch?v=Zd3TA1QdRdg	22817	"20251106"	22438	[{"start_time": 0, "title": "A Long Long Way", "end_time": 6}, {"start_time": 6, "title": "Part 1 \"After the Flood\"", "end_time": 797}, {"start_time": 797, "title": "Trail \"Yet Another War\"", "end_time": 940}, {"start_time": 940, "title": "Strategic Sandbox", "end_time": 1226}, {"start_time": 1226, "title": "Part 2.1 \"Old Boots\"", "end_time": 1936}, {"start_time": 1936, "title": "Part 2 Battle", "end_time": 1965}, {"start_time": 1965, "title": "Part 2.2 \"Old Boots\"", "end_time": 2005}, {"start_time": 2005, "title": "Trail \"Best Wishes\"", "end_time": 2052}, {"start_time": 2052, "title": "Strategic Sandbox", "end_time": 2114}, {"start_time": 2114, "title": "Part 3 \"Battle of the Birds\"", "end_time": 3014}, {"start_time": 3014, "title": "Trail \"Flexible Review\"", "end_time": 3068}, {"start_time": 3068, "title": "Trail \"Background Check\"", "end_time": 3131}, {"start_time": 3131, "title": "Strategic Sandbox", "end_time": 3246}, {"start_time": 3246, "title": "Part 4.1 \"Grayish Blue\"", "end_time": 3481}, {"start_time": 3481, "title": "Part 4 Battle", "end_time": 3564}, {"start_time": 3564, "title": "Part 4.1 \"Grayish Blue\"", "end_time": 3935}, {"start_time": 3935, "title": "Strategic Sandbox", "end_time": 4150}, {"start_time": 4150, "title": "Part 5.1 \"Chrysanthemum\"", "end_time": 4467}, {"start_time": 4467, "title": "Part 5 Battle", "end_time": 4581}, {"start_time": 4581, "title": "Part 5.2 \"Chrysanthemum\"", "end_time": 4883}, {"start_time": 4883, "title": "Trail \"Clock and Statue\"", "end_time": 4929}, {"start_time": 4929, "title": "Strategic Sandbox", "end_time": 5017}, {"start_time": 5017, "title": "Part 6 \"A Push for Peace\"", "end_time": 5794}, {"start_time": 5794, "title": "Strategic Sandbox", "end_time": 5912}, {"start_time": 5912, "title": "Part 7 \"Under the Veil\"", "end_time": 6774}, {"start_time": 6774, "title": "Trail \"A Mother's Rage\"", "end_time": 6918}, {"start_time": 6918, "title": "Strategic Sandbox", "end_time": 7034}, {"start_time": 7034, "title": "Part 8 \"Death of the Young\"", "end_time": 7947}, {"start_time": 7947, "title": "Strategic Sandbox", "end_time": 8082}, {"start_time": 8082, "title": "Part 9 \"Paths Crossed\"", "end_time": 8755}, {"start_time": 8755, "title": "Part 9 Battle", "end_time": 8862}, {"start_time": 8862, "title": "Trail \"The Last Turnip Stew\"", "end_time": 8966}, {"start_time": 8966, "title": "Strategic Sandbox", "end_time": 9062}, {"start_time": 9062, "title": "Part 10 \"Devil's Work\"", "end_time": 9600}, {"start_time": 9600, "title": "Strategic Sandbox", "end_time": 9706}, {"start_time": 9706, "title": "Part 11.1 \"Wounds and Scars\"", "end_time": 9750}, {"start_time": 9750, "title": "Part 11 Battle", "end_time": 9836}, {"start_time": 9836, "title": "Part 11.2 \"Wounds and Scars\"", "end_time": 10497}, {"start_time": 10497, "title": "Trail \"Discipline and Regulations\"", "end_time": 10534}, {"start_time": 10534, "title": "Strategic Sandbox", "end_time": 10623}, {"start_time": 10623, "title": "Part 12 \"A Fractured Sanctuary\"", "end_time": 11550}, {"start_time": 11550, "title": "Trail \"Researchers\"", "end_time": 11620}, {"start_time": 11620, "title": "Strategic Sandbox", "end_time": 11735}, {"start_time": 11735, "title": "Part 13 \"Concessions for Peace\"", "end_time": 12391}, {"start_time": 12391, "title": "Strategic Sandbox", "end_time": 12622}, {"start_time": 12622, "title": "Part 14 \"Two Pounds of Sugar\"", "end_time": 13567}, {"start_time": 13567, "title": "Strategic Sandbox", "end_time": 13671}, {"start_time": 13671, "title": "Part 15 \"Send-off\"", "end_time": 14284}, {"start_time": 14284, "title": "Trail \"Lost to History\"", "end_time": 14335}, {"start_time": 14335, "title": "Strategic Sandbox", "end_time": 14479}, {"start_time": 14479, "title": "Part 16 \"An Unfulfilled Prophecy\"", "end_time": 15132}, {"start_time": 15132, "title": "Trail \"Entrusted Visions\"", "end_time": 15210}, {"start_time": 15210, "title": "Strategic Sandbox", "end_time": 15301}, {"start_time": 15301, "title": "Part 17 \"Serenity on the Wind\"", "end_time": 15606}, {"start_time": 15606, "title": "Strategic Sandbox", "end_time": 15670}, {"start_time": 15670, "title": "Part 18.1 \"The Armistice\"", "end_time": 16032}, {"start_time": 16032, "title": "Part 18 Battle", "end_time": 16108}, {"start_time": 16108, "title": "Part 18.2 \"The Armistice\"", "end_time": 16525}, {"start_time": 16525, "title": "Trail \"Dog Whistle\"", "end_time": 16610}, {"start_time": 16610, "title": "Strategic Sandbox", "end_time": 16756}, {"start_time": 16756, "title": "Part 19.1 \"A False Dawn\"", "end_time": 16934}, {"start_time": 16934, "title": "Part 19 Battle", "end_time": 17065}, {"start_time": 17065, "title": "Part 19.2 \"A False Dawn\"", "end_time": 17493}, {"start_time": 17493, "title": "Trail \"Amid the Chaos\"", "end_time": 17555}, {"start_time": 17555, "title": "Strategic Sandbox", "end_time": 17651}, {"start_time": 17651, "title": "Part 20.1 \"Gates of Hell\"", "end_time": 17707}, {"start_time": 17707, "title": "Part 20 Battle", "end_time": 17768}, {"start_time": 17768, "title": "Part 20.2 \"Gates of Hell\"", "end_time": 18142}, {"start_time": 18142, "title": "Strategic Sandbox", "end_time": 18237}, {"start_time": 18237, "title": "Part 21.1 \"1-Hour Politics\"", "end_time": 18669}, {"start_time": 18669, "title": "Part 21 Battle", "end_time": 18774}, {"start_time": 18774, "title": "Part 21.2 \"1-Hour Politics\"", "end_time": 19011}, {"start_time": 19011, "title": "Strategic Sandbox", "end_time": 19124}, {"start_time": 19124, "title": "Part 22.1 \"Brimstone and Fire\"", "end_time": 19683}, {"start_time": 19683, "title": "FINAL BOSS \"Shadow of War\"", "end_time": 19930}, {"start_time": 19930, "title": "Part 22.2 \"Brimstone and Fire\"", "end_time": 20515}, {"start_time": 20515, "title": "Trail \"Your Excellency, There's Nothing We Can Do\"", "end_time": 20579}, {"start_time": 20579, "title": "Trail \"Harsh Condemnation\"", "end_time": 20619}, {"start_time": 20619, "title": "Strategic Sandbox", "end_time": 20730}, {"start_time": 20730, "title": "Part 23 \"The Pardon\"", "end_time": 21305}, {"start_time": 21305, "title": "Trail \"Heartfelt Blessing\"", "end_time": 21354}, {"start_time": 21354, "title": "Strategic Sandbox", "end_time": 21411}, {"start_time": 21411, "title": "Part 24 \"The Hill\"", "end_time": 22180}, {"start_time": 22180, "title": "Trail \"\u201cFree\u201d Intelligence\"", "end_time": 22201}, {"start_time": 22201, "title": "Strategic Sandbox", "end_time": 22507}, {"start_time": 22507, "title": "Trail \"Time to Go\"", "end_time": 22583}, {"start_time": 22583, "title": "Credits", "end_time": 22817}]
https://www.youtube.com/watch?v=ZV2V7YI6jBI	1326	"20231118"	18	NA
https://www.youtube.com/watch?v=_NHB7EVf6Is	6399	"20231102"	51	NA
https://www.youtube.com/watch?v=cqiH866wzBg	8914	"20250119"	34	[{"start_time": 0, "end_time": 1194, "title": "<Untitled Chapter 1>"}, {"start_time": 1194, "title": "Part 13 - The Wave of Art", "end_time": 2325}, {"start_time": 2325, "title": "Part 14 - A Sandstorm in a Room", "end_time": 3060}, {"start_time": 3060, "title": "Part 15 - The Pioneers", "end_time": 4091}, {"start_time": 4091, "title": "Part 16 - To Open the Flood Gates", "end_time": 5000}, {"start_time": 5000, "title": "Part 17 - The \"Storm\" Speech", "end_time": 5679}, {"start_time": 5679, "title": "Part 18 - Numbers in Everything", "end_time": 6768}, {"start_time": 6768, "title": "Part 19 - The Fork in the Road", "end_time": 7973}, {"start_time": 7973, "title": "Part 20 - A Greek Tragedy", "end_time": 8914}]
https://www.youtube.com/watch?v=e3t-JIv1oFc	2417	"20231113"	3	NA
https://www.youtube.com/watch?v=e_F-B9mn7xo	2352	"20230807"	38104	NA
https://www.youtube.com/watch?v=f9b50tpPfBM	13611	"20240305"	333	[{"start_time": 0, "title": "Intro", "end_time": 122}, {"start_time": 122, "title": "Bon Voyage - Part 1", "end_time": 494}, {"start_time": 494, "title": "Deck Decoration Group", "end_time": 516}, {"start_time": 516, "title": "Treasure Hunt - Part 2", "end_time": 1112}, {"start_time": 1112, "title": "Treasure Box - Part 3", "end_time": 1660}, {"start_time": 1660, "title": "Ms. Moissan's Personal Notebook", "end_time": 1709}, {"start_time": 1709, "title": "Time to Set Sail - Part 4", "end_time": 2319}, {"start_time": 2319, "title": "Analysis Report on the \"Storm\" Sample", "end_time": 2381}, {"start_time": 2381, "title": "The Watch Losing Time - Part 5", "end_time": 2799}, {"start_time": 2799, "title": "Kingdom of Numbers - Part 6", "end_time": 3313}, {"start_time": 3313, "title": "When and Where - Trail 1", "end_time": 3704}, {"start_time": 3704, "title": "Canned Beans - Part 7", "end_time": 4233}, {"start_time": 4233, "title": "Villiers W5 Strategic Razor (Enhanced Version) Instructions for Use", "end_time": 4297}, {"start_time": 4297, "title": "Ancient Rules - Part 8", "end_time": 4983}, {"start_time": 4983, "title": "Silent Meeting - Part 9", "end_time": 5573}, {"start_time": 5573, "title": "The Pirate's Proof - Part 10", "end_time": 6347}, {"start_time": 6347, "title": "Wonderful Coincidence - Trail 1", "end_time": 6625}, {"start_time": 6625, "title": "The Ruler's Help - Part 11", "end_time": 7084}, {"start_time": 7084, "title": "Route of a Bird - Part 12", "end_time": 7717}, {"start_time": 7717, "title": "Just the Right Pause - Trail 1", "end_time": 7949}, {"start_time": 7949, "title": "The Middle of the Axis - Part 13", "end_time": 8369}, {"start_time": 8369, "title": "Bacchus's Poem", "end_time": 8413}, {"start_time": 8413, "title": "Chain of Peace - Part 14", "end_time": 8927}, {"start_time": 8927, "title": "The Third Fork in the Road", "end_time": 9288}, {"start_time": 9288, "title": "Convergent Birds - Part 15", "end_time": 9982}, {"start_time": 9982, "title": "Various Scraps of Colored Waste Paper", "end_time": 10018}, {"start_time": 10018, "title": "Sound the Alarm - Part 16", "end_time": 10486}, {"start_time": 10486, "title": "IDM Maintenance Records", "end_time": 10526}, {"start_time": 10526, "title": "The Empty Ship - Part 17", "end_time": 11189}, {"start_time": 11189, "title": "Outside the Cave - Part 18", "end_time": 11735}, {"start_time": 11735, "title": "The Misfit - Trail 1", "end_time": 12124}, {"start_time": 12124, "title": "The Upstream Boat - PArt 19", "end_time": 12708}, {"start_time": 12708, "title": "The Truth Seeker - Part 20", "end_time": 13325}, {"start_time": 13325, "title": "Invaders in Black - Part 21", "end_time": 13611}]
https://www.youtube.com/watch?v=gFN1WKRnYN8	20772	"20251211"	199	NA
https://www.youtube.com/watch?v=h3BN6mvgR7s	3174	"20260421"	10	NA
https://www.youtube.com/watch?v=hmt9R7Le2u0	2300	"20241103"	47	NA
https://www.youtube.com/watch?v=hzNMqFirzoE	30331	"20260820"	1291	NA
https://www.youtube.com/watch?v=ipD0nTSWLDY	10518	"20231030"	270	[{"start_time": 0, "title": "Prologue: This Is Tomorrow", "end_time": 2295}, {"start_time": 2295, "title": "Part 1: Wretched Brats", "end_time": 2783}, {"start_time": 2783, "title": "Part 2: Dr. Papper", "end_time": 3026}, {"start_time": 3026, "title": "Part 3: To the New World", "end_time": 3308}, {"start_time": 3308, "title": "Part 4: Chicago Rescue", "end_time": 3610}, {"start_time": 3610, "title": "Part 5: Sharpodonties and Black Wine", "end_time": 3982}, {"start_time": 3982, "title": "Part 6: The Rosa Killer", "end_time": 4519}, {"start_time": 4519, "title": "01: Afflatus Relations", "end_time": 4577}, {"start_time": 4577, "title": "Part 7: Scorched Woods", "end_time": 5062}, {"start_time": 5062, "title": "01: Fundamental Upgrade", "end_time": 5122}, {"start_time": 5122, "title": "Part 8: Druvis III", "end_time": 5617}, {"start_time": 5617, "title": "01: Tactic to Disarm", "end_time": 5695}, {"start_time": 5695, "title": "Part 9: Security Carnival", "end_time": 6148}, {"start_time": 6148, "title": "Critter's Sheet", "end_time": 6261}, {"start_time": 6261, "title": "From One Castle To Another", "end_time": 6466}, {"start_time": 6466, "title": "Part 10: The Origin Butterfly", "end_time": 6742}, {"start_time": 6742, "title": "Part 11: Charge Baby, Charge!", "end_time": 7294}, {"start_time": 7294, "title": "Chat in front of the Bar", "end_time": 7385}, {"start_time": 7385, "title": "Part 12: Appetizers", "end_time": 8130}, {"start_time": 8130, "title": "01: Prepare for the Ultimate", "end_time": 8195}, {"start_time": 8195, "title": "Part 13: The Rattenfanger", "end_time": 8801}, {"start_time": 8801, "title": "Part 14: The Eye of the Storm", "end_time": 9239}, {"start_time": 9239, "title": "01: Tuning O' One", "end_time": 9310}, {"start_time": 9310, "title": "Part 15: Underground Labyrinth", "end_time": 9701}, {"start_time": 9701, "title": "Part 16: Heaven Apostles", "end_time": 10518}]
https://www.youtube.com/watch?v=lEvB8pRR3lo	2788	"20231027"	32	NA
https://www.youtube.com/watch?v=lIxDN0HOsRI	4951	"20240305"	2	NA
https://www.youtube.com/watch?v=oPPCvndQeGo	95728	"20260826"	1047	NA
https://www.youtube.com/watch?v=oWssMdYmfGU	10916	"20250425"	89	NA
https://www.youtube.com/watch?v=pbVN27omelA	11187	"20250920"	26	NA
https://www.youtube.com/watch?v=qqHqVDyS-Ok	9002	"20241008"	6909	[{"start_time": 0, "title": "A Series of Dusk", "end_time": 11}, {"start_time": 11, "title": "Part 1 \"A Nightmare\"", "end_time": 994}, {"start_time": 994, "title": "Part 2 \"Second-Class Citizen\"", "end_time": 1792}, {"start_time": 1792, "title": "Part 3 \"Professional Ethics\"", "end_time": 2445}, {"start_time": 2445, "title": "Part 4 \"Saluting Aachen, Part 1\"", "end_time": 3440}, {"start_time": 3440, "title": "Part 5 \"Saluting Aachen, Part 2\"", "end_time": 4242}, {"start_time": 4242, "title": "Part 6 \"Fate in the Mirror\"", "end_time": 4568}, {"start_time": 4568, "title": "Part 7 \"Waves and Notes\"", "end_time": 6105}, {"start_time": 6105, "title": "Ending 1 \"Wish Granted\"", "end_time": 6135}, {"start_time": 6135, "title": "Ending 1 \"Wish Granted\" Part 1", "end_time": 6547}, {"start_time": 6547, "title": "Ending 1 Boss \"'Razor' Captain\"", "end_time": 6777}, {"start_time": 6777, "title": "Ending 1 \"Wish Granted\" Part 2", "end_time": 7219}, {"start_time": 7219, "title": "Ending 2 \"Melody of Dusk\"", "end_time": 7368}, {"start_time": 7368, "title": "Ending 2 \"Melody of Dusk\" Part 1", "end_time": 8134}, {"start_time": 8134, "title": "Ending 2 Boss \"Servant of War\"", "end_time": 8504}, {"start_time": 8504, "title": "Ending 2 \"Melody of Dusk\" Part 2", "end_time": 8947}, {"start_time": 8947, "title": "Outro", "end_time": 9002}]
https://www.youtube.com/watch?v=rE7TomcUpdM	9361	"20240519"	77	NA
https://www.youtube.com/watch?v=rvrWn7xkySw	23378	"20251102"	653	[{"start_time": 0, "title": "Record of Part 2 Main Story \"The Journey Back\"", "end_time": 190}, {"start_time": 190, "title": "A Long Long Way Trailer", "end_time": 375}, {"start_time": 375, "title": "Part 1 - After the Flood", "end_time": 1500}, {"start_time": 1500, "title": "Part 2 - Old Boots", "end_time": 2748}, {"start_time": 2748, "title": "Part 3 - Battle of the Birds", "end_time": 3820}, {"start_time": 3820, "title": "Part 4 - Grayish Blue", "end_time": 4635}, {"start_time": 4635, "title": "Part 5 - Chrysanthemum", "end_time": 5559}, {"start_time": 5559, "title": "Part 6 - A Push for Peace", "end_time": 6407}, {"start_time": 6407, "title": "Part 7 - Under the Veil", "end_time": 7695}, {"start_time": 7695, "title": "Part 8 - Death of the Young", "end_time": 8766}, {"start_time": 8766, "title": "Part 9 - Paths Crossed", "end_time": 9720}, {"start_time": 9720, "title": "Part 10 - Devil's Work", "end_time": 10402}, {"start_time": 10402, "title": "Part 11 - Wounds and Scars", "end_time": 11285}, {"start_time": 11285, "title": "Part 12 - A Fractured Sanctuary", "end_time": 12402}, {"start_time": 12402, "title": "Part 13 - Concessions for Peace", "end_time": 13245}, {"start_time": 13245, "title": "Part 14 - Two Pounds of Sugar", "end_time": 14386}, {"start_time": 14386, "title": "Part 15 - Send-off", "end_time": 15256}, {"start_time": 15256, "title": "Part 16 - An Unfulfilled Prophecy", "end_time": 16092}, {"start_time": 16092, "title": "Part 17 - Serenity on the Wind", "end_time": 16499}, {"start_time": 16499, "title": "Part 18 - The Armistice", "end_time": 17597}, {"start_time": 17597, "title": "Part 19 - A False Dawn", "end_time": 18452}, {"start_time": 18452, "title": "Part 20 - Gates of Hell", "end_time": 19087}, {"start_time": 19087, "title": "Part 21 - 1-Hour Politics", "end_time": 19979}, {"start_time": 19979, "title": "Part 22 - Brimstone and Fire - Final Boss \"Shadow of War\"", "end_time": 21556}, {"start_time": 21556, "title": "Part 23 - The Pardon", "end_time": 22315}, {"start_time": 22315, "title": "Part 24 - The Hill - The END", "end_time": 23378}]
https://www.youtube.com/watch?v=s2XAw3usdhY	8776	"20231225"	24	NA
https://www.youtube.com/watch?v=uo8A9Pam4TM	1032	"20240920"	564	NA
https://www.youtube.com/watch?v=ut28j9skxaI	9749	"20260813"	138	[{"start_time": 0, "title": "intro", "end_time": 1160}, {"start_time": 1160, "title": "trailer + node 1", "end_time": 3733}, {"start_time": 3733, "title": "node 2", "end_time": 5325}, {"start_time": 5325, "title": "node 3", "end_time": 6904}, {"start_time": 6904, "title": "node 4", "end_time": 8410}, {"start_time": 8410, "title": "2:42:29 - node 5 + internet died", "end_time": 9749}]
https://www.youtube.com/watch?v=vUy2BwKDalM	26603	"20260314"	98	NA
https://www.youtube.com/watch?v=vj-yNeJOsvw	1725	"20231030"	707	[{"start_time": 0, "title": "Intro", "end_time": 180}, {"start_time": 180, "title": "Mission 1", "end_time": 380}, {"start_time": 380, "title": "Intermission 1", "end_time": 419}, {"start_time": 419, "title": "Mission 2", "end_time": 654}, {"start_time": 654, "title": "Intermission 2", "end_time": 704}, {"start_time": 704, "title": "Mission 3", "end_time": 943}, {"start_time": 943, "title": "Intermission 3", "end_time": 990}, {"start_time": 990, "title": "Mission 4", "end_time": 1257}, {"start_time": 1257, "title": "Intermission 4", "end_time": 1401}, {"start_time": 1401, "title": "Mission 5", "end_time": 1597}, {"start_time": 1597, "title": "Intermission 5", "end_time": 1695}, {"start_time": 1695, "title": "Rewards", "end_time": 1725}]
https://www.youtube.com/watch?v=vyb9Myk8Cnk	12484	"20260820"	2	NA
https://www.youtube.com/watch?v=xQ_YwxZk_Io	8106	"20231031"	12099	NA
https://www.youtube.com/watch?v=yAs45rZua5w	1975	"20231207"	90	[{"start_time": 0, "title": "Rock 'n' Roll Radio", "end_time": 227}, {"start_time": 227, "title": "King's Trail", "end_time": 605}, {"start_time": 605, "title": "Teleport", "end_time": 899}, {"start_time": 899, "title": "Invisible Pirate", "end_time": 1123}, {"start_time": 1123, "title": "The Storm Overture", "end_time": 1525}, {"start_time": 1525, "title": "The Living Past", "end_time": 1975}]
