https://www.youtube.com/watch?v=-54A1gAPIac	1771	"20250711"	72	NA
https://www.youtube.com/watch?v=-ZPB6eoilTU	6747	"20250516"	23	[{"start_time": 0, "title": "Game Start Screen & Atmosphere Setting", "end_time": 60}, {"start_time": 60, "title": "Opening Cutscene: A New War Begins...", "end_time": 481}, {"start_time": 481, "title": "Character Creation & Chapter [1-1] start of the story", "end_time": 1376}, {"start_time": 1376, "title": "Varjager Assault: Tension Rises + Combat Cutscene", "end_time": 2470}, {"start_time": 2470, "title": "Boss Fight: Varjager Showdown & Escape Sequence", "end_time": 2872}, {"start_time": 2872, "title": "Chapter [1-2] COMMANDER and team recover the vital package \u2014 mission not over yet!", "end_time": 3354}, {"start_time": 3354, "title": "Chapter [1-3] Battling through relentless Varjager assaults", "end_time": 3586}, {"start_time": 3586, "title": "Chapter [SL-1-1] A shadowy meeting underground: COMMANDER\u2019s tense conversation with broker Poludnitsa", "end_time": 3971}, {"start_time": 3971, "title": "Chapter [1-4] Holding the line \u2014 defending the package from waves of Varjager attacks", "end_time": 4193}, {"start_time": 4193, "title": "Chapter [BH-1-1] Side mission", "end_time": 4349}, {"start_time": 4349, "title": "Chapter [BH-1-2] Side mission", "end_time": 4481}, {"start_time": 4481, "title": "Chapter [SL-1-2] Reaching the rendezvous with Poludnitsa to uncover crucial intel", "end_time": 4892}, {"start_time": 4892, "title": "Chapter [1-5] Vital resupply mission \u2014 scrambling for equipment and parts to save Elmo", "end_time": 5353}, {"start_time": 5353, "title": "Chapter [1-6] The escape intensifies \u2014 every second counts", "end_time": 5667}, {"start_time": 5667, "title": "Chapter [BH-1-3] Side mission", "end_time": 5842}, {"start_time": 5842, "title": "Chapter [BH-1-4] Side mission", "end_time": 5929}, {"start_time": 5929, "title": "Chapter [1-7] A desperate rush to repair Elmo under the threat of non-stop Varjager attacks", "end_time": 6264}, {"start_time": 6264, "title": "Chapter [1-8] Boss Fight Finale \u2013 Into the Fire", "end_time": 6747}]
https://www.youtube.com/watch?v=-34CPF2uarI	17524	"20251202"	883	[{"start_time": 0, "title": "LS-1-1 Under the Undercurrents", "end_time": 2222}, {"start_time": 2222, "title": "LA-1-1 Expensive Hopes", "end_time": 4784}, {"start_time": 4784, "title": "LA-1-2 Tangled Roots", "end_time": 6857}, {"start_time": 6857, "title": "LA-1-3 The Snipe and the Clam", "end_time": 8765}, {"start_time": 8765, "title": "LA-1-4 Deluded Illusion", "end_time": 9871}, {"start_time": 9871, "title": "LA-1-5 Sleeping Subject", "end_time": 11869}, {"start_time": 11869, "title": "LA-1-6 Moment of Intersection", "end_time": 13289}, {"start_time": 13289, "title": "LA-1-7 Underground Deal", "end_time": 14605}, {"start_time": 14605, "title": "LA-1-8 Pathway to Dreams", "end_time": 15825}, {"start_time": 15825, "title": "LA-1-9 Forged Choice", "end_time": 16898}, {"start_time": 16898, "title": "LS-1-2 Lingering Traces", "end_time": 17524}]
https://www.youtube.com/watch?v=-KcMiNAKfXI	8741	"20250514"	43	[{"start_time": 0, "title": "Members Shoutout", "end_time": 11}, {"start_time": 11, "title": "2-1", "end_time": 695}, {"start_time": 695, "title": "SL-2-1", "end_time": 1460}, {"start_time": 1460, "title": "2-2", "end_time": 1635}, {"start_time": 1635, "title": "2-3", "end_time": 2332}, {"start_time": 2332, "title": "BH-2-1", "end_time": 2622}, {"start_time": 2622, "title": "BH-2-2", "end_time": 2763}, {"start_time": 2763, "title": "SL-2-2", "end_time": 3969}, {"start_time": 3969, "title": "2-4", "end_time": 4642}, {"start_time": 4642, "title": "2-5", "end_time": 4782}, {"start_time": 4782, "title": "2-6", "end_time": 5233}, {"start_time": 5233, "title": "BH-2-3", "end_time": 5398}, {"start_time": 5398, "title": "BH-2-4", "end_time": 5611}, {"start_time": 5611, "title": "2-7", "end_time": 6085}, {"start_time": 6085, "title": "2-8", "end_time": 6214}, {"start_time": 6214, "title": "SL-2-3", "end_time": 6430}, {"start_time": 6430, "title": "BH-2-5", "end_time": 6562}, {"start_time": 6562, "title": "BH-2-6", "end_time": 6746}, {"start_time": 6746, "title": "2-9", "end_time": 7438}, {"start_time": 7438, "title": "SL-2-4", "end_time": 8003}, {"start_time": 8003, "title": "2-10", "end_time": 8430}, {"start_time": 8430, "title": "SL-2-5", "end_time": 8741}]
https://www.youtube.com/watch?v=-UoGWMdHG04	12548	"20260819"	3	NA
https://www.youtube.com/watch?v=-awnR5Vdh_U	7980	"20191120"	9110	[{"start_time": 0, "title": "10-1", "end_time": 1314}, {"start_time": 1314, "title": "10-2", "end_time": 2356}, {"start_time": 2356, "title": "10-3", "end_time": 3181}, {"start_time": 3181, "title": "10-4", "end_time": 3849}, {"start_time": 3849, "title": "10-5", "end_time": 4528}, {"start_time": 4528, "title": "10-6", "end_time": 5482}, {"start_time": 5482, "title": "10-1e", "end_time": 6230}, {"start_time": 6230, "title": "10-2e", "end_time": 6667}, {"start_time": 6667, "title": "10-3e", "end_time": 7439}, {"start_time": 7439, "title": "10-4e", "end_time": 7980}]
https://www.youtube.com/watch?v=-y-979iPfKo	20027	"20251129"	136	[{"start_time": 0, "title": "INTRO", "end_time": 14}, {"start_time": 14, "title": "LS-1-1", "end_time": 2361}, {"start_time": 2361, "title": "LA-1-1", "end_time": 2599}, {"start_time": 2599, "title": "LA-1-2", "end_time": 3623}, {"start_time": 3623, "title": "LS-1-2", "end_time": 5781}, {"start_time": 5781, "title": "LA-1-3", "end_time": 7318}, {"start_time": 7318, "title": "LA-1-4", "end_time": 8574}, {"start_time": 8574, "title": "LS-1-3", "end_time": 10032}, {"start_time": 10032, "title": "LA-1-5", "end_time": 10467}, {"start_time": 10467, "title": "LA-1-6", "end_time": 10657}, {"start_time": 10657, "title": "LA-1-7", "end_time": 10742}, {"start_time": 10742, "title": "LA-1-8", "end_time": 11278}, {"start_time": 11278, "title": "LS-1-4", "end_time": 12325}, {"start_time": 12325, "title": "LA-1-9", "end_time": 12584}, {"start_time": 12584, "title": "LS-1-5", "end_time": 13500}, {"start_time": 13500, "title": "LA-1-10", "end_time": 14806}, {"start_time": 14806, "title": "LA-1-11", "end_time": 14907}, {"start_time": 14907, "title": "LA-1-12", "end_time": 15666}, {"start_time": 15666, "title": "LS-1-6", "end_time": 16621}, {"start_time": 16621, "title": "LA-1-13", "end_time": 17120}, {"start_time": 17120, "title": "LA-1-14", "end_time": 17330}, {"start_time": 17330, "title": "LA-1-15", "end_time": 17701}, {"start_time": 17701, "title": "LA-1-16", "end_time": 18376}, {"start_time": 18376, "title": "LA-1-17", "end_time": 19522}, {"start_time": 19522, "title": "LS-1-7", "end_time": 20027}]
https://www.youtube.com/watch?v=-et4RcTc7TA	7122	"20250103"	27	[{"start_time": 0, "title": "Main Story", "end_time": 1950}, {"start_time": 1950, "title": "Dusty Memories - Tololo", "end_time": 3630}, {"start_time": 3630, "title": "Boss Fight", "end_time": 4570}, {"start_time": 4570, "title": "Expansion Drills", "end_time": 5490}, {"start_time": 5490, "title": "Dormitory - Suomi Memories II", "end_time": 5810}, {"start_time": 5810, "title": "Dormitory - Papasha Memories I", "end_time": 6445}, {"start_time": 6445, "title": "Dormitory - Vepley Memories I", "end_time": 6720}, {"start_time": 6720, "title": "Dormitory", "end_time": 7122}]
https://www.youtube.com/watch?v=02tOpRe_2CE	7368	"20241218"	5	NA
https://www.youtube.com/watch?v=0ZFM_oZwSOI	23669	"20251220"	99	[{"start_time": 0, "title": "INTRO", "end_time": 14}, {"start_time": 14, "title": "BA-1-1", "end_time": 3119}, {"start_time": 3119, "title": "BS-1-1", "end_time": 3588}, {"start_time": 3588, "title": "BA-1-2", "end_time": 5648}, {"start_time": 5648, "title": "BA-1-3", "end_time": 5761}, {"start_time": 5761, "title": "BA-1-4", "end_time": 6412}, {"start_time": 6412, "title": "BS-1-2", "end_time": 7070}, {"start_time": 7070, "title": "BA-1-5", "end_time": 7496}, {"start_time": 7496, "title": "BA-1-6", "end_time": 8679}, {"start_time": 8679, "title": "BS-1-3", "end_time": 10619}, {"start_time": 10619, "title": "BA-1-7", "end_time": 11158}, {"start_time": 11158, "title": "BA-1-8", "end_time": 11388}, {"start_time": 11388, "title": "BA-1-9", "end_time": 11526}, {"start_time": 11526, "title": "BA-1-10", "end_time": 12034}, {"start_time": 12034, "title": "BA-1-11", "end_time": 13235}, {"start_time": 13235, "title": "BS-1-4", "end_time": 14010}, {"start_time": 14010, "title": "BA-1-12", "end_time": 15144}, {"start_time": 15144, "title": "BS-1-5", "end_time": 15648}, {"start_time": 15648, "title": "BA-1-13", "end_time": 16280}, {"start_time": 16280, "title": "BS-1-6", "end_time": 17608}, {"start_time": 17608, "title": "BA-1-14", "end_time": 18731}, {"start_time": 18731, "title": "BA-1-15", "end_time": 18851}, {"start_time": 18851, "title": "BS-1-7", "end_time": 19851}, {"start_time": 19851, "title": "BA-1-16", "end_time": 21033}, {"start_time": 21033, "title": "BS-1-8", "end_time": 23669}]
https://www.youtube.com/watch?v=1PA7pWTOUlE	12488	"20260111"	943	NA
https://www.youtube.com/watch?v=118rDCQzpFU	2436	"20260520"	28	NA
https://www.youtube.com/watch?v=19iVN5yGi_8	13379	"20260106"	45	NA
https://www.youtube.com/watch?v=1CRJ_YmALH4	8035	"20241206"	11615	NA
https://www.youtube.com/watch?v=1S0wtYrfej8	13959	"20241227"	49	NA
https://www.youtube.com/watch?v=1ZawuKp0mSc	29478	"20250521"	39	[{"start_time": 0, "title": "Chapter 8", "end_time": 7577}, {"start_time": 7577, "title": "Aphelion", "end_time": 29478}]
https://www.youtube.com/watch?v=1soQyqF26aE	10020	"20220120"	13094	[{"start_time": 0, "title": "Intro", "end_time": 20}, {"start_time": 20, "title": "13-1 Stay in Position", "end_time": 1023}, {"start_time": 1023, "title": "13-2 Confidential Document", "end_time": 2385}, {"start_time": 2385, "title": "13-3 Familiar Figure", "end_time": 3475}, {"start_time": 3475, "title": "13-4 Old Friend", "end_time": 4444}, {"start_time": 4444, "title": "13-5 Closing In", "end_time": 5698}, {"start_time": 5698, "title": "13-6 Coda", "end_time": 6606}, {"start_time": 6606, "title": "13-1E Immemorial I", "end_time": 7089}, {"start_time": 7089, "title": "13-2E Immemorial II", "end_time": 7644}, {"start_time": 7644, "title": "13-3E Immemorial III", "end_time": 8849}, {"start_time": 8849, "title": "13-4E Immemorial IV", "end_time": 10020}]
https://www.youtube.com/watch?v=1vL6MiHuR74	4887	"20250101"	23	NA
https://www.youtube.com/watch?v=24Ne6tT_GfY	1966	"20260317"	27	NA
https://www.youtube.com/watch?v=2GPCxUbwvSU	25968	"20260803"	0	NA
https://www.youtube.com/watch?v=2Um4ZoT-0eU	15660	"20260103"	101	[{"start_time": 0, "title": "Hearty Welcome", "end_time": 1980}, {"start_time": 1980, "title": "Unfamiliar Familiarity", "end_time": 2074}, {"start_time": 2074, "title": "Deliberate Oversight", "end_time": 2861}, {"start_time": 2861, "title": "Covert Investigation", "end_time": 4724}, {"start_time": 4724, "title": "Roiling Undertow", "end_time": 5948}, {"start_time": 5948, "title": "Extreme Decryption", "end_time": 7008}, {"start_time": 7008, "title": "Publicity Stunt", "end_time": 8207}, {"start_time": 8207, "title": "Routine Traffic Stop", "end_time": 8450}, {"start_time": 8450, "title": "Danger sign", "end_time": 8539}, {"start_time": 8539, "title": "Bizarre Investigation", "end_time": 8881}, {"start_time": 8881, "title": "Projection Conflict", "end_time": 9767}, {"start_time": 9767, "title": "Invisible Tactics", "end_time": 9928}, {"start_time": 9928, "title": "Hidden Clues", "end_time": 10702}, {"start_time": 10702, "title": "DEFY", "end_time": 11740}, {"start_time": 11740, "title": "Third-Generation Doll", "end_time": 12306}, {"start_time": 12306, "title": "Yearn for freedom", "end_time": 13081}, {"start_time": 13081, "title": "Destruction Schedule", "end_time": 13430}, {"start_time": 13430, "title": "Breaking Out", "end_time": 13503}, {"start_time": 13503, "title": "Mortal Choice", "end_time": 13693}, {"start_time": 13693, "title": "Only Chance", "end_time": 14262}, {"start_time": 14262, "title": "Sheltering Wings", "end_time": 15242}, {"start_time": 15242, "title": "Strife and Confusion", "end_time": 15660}]
https://www.youtube.com/watch?v=2cPGsPyJKOI	15427	"20250630"	64	[{"start_time": 0, "title": "Game Start Screen & Atmosphere Setting", "end_time": 73}, {"start_time": 73, "title": "Chapter [10-1] Venturing Deeper into the Contamination Zone", "end_time": 787}, {"start_time": 787, "title": "Chapter [10-2] Sergeant Dmitry's Haunted Memories of Battle", "end_time": 1412}, {"start_time": 1412, "title": "Chapter [SL-10-1] Secrets of the URNC Purification Project Uncovered", "end_time": 2831}, {"start_time": 2831, "title": "Chapter [10-3] Leva\u2019s Revelation About Paradeus", "end_time": 3459}, {"start_time": 3459, "title": "Chapter [10-4] Ambushed by a Shadowy Armed Force!", "end_time": 4005}, {"start_time": 4005, "title": "Chapter [SL-10-2] Enemy Identity Revealed \u2014 Trapped in Jahodna Cave! \ud83d\udd73\ufe0f", "end_time": 5917}, {"start_time": 5917, "title": "Chapter [10-5] Uncovering Nikolai\u2019s Last Stand at the Salt Mine \u2694\ufe0f", "end_time": 7601}, {"start_time": 7601, "title": "Chapter [BH-10-1] Side mission", "end_time": 7662}, {"start_time": 7662, "title": "Chapter [BH-10-2] Side mission", "end_time": 7706}, {"start_time": 7706, "title": "Chapter [SL-10-3] BluSphere and Magni Plot a Ruthless Trap", "end_time": 8088}, {"start_time": 8088, "title": "Chapter [10-6] First Sergeant Dmitry\u2019s Daring Escape Plan to Save Nikolai's Legacy \ud83c\udf96\ufe0f", "end_time": 8860}, {"start_time": 8860, "title": "Chapter [SL-10-4] Tense Negotiations with BluSphere \u2014 Betrayal Looms", "end_time": 9572}, {"start_time": 9572, "title": "Chapter [10-7] H.I.D.E. Team 404 Launches a Desperate Escape", "end_time": 10390}, {"start_time": 10390, "title": "Chapter [SL-10-5] Survey Corps\u2019 Heroic Last Stand to Buy Time \ud83d\udee1\ufe0f", "end_time": 11499}, {"start_time": 11499, "title": "Chapter [10-8] The Battle Breaks Out \u2014 BluSphere Forces Clash! \u2694\ufe0f", "end_time": 11908}, {"start_time": 11908, "title": "Chapter [BH-10-3] Side mission", "end_time": 11947}, {"start_time": 11947, "title": "Chapter [BH-10-4] Side mission", "end_time": 12006}, {"start_time": 12006, "title": "Chapter [BH-10-5] Side mission", "end_time": 12135}, {"start_time": 12135, "title": "Chapter [10-9] Team 404\u2019s Narrow Escape Amid Sacrifice and Chaos \ud83d\udd4a\ufe0f", "end_time": 12563}, {"start_time": 12563, "title": "Chapter [10-10] Final Showdown Against BluSphere Boss \u2014 An Epic Fight to the End!", "end_time": 12903}, {"start_time": 12903, "title": "Chapter [10-11] Reinforcements Arrive: Commander and Team GROZA to the Rescue!", "end_time": 13771}, {"start_time": 13771, "title": "Chapter [SL-10-6] A Mysterious Cocoon Emerges... The Journey Continues! \ud83d\udc1b\u27a1\ufe0f", "end_time": 15427}]
https://www.youtube.com/watch?v=2xOj7gVGtZE	3737	"20250810"	31	NA
https://www.youtube.com/watch?v=2nnD26tt5Qo	2187	"20250708"	65	NA
https://www.youtube.com/watch?v=3ShQ7qOId2c	9586	"20250518"	27	[{"start_time": 0, "title": "intro", "end_time": 14}, {"start_time": 14, "title": "7-1", "end_time": 178}, {"start_time": 178, "title": "7-2", "end_time": 434}, {"start_time": 434, "title": "SL-7-1", "end_time": 2233}, {"start_time": 2233, "title": "7-3", "end_time": 3201}, {"start_time": 3201, "title": "7-4", "end_time": 3778}, {"start_time": 3778, "title": "7-5", "end_time": 4771}, {"start_time": 4771, "title": "7-6", "end_time": 4938}, {"start_time": 4938, "title": "SL-7-2", "end_time": 5677}, {"start_time": 5677, "title": "7-7", "end_time": 6694}, {"start_time": 6694, "title": "SL-7-3", "end_time": 7528}, {"start_time": 7528, "title": "7-8", "end_time": 8059}, {"start_time": 8059, "title": "7-9", "end_time": 8978}, {"start_time": 8978, "title": "7-10", "end_time": 9586}]
https://www.youtube.com/watch?v=3Wn_XvQacuw	1883	"20260703"	48	NA
https://www.youtube.com/watch?v=3h7J8W4K15o	10860	"20250516"	42	[{"start_time": 0, "title": "Members Shoutout", "end_time": 11}, {"start_time": 11, "title": "SL-3-1", "end_time": 1350}, {"start_time": 1350, "title": "3-1", "end_time": 1595}, {"start_time": 1595, "title": "SL-3-2", "end_time": 2795}, {"start_time": 2795, "title": "3-2", "end_time": 3265}, {"start_time": 3265, "title": "3-3", "end_time": 3492}, {"start_time": 3492, "title": "BH-3-1", "end_time": 3662}, {"start_time": 3662, "title": "BH-3-2", "end_time": 3790}, {"start_time": 3790, "title": "3-4", "end_time": 4696}, {"start_time": 4696, "title": "SL-3-3", "end_time": 5254}, {"start_time": 5254, "title": "BH-3-3", "end_time": 5494}, {"start_time": 5494, "title": "BH-3-4", "end_time": 5757}, {"start_time": 5757, "title": "3-5", "end_time": 6782}, {"start_time": 6782, "title": "3-6", "end_time": 7463}, {"start_time": 7463, "title": "3-7", "end_time": 8059}, {"start_time": 8059, "title": "SL-3-4", "end_time": 8419}, {"start_time": 8419, "title": "BH-3-5", "end_time": 8663}, {"start_time": 8663, "title": "BH-3-6", "end_time": 8886}, {"start_time": 8886, "title": "3-8", "end_time": 9158}, {"start_time": 9158, "title": "SL-3-5", "end_time": 9759}, {"start_time": 9759, "title": "3-9", "end_time": 9981}, {"start_time": 9981, "title": "3-10", "end_time": 10860}]
https://www.youtube.com/watch?v=3r5ztgLxcAM	11158	"20241216"	68	NA
https://www.youtube.com/watch?v=47v3Y82o924	13122	"20250422"	129	[{"start_time": 0, "title": "10-1 Story I", "end_time": 472}, {"start_time": 472, "title": "10-1 Battle Intro I", "end_time": 492}, {"start_time": 492, "title": "10-1 Story II", "end_time": 605}, {"start_time": 605, "title": "10-2 Story I", "end_time": 832}, {"start_time": 832, "title": "10-2 Battle Intro I", "end_time": 857}, {"start_time": 857, "title": "SL-10-1 Story I", "end_time": 2388}, {"start_time": 2388, "title": "10-3 Battle Intro I", "end_time": 2399}, {"start_time": 2399, "title": "10-3 Battle Outro I", "end_time": 2408}, {"start_time": 2408, "title": "10-3 Story I", "end_time": 2865}, {"start_time": 2865, "title": "10-4 Story I", "end_time": 2959}, {"start_time": 2959, "title": "10-4 Battle Intro I", "end_time": 2974}, {"start_time": 2974, "title": "10-4 Story II", "end_time": 3354}, {"start_time": 3354, "title": "SL-10-2 Story I", "end_time": 5147}, {"start_time": 5147, "title": "10-5 Story I", "end_time": 6084}, {"start_time": 6084, "title": "10-5 Story II", "end_time": 6833}, {"start_time": 6833, "title": "SL-10-3 Story I", "end_time": 7614}, {"start_time": 7614, "title": "10-6 Story I", "end_time": 7947}, {"start_time": 7947, "title": "SL-10-4 Story I", "end_time": 8575}, {"start_time": 8575, "title": "10-7 Story I", "end_time": 9044}, {"start_time": 9044, "title": "10-7 Battle Intro I", "end_time": 9053}, {"start_time": 9053, "title": "10-7 Battle Outro I", "end_time": 9247}, {"start_time": 9247, "title": "SL-10-5 Story I", "end_time": 10165}, {"start_time": 10165, "title": "10-8 Battle Intro I", "end_time": 10188}, {"start_time": 10188, "title": "10-8 Story I", "end_time": 10439}, {"start_time": 10439, "title": "10-9 Cutscene I", "end_time": 10559}, {"start_time": 10559, "title": "10-9 Cutscene II", "end_time": 10786}, {"start_time": 10786, "title": "10-9 Story I", "end_time": 10819}, {"start_time": 10819, "title": "10-10 Story I", "end_time": 11002}, {"start_time": 11002, "title": "10-10 Battle Intro I", "end_time": 11012}, {"start_time": 11012, "title": "10-10 Story II", "end_time": 11070}, {"start_time": 11070, "title": "10-11 Story I", "end_time": 11362}, {"start_time": 11362, "title": "10-11 Battle Intro I", "end_time": 11371}, {"start_time": 11371, "title": "10-11 Cutscene I", "end_time": 11519}, {"start_time": 11519, "title": "10-11 Story II", "end_time": 11822}, {"start_time": 11822, "title": "SL-10-6 Story I", "end_time": 13122}]
https://www.youtube.com/watch?v=4MrrFyXVNFk	8031	"20241212"	834	[{"start_time": 0, "title": "Intro", "end_time": 15}, {"start_time": 15, "title": "2-1 Guess", "end_time": 817}, {"start_time": 817, "title": "SL-2-1 Intersection", "end_time": 2032}, {"start_time": 2032, "title": "2-2 Arrogance", "end_time": 2065}, {"start_time": 2065, "title": "2-3 Diffraction", "end_time": 2867}, {"start_time": 2867, "title": "SL-2-2 Convergence", "end_time": 4634}, {"start_time": 4634, "title": "2-4 Disturbance", "end_time": 5295}, {"start_time": 5295, "title": "2-5 Simulated Defense", "end_time": 5348}, {"start_time": 5348, "title": "2-6 Narrow Path I", "end_time": 5569}, {"start_time": 5569, "title": "2-7 Narrow Path II", "end_time": 5976}, {"start_time": 5976, "title": "2-8 Wolf Pack Assault", "end_time": 5993}, {"start_time": 5993, "title": "SL-2-3 Price", "end_time": 6261}, {"start_time": 6261, "title": "2-9 Signal", "end_time": 6796}, {"start_time": 6796, "title": "SL-2-4 Paradox Loop", "end_time": 7449}, {"start_time": 7449, "title": "2-10 Black Swan", "end_time": 7772}, {"start_time": 7772, "title": "SL-2-5 Final Curtain", "end_time": 8031}]
https://www.youtube.com/watch?v=5ZmRed1Roio	11214	"20250331"	2	NA
https://www.youtube.com/watch?v=5GHzLjRmWII	7178	"20250101"	381	[{"start_time": 0, "title": "UA-1-1 Taking the thermal power station", "end_time": 516}, {"start_time": 516, "title": "UA-1-2 Investigating the station, and finding KVSK", "end_time": 1708}, {"start_time": 1708, "title": "US-1-1 Meeting Dushevnaya", "end_time": 2554}, {"start_time": 2554, "title": "UA-1-3 ELID ambush (cutscene)", "end_time": 3104}, {"start_time": 3104, "title": "UA-1-4 Further investigation into the station", "end_time": 3540}, {"start_time": 3540, "title": "UA-1-5 Exploring the station's experimental secret", "end_time": 3839}, {"start_time": 3839, "title": "UA-1-6 Creepy doll's reveal, and RIP Dush's arm", "end_time": 4140}, {"start_time": 4140, "title": "UA-1-7 Retreat into round 2", "end_time": 4732}, {"start_time": 4732, "title": "US-1-2 Democracy decides", "end_time": 5630}, {"start_time": 5630, "title": "UA-1-8 Assault on the cooling towers", "end_time": 5751}, {"start_time": 5751, "title": "UA-1-9 Spiraling into chaos", "end_time": 6000}, {"start_time": 6000, "title": "UA-1-10 Final round with Creepy Doll (cutscene)", "end_time": 6330}, {"start_time": 6330, "title": "US-1-3 Lambertia, poor Lambertia...& the revived Doll Community", "end_time": 7178}]
https://www.youtube.com/watch?v=673b_rQoTfA	4438	"20230726"	184	NA
https://www.youtube.com/watch?v=6BcBzp2hGZo	14570	"20250321"	998	NA
https://www.youtube.com/watch?v=6OWAvvl-FgA	14009	"20251218"	562	[{"start_time": 0, "title": "LS-1-1 Odesa detains Kalina, Leva, and Lenna, and Leva teams up with Robella and Soppo", "end_time": 1735}, {"start_time": 1735, "title": "LA-1-1 Investigating the warehouses", "end_time": 1850}, {"start_time": 1850, "title": "LA-1-2 Finding the clue", "end_time": 2586}, {"start_time": 2586, "title": "LS-1-2 The team returns, meeting Zimmerman, planning the next move, and Fedya informs Cocoon", "end_time": 4293}, {"start_time": 4293, "title": "LA-1-3 Leva and Robella catch up while investigating the Chiefs murder", "end_time": 5497}, {"start_time": 5497, "title": "LA-1-4 Leva cracks the Chiefs laptop while Kalina and Zimmerman intervene with Rurik, and Soppo takes the data to Leibnys", "end_time": 6453}, {"start_time": 6453, "title": "LS-1-3 Rurik campaigns for interim chief, Leibnys reveals a new lead in ODE-22, Cocoon plans with Rurik", "end_time": 7555}, {"start_time": 7555, "title": "LA-1-5 Getting caught in ODE-22", "end_time": 7820}, {"start_time": 7820, "title": "LA-1-6 Still on the run", "end_time": 7893}, {"start_time": 7893, "title": "LA-1-8 Planning at the safe house", "end_time": 8231}, {"start_time": 8231, "title": "LS-1-4 Meeting up with Dier, planning the operation at the light rail station", "end_time": 8999}, {"start_time": 8999, "title": "LA-1-9 Getting to the locker, Lenna gets captured", "end_time": 9143}, {"start_time": 9143, "title": "LS-1-5 Cocoon reviews with Rurik, Leva discusses the locker contents and next steps with Robella-G11", "end_time": 9858}, {"start_time": 9858, "title": "LA-1-10 Teaming up with Alva at the abandoned villa, and investigating the underground tunnels", "end_time": 10755}, {"start_time": 10755, "title": "LA-1-12 Discovering the 3rd-gen doll experimental labs and Persicas connector design", "end_time": 11293}, {"start_time": 11293, "title": "LS-1-6 Finding the Chaos prototype, and freeing Darture", "end_time": 11914}, {"start_time": 11914, "title": "LA-1-13 Leva gets trapped in Level II, and retreating from Darture-Chaos", "end_time": 12181}, {"start_time": 12181, "title": "LA-1-14 Fighting through the tunnels", "end_time": 12269}, {"start_time": 12269, "title": "LA-1-15 Getting cut off, and facing Chaos", "end_time": 12414}, {"start_time": 12414, "title": "LA-1-16 Hacking Chaos and stopping the electromagnetic interference pulse", "end_time": 12843}, {"start_time": 12843, "title": "LA-1-17 Leva breaks out of Level II and opens the path, and escaping while Chaos self-destructs", "end_time": 13629}, {"start_time": 13629, "title": "LS-1-7 Cocoon debriefs and discusses the next steps with another", "end_time": 14009}]
https://www.youtube.com/watch?v=64mhSM6mc7A	11834	"20260206"	41	[{"start_time": 0, "end_time": 9, "title": "<Untitled Chapter 1>"}, {"start_time": 9, "title": "CA-101 Promised Day", "end_time": 970}, {"start_time": 970, "title": "CA-1-2 Omen", "end_time": 2106}, {"start_time": 2106, "title": "CA-1-3 Fleeing Pursuit", "end_time": 2809}, {"start_time": 2809, "title": "CS-1-1 Safehouse", "end_time": 4680}, {"start_time": 4680, "title": "CA-1-4 Baptism of Memory", "end_time": 6117}, {"start_time": 6117, "title": "CA-1-5 Level III Base Layer", "end_time": 7543}, {"start_time": 7543, "title": "CA-1-6 Creeping Mist", "end_time": 8953}, {"start_time": 8953, "title": "CA-1-7 Racing Rescue", "end_time": 10059}, {"start_time": 10059, "title": "CA-1-8 Third-Generation Doll", "end_time": 11318}, {"start_time": 11318, "title": "CA-1-9 Signal Decryption", "end_time": 11834}]
https://www.youtube.com/watch?v=7BMRQGVEsvM	18298	"20241217"	90	NA
https://www.youtube.com/watch?v=7E3ZPl9Dfeg	10491	"20250126"	81	[{"start_time": 0, "title": "Jostled Cradle", "end_time": 1576}, {"start_time": 1576, "title": "Breakthrough I", "end_time": 1605}, {"start_time": 1605, "title": "Transient Reflection", "end_time": 1763}, {"start_time": 1763, "title": "Quantum Light", "end_time": 3027}, {"start_time": 3027, "title": "Waveform Deviation", "end_time": 5529}, {"start_time": 5529, "title": "Dark Passage", "end_time": 5835}, {"start_time": 5835, "title": "Anomalous Conductor", "end_time": 7946}, {"start_time": 7946, "title": "Bilateral Constraint", "end_time": 8591}, {"start_time": 8591, "title": "Random Medium", "end_time": 9053}, {"start_time": 9053, "title": "Breakthrough II", "end_time": 9284}, {"start_time": 9284, "title": "Breakthrough III", "end_time": 9323}, {"start_time": 9323, "title": "Ebb and Flow", "end_time": 9894}, {"start_time": 9894, "title": "Combined Parameters", "end_time": 10491}]
https://www.youtube.com/watch?v=8AsMbY2poWA	14558	"20250420"	747	[{"start_time": 0, "title": "Intro", "end_time": 15}, {"start_time": 15, "title": "9-1 Twilight", "end_time": 1086}, {"start_time": 1086, "title": "9-2 Eye of the Storm", "end_time": 2022}, {"start_time": 2022, "title": "9-3 Secondary Mirror", "end_time": 2818}, {"start_time": 2818, "title": "9-4 Out of Focus", "end_time": 3037}, {"start_time": 3037, "title": "9-5 Roche Point", "end_time": 3991}, {"start_time": 3991, "title": "SL-9-1 Entangled State", "end_time": 5191}, {"start_time": 5191, "title": "9-6 Dual-Beam Observation", "end_time": 5990}, {"start_time": 5990, "title": "SL-9-2 Dormant Black Hole", "end_time": 6409}, {"start_time": 6409, "title": "9-7 Lattice Distortion", "end_time": 7167}, {"start_time": 7167, "title": "SL-9-3 Delayed Signal", "end_time": 9050}, {"start_time": 9050, "title": "9-8 Tidal Effect", "end_time": 9516}, {"start_time": 9516, "title": "9-9 Buried Consciousness", "end_time": 10466}, {"start_time": 10466, "title": "9-10 Fusion", "end_time": 12713}, {"start_time": 12713, "title": "SL-9-4 Approaching Light", "end_time": 14558}]
https://www.youtube.com/watch?v=8VAStv2CHPM	12173	"20241208"	73	NA
https://www.youtube.com/watch?v=7a8vUsbRRb4	1808	"20250321"	4	NA
https://www.youtube.com/watch?v=8hvXVdAZPZ8	3852	"20250105"	30	NA
https://www.youtube.com/watch?v=8y_3u9HSUlk	10289	"20260810"	680	NA
https://www.youtube.com/watch?v=9-ih04-rWvU	13092	"20250416"	181	[{"start_time": 0, "title": "Twilight", "end_time": 977}, {"start_time": 977, "title": "Eye of the Storm", "end_time": 1797}, {"start_time": 1797, "title": "Secondary Mirror", "end_time": 2488}, {"start_time": 2488, "title": "Out of Focus", "end_time": 2647}, {"start_time": 2647, "title": "Roche Limit", "end_time": 3509}, {"start_time": 3509, "title": "Entangled State", "end_time": 4614}, {"start_time": 4614, "title": "Dual-Beam Observation", "end_time": 5317}, {"start_time": 5317, "title": "Dormant Black Hole", "end_time": 5702}, {"start_time": 5702, "title": "Lattice Distortion", "end_time": 6379}, {"start_time": 6379, "title": "Delayed Signal", "end_time": 8113}, {"start_time": 8113, "title": "Tidal Effect", "end_time": 8503}, {"start_time": 8503, "title": "Buried Consciousness", "end_time": 9334}, {"start_time": 9334, "title": "Fusion", "end_time": 11414}, {"start_time": 11414, "title": "Approaching Light", "end_time": 13092}]
https://www.youtube.com/watch?v=969jeDkFA80	21547	"20260304"	15	[{"start_time": 0, "end_time": 6309, "title": "<Untitled Chapter 1>"}, {"start_time": 6309, "title": "BS-1-2: Soppo: BRRRR", "end_time": 21547}]
https://www.youtube.com/watch?v=97KqCterSlI	5190	"20241214"	237	NA
https://www.youtube.com/watch?v=9OMa-5VPYo0	12782	"20260328"	23	[{"start_time": 0, "end_time": 11, "title": "<Untitled Chapter 1>"}, {"start_time": 11, "title": "LS-1-1 Under the Undercurrents", "end_time": 1579}, {"start_time": 1579, "title": "LA-1-1 Expensive Hopes", "end_time": 3409}, {"start_time": 3409, "title": "LA-1-2 Tangled Roots", "end_time": 4904}, {"start_time": 4904, "title": "LA-1-3 The Snipe and the Clam", "end_time": 6349}, {"start_time": 6349, "title": "LA-1-4 Deluded Illusion", "end_time": 7141}, {"start_time": 7141, "title": "LA-1-5 Sleeping Subject", "end_time": 8681}, {"start_time": 8681, "title": "LA-1-6 Moment of Intersection", "end_time": 9683}, {"start_time": 9683, "title": "LA-1-7 Underground Deal", "end_time": 10604}, {"start_time": 10604, "title": "LA-1-8 Pathway to Dreams", "end_time": 11486}, {"start_time": 11486, "title": "LA-1-9 Forged Choice", "end_time": 12337}, {"start_time": 12337, "title": "LS-1-2 Lingering Traces", "end_time": 12782}]
https://www.youtube.com/watch?v=9idz9cNnnG8	6470	"20250503"	38	[{"start_time": 0, "title": "intro", "end_time": 14}, {"start_time": 14, "title": "2-1", "end_time": 637}, {"start_time": 637, "title": "SL-2-1", "end_time": 1451}, {"start_time": 1451, "title": "2-2", "end_time": 1538}, {"start_time": 1538, "title": "2-3", "end_time": 2151}, {"start_time": 2151, "title": "SL-2-2", "end_time": 3395}, {"start_time": 3395, "title": "2-4", "end_time": 3957}, {"start_time": 3957, "title": "2-5", "end_time": 4038}, {"start_time": 4038, "title": "2-6", "end_time": 4288}, {"start_time": 4288, "title": "2-7", "end_time": 4688}, {"start_time": 4688, "title": "2-8", "end_time": 4748}, {"start_time": 4748, "title": "SL-2-3", "end_time": 4949}, {"start_time": 4949, "title": "2-9", "end_time": 5447}, {"start_time": 5447, "title": "SL-2-4", "end_time": 5971}, {"start_time": 5971, "title": "2-10", "end_time": 6211}, {"start_time": 6211, "title": "SL-2-5", "end_time": 6470}]
https://www.youtube.com/watch?v=9TGmg3zE0B8	22125	"20260310"	7	NA
https://www.youtube.com/watch?v=AVAxq__noV8	8812	"20250325"	25	[{"start_time": 0, "title": "Event", "end_time": 40}, {"start_time": 40, "title": "9-1 A", "end_time": 517}, {"start_time": 517, "title": "9-1 Cutscene", "end_time": 600}, {"start_time": 600, "title": "9-1 Battle", "end_time": 710}, {"start_time": 710, "title": "9-1 B", "end_time": 845}, {"start_time": 845, "title": "9-2 A", "end_time": 1025}, {"start_time": 1025, "title": "9-2 Battle", "end_time": 1130}, {"start_time": 1130, "title": "9-2 B", "end_time": 1412}, {"start_time": 1412, "title": "9-3 A", "end_time": 1745}, {"start_time": 1745, "title": "9-3 Battle", "end_time": 1792}, {"start_time": 1792, "title": "9-3 B", "end_time": 1918}, {"start_time": 1918, "title": "9-4 A", "end_time": 2050}, {"start_time": 2050, "title": "9-4 Battle", "end_time": 2208}, {"start_time": 2208, "title": "9-5 A", "end_time": 2481}, {"start_time": 2481, "title": "9-5 Battle", "end_time": 2555}, {"start_time": 2555, "title": "9-5 B", "end_time": 2738}, {"start_time": 2738, "title": "SL-9-1", "end_time": 3353}, {"start_time": 3353, "title": "9-6 A", "end_time": 3590}, {"start_time": 3590, "title": "9-6 Battle", "end_time": 3688}, {"start_time": 3688, "title": "9-6 B", "end_time": 3859}, {"start_time": 3859, "title": "SL-9-2", "end_time": 4154}, {"start_time": 4154, "title": "9-7 A", "end_time": 4571}, {"start_time": 4571, "title": "9-7 Battle", "end_time": 4680}, {"start_time": 4680, "title": "SL-9-3", "end_time": 5702}, {"start_time": 5702, "title": "9-8 A", "end_time": 5965}, {"start_time": 5965, "title": "9-8 Battle", "end_time": 6032}, {"start_time": 6032, "title": "9-9 Battle", "end_time": 6048}, {"start_time": 6048, "title": "9-9 A", "end_time": 6158}, {"start_time": 6158, "title": "9-9 B", "end_time": 6655}, {"start_time": 6655, "title": "9-10 A", "end_time": 7076}, {"start_time": 7076, "title": "9-10 Battle", "end_time": 7145}, {"start_time": 7145, "title": "9-10 Cutscene", "end_time": 7351}, {"start_time": 7351, "title": "9-10 B", "end_time": 7903}, {"start_time": 7903, "title": "SL-9-4", "end_time": 8812}]
https://www.youtube.com/watch?v=A5Ze9aZdH9Y	3509	"20260502"	70	NA
https://www.youtube.com/watch?v=AbzOFtFxpb8	2854	"20221120"	427	NA
https://www.youtube.com/watch?v=AYuMlfPYhTE	5669	"20241228"	19	NA
https://www.youtube.com/watch?v=Aq7XClPVzPI	22633	"20260425"	1139	[{"start_time": 0, "title": "HA-1-1 (Slumbering Nightmare)", "end_time": 1210}, {"start_time": 1210, "title": "HA-1-2 (Bygone Name)", "end_time": 3261}, {"start_time": 3261, "title": "HS-1-1 (Phantom Construct)", "end_time": 4171}, {"start_time": 4171, "title": "HS-1-2 (Dream\u2019s Harbor)", "end_time": 5823}, {"start_time": 5823, "title": "HA-1-3 (Neural Labyrinth)", "end_time": 7127}, {"start_time": 7127, "title": "HA-1-4 (Coming Storm)", "end_time": 8805}, {"start_time": 8805, "title": "HA-1-5 (In-Depth Investigation)", "end_time": 10140}, {"start_time": 10140, "title": "HA-1-6 (Long-Awaited Reunion)", "end_time": 11340}, {"start_time": 11340, "title": "HA-1-7 (Mutual Use)", "end_time": 12863}, {"start_time": 12863, "title": "HA-1-8 (Source Divergence)", "end_time": 14109}, {"start_time": 14109, "title": "HZ-1-1 (Information Breakdown I)", "end_time": 14304}, {"start_time": 14304, "title": "HZ-1-2 (Information Breakdown II)", "end_time": 14513}, {"start_time": 14513, "title": "HZ-1-3 (Information Breakdown III)", "end_time": 14650}, {"start_time": 14650, "title": "HZ-1-4 (Information Breakdown IV)", "end_time": 14902}, {"start_time": 14902, "title": "HS-1-3 (Through Thick and Thin)", "end_time": 15612}, {"start_time": 15612, "title": "HA-1-9 (Strange Reunion)", "end_time": 16777}, {"start_time": 16777, "title": "HA-1-10 (Reflection Interplay)", "end_time": 17776}, {"start_time": 17776, "title": "HA-1-11 (Chiaroscuro)", "end_time": 19044}, {"start_time": 19044, "title": "HA-1-12 (Seperate Ways)", "end_time": 20476}, {"start_time": 20476, "title": "HZ-1-5 (Information Breakdown V)", "end_time": 20736}, {"start_time": 20736, "title": "HZ-1-6 (Information Breakdown VI)", "end_time": 21075}, {"start_time": 21075, "title": "HS-1-4 (Home of My Heart)", "end_time": 22432}, {"start_time": 22432, "title": "Rewards", "end_time": 22447}, {"start_time": 22447, "title": "Report 1 (Lore)", "end_time": 22472}, {"start_time": 22472, "title": "Report 2 (Lore)", "end_time": 22492}, {"start_time": 22492, "title": "Report 3 (Lore)", "end_time": 22520}, {"start_time": 22520, "title": "Griffin Doll Interview Transcript Excerpt: DP-12 and KSVK (Lore)", "end_time": 22575}, {"start_time": 22575, "title": "Mangi Security Internal Operation File (Lore)", "end_time": 22613}, {"start_time": 22613, "title": "Mangi Security Internal Doll File (Lore)", "end_time": 22633}]
https://www.youtube.com/watch?v=AvWoW0f0fyI	13429	"20250113"	1311	NA
https://www.youtube.com/watch?v=BDt7C_8sLeI	15273	"20251212"	153	[{"start_time": 0, "title": "LS-1-1", "end_time": 1565}, {"start_time": 1565, "title": "LA-1-1", "end_time": 3529}, {"start_time": 3529, "title": "LA-1-2", "end_time": 5319}, {"start_time": 5319, "title": "LA-1-3", "end_time": 6941}, {"start_time": 6941, "title": "LZ-1-1", "end_time": 7057}, {"start_time": 7057, "title": "LZ-1-2", "end_time": 7144}, {"start_time": 7144, "title": "LA-1-4", "end_time": 8041}, {"start_time": 8041, "title": "LA-1-5", "end_time": 9812}, {"start_time": 9812, "title": "LZ-1-3", "end_time": 9931}, {"start_time": 9931, "title": "LZ-1-4", "end_time": 10041}, {"start_time": 10041, "title": "LA-1-6", "end_time": 11227}, {"start_time": 11227, "title": "LA-1-7", "end_time": 12330}, {"start_time": 12330, "title": "LZ-1-5", "end_time": 12578}, {"start_time": 12578, "title": "LZ-1-6", "end_time": 12719}, {"start_time": 12719, "title": "LA-1-8", "end_time": 13766}, {"start_time": 13766, "title": "LA-1-9", "end_time": 14797}, {"start_time": 14797, "title": "LS-1-2", "end_time": 15273}]
https://www.youtube.com/watch?v=BJL_kKDhNrE	13942	"20251128"	2711	NA
https://www.youtube.com/watch?v=BJqmGvX-Qqg	16588	"20260116"	5	NA
https://www.youtube.com/watch?v=BTZnUMaYnEw	13588	"20260516"	843	[{"start_time": 0, "title": "PA-1-1 Desolate Blossom", "end_time": 1275}, {"start_time": 1275, "title": "PA-1-2 Promised Determination", "end_time": 3020}, {"start_time": 3020, "title": "PS-1-1 Schrodinger's Trust", "end_time": 3563}, {"start_time": 3563, "title": "PA-1-3 Flourishing Greenery", "end_time": 4908}, {"start_time": 4908, "title": "PS-1-2 Frigid Summons", "end_time": 5912}, {"start_time": 5912, "title": "PA-1-4 Discordant Note", "end_time": 7424}, {"start_time": 7424, "title": "PA-1-5 Pursuing Calamity", "end_time": 8611}, {"start_time": 8611, "title": "PA-1-6 Hidden Land", "end_time": 8866}, {"start_time": 8866, "title": "PS-1-3 Destruction and Rebirth", "end_time": 10310}, {"start_time": 10310, "title": "PA-1-7 March of Resistance", "end_time": 10626}, {"start_time": 10626, "title": "PA-1-8 Distant Bloodline", "end_time": 12336}, {"start_time": 12336, "title": "PA-1-9 Gentle Finale", "end_time": 13085}, {"start_time": 13085, "title": "PS-1-4 Awaiting Departure", "end_time": 13588}]
https://www.youtube.com/watch?v=BWVW4f4YUz0	7254	"20250128"	150	[{"start_time": 0, "title": "GW-1-1 Acquaintances in Flowerbeds", "end_time": 607}, {"start_time": 607, "title": "GS-1-1 Detuned", "end_time": 863}, {"start_time": 863, "title": "GW-1-2 Ordered Sequence", "end_time": 1281}, {"start_time": 1281, "title": "GW-1-3 Heavy Bass", "end_time": 1475}, {"start_time": 1475, "title": "GS-1-2 Divergent Calling", "end_time": 1933}, {"start_time": 1933, "title": "GW-1-4 Chaos Factor", "end_time": 2191}, {"start_time": 2191, "title": "GW-1-5 Turbulent Flow", "end_time": 3133}, {"start_time": 3133, "title": "GW-1-6 Overture of Obscenity", "end_time": 3155}, {"start_time": 3155, "title": "GW-1-7 Reverberation of Terror", "end_time": 5183}, {"start_time": 5183, "title": "GW-1-8 The Silent List", "end_time": 7065}, {"start_time": 7065, "title": "GW-1-9 Amidst Wings of Gray", "end_time": 7254}]
https://www.youtube.com/watch?v=Bvkt9KKc7kM	7490	"20251109"	50	NA
https://www.youtube.com/watch?v=BiPAw8JydEA	17495	"20260819"	3	NA
https://www.youtube.com/watch?v=Bo7PJjMKnP8	27245	"20250111"	152	[{"start_time": 0, "title": "Intro", "end_time": 26}, {"start_time": 26, "title": "Unexpected Discovery", "end_time": 1131}, {"start_time": 1131, "title": "Brilliant Disguise", "end_time": 4046}, {"start_time": 4046, "title": "Old Friend", "end_time": 6340}, {"start_time": 6340, "title": "Mystical Adventure", "end_time": 7594}, {"start_time": 7594, "title": "Unsolved Mystery", "end_time": 9045}, {"start_time": 9045, "title": "Hidden Crisis", "end_time": 9934}, {"start_time": 9934, "title": "Eerie Ghost", "end_time": 10641}, {"start_time": 10641, "title": "Daring Decision", "end_time": 12375}, {"start_time": 12375, "title": "The Two Ends of the Scale", "end_time": 15363}, {"start_time": 15363, "title": "Strike Again", "end_time": 15577}, {"start_time": 15577, "title": "Expulsion Signal", "end_time": 16133}, {"start_time": 16133, "title": "Chasing Shadows", "end_time": 16559}, {"start_time": 16559, "title": "Prototype of a Dream", "end_time": 18588}, {"start_time": 18588, "title": "Unexpected Signal", "end_time": 20336}, {"start_time": 20336, "title": "King's Game", "end_time": 22123}, {"start_time": 22123, "title": "Switching the Joker", "end_time": 23931}, {"start_time": 23931, "title": "Murphy's Law", "end_time": 24424}, {"start_time": 24424, "title": "A Letter", "end_time": 25333}, {"start_time": 25333, "title": "Chasing the Sunset", "end_time": 27245}]
https://www.youtube.com/watch?v=C3PzwyGi1IA	3702	"20260201"	37	NA
https://www.youtube.com/watch?v=C9rEiJeq9zo	21649	"20250413"	3174	NA
https://www.youtube.com/watch?v=CVRY_Mq-yNc	12784	"20250517"	28	[{"start_time": 0, "title": "Members Shoutout", "end_time": 11}, {"start_time": 11, "title": "4-1", "end_time": 817}, {"start_time": 817, "title": "BH-4-1", "end_time": 973}, {"start_time": 973, "title": "BH-4-2", "end_time": 1198}, {"start_time": 1198, "title": "SL-4-1", "end_time": 3603}, {"start_time": 3603, "title": "4-2", "end_time": 4004}, {"start_time": 4004, "title": "4-3", "end_time": 4328}, {"start_time": 4328, "title": "4-4", "end_time": 4943}, {"start_time": 4943, "title": "SL-4-2", "end_time": 6131}, {"start_time": 6131, "title": "4-5", "end_time": 6450}, {"start_time": 6450, "title": "BH-4-3", "end_time": 6775}, {"start_time": 6775, "title": "BH-4-4", "end_time": 7078}, {"start_time": 7078, "title": "4-6", "end_time": 7520}, {"start_time": 7520, "title": "SL-4-3", "end_time": 7838}, {"start_time": 7838, "title": "4-7", "end_time": 8294}, {"start_time": 8294, "title": "BH-4-5", "end_time": 8546}, {"start_time": 8546, "title": "BH-4-6", "end_time": 8931}, {"start_time": 8931, "title": "4-8", "end_time": 9444}, {"start_time": 9444, "title": "SL4-4", "end_time": 10201}, {"start_time": 10201, "title": "4-9", "end_time": 10852}, {"start_time": 10852, "title": "4-10", "end_time": 11517}, {"start_time": 11517, "title": "SL-4-5", "end_time": 12111}, {"start_time": 12111, "title": "SL-4-6", "end_time": 12784}]
https://www.youtube.com/watch?v=CjaHm7QqTIs	27512	"20250324"	299	[{"start_time": 0, "title": "Promised Day", "end_time": 2168}, {"start_time": 2168, "title": "Omen", "end_time": 4954}, {"start_time": 4954, "title": "Fleeing Pursuit", "end_time": 6712}, {"start_time": 6712, "title": "Safehouse", "end_time": 11238}, {"start_time": 11238, "title": "Baptism of Memory", "end_time": 14583}, {"start_time": 14583, "title": "Level III Base Layer", "end_time": 17668}, {"start_time": 17668, "title": "Creeping Mist", "end_time": 21130}, {"start_time": 21130, "title": "Racing Rescue", "end_time": 23720}, {"start_time": 23720, "title": "Third-Generation Doll", "end_time": 26503}, {"start_time": 26503, "title": "Signal Decryption", "end_time": 27512}]
https://www.youtube.com/watch?v=D0JGt57IE9k	2374	"20260430"	42	NA
https://www.youtube.com/watch?v=Da_sDHya7bg	10365	"20250412"	21	NA
https://www.youtube.com/watch?v=DnwVm8DHl9w	1910	"20260808"	6	NA
https://www.youtube.com/watch?v=DmA3_zON28Y	7706	"20250524"	24	[{"start_time": 0, "title": "Game Start Screen & Atmosphere Setting", "end_time": 69}, {"start_time": 69, "title": "Chapter [2-1] Investigates mysterious signal disruptions linked to the package", "end_time": 776}, {"start_time": 776, "title": "Chapter [SL-2-1] Mayling delivers urgent news: critical ELMO parts are missing!", "end_time": 1458}, {"start_time": 1458, "title": "Chapter [2-2] Under siege \u2014 Varjager attacks escalate during desperate repairs", "end_time": 1638}, {"start_time": 1638, "title": "Chapter [2-3] A fateful reunion: Commander meets a lost subordinate and uncovers vital intel", "end_time": 2342}, {"start_time": 2342, "title": "Chapter [SL-2-2] New lead at Port Vest \u2014 the search for Boojum intensifies", "end_time": 3344}, {"start_time": 3344, "title": "Chapter [BH-2-1] Side mission", "end_time": 3551}, {"start_time": 3551, "title": "Chapter [BH-2-2] Side mission", "end_time": 3675}, {"start_time": 3675, "title": "Chapter [2-4] Port Vest investigation begins \u2014 a hidden threat stirs", "end_time": 4294}, {"start_time": 4294, "title": "Chapter [2-5] An encounter with an unregistered doll changes everything", "end_time": 4463}, {"start_time": 4463, "title": "Chapter [2-6] Diving deeper into Port Vest \u2014 ELIDs swarm from the shadows", "end_time": 4812}, {"start_time": 4812, "title": "Chapter [BH-2-3] Side mission", "end_time": 4948}, {"start_time": 4948, "title": "Chapter [BH-2-4] Side mission", "end_time": 5123}, {"start_time": 5123, "title": "Chapter [2-7] Varjager forces catch up \u2014 the ambush is set!", "end_time": 5596}, {"start_time": 5596, "title": "Chapter [2-8] High-stakes battle: luring the Varjager into a deadly trap", "end_time": 5846}, {"start_time": 5846, "title": "Chapter [SL-2-3] Secrets revealed: Varjager leader's conversation with a mysterious figure", "end_time": 6024}, {"start_time": 6024, "title": "Chapter [BH-2-5] Side mission", "end_time": 6117}, {"start_time": 6117, "title": "Chapter [BH-2-6] Side mission", "end_time": 6243}, {"start_time": 6243, "title": "Chapter [2-9] A collapse storm brews \u2014 the race to destroy the Varjager convoy begins", "end_time": 6737}, {"start_time": 6737, "title": "Chapter [SL-2-4] Boojum strikes! Boss Prelude & Cutscene", "end_time": 7191}, {"start_time": 7191, "title": "Chapter [2-10] Boss Fight Showdown!", "end_time": 7457}, {"start_time": 7457, "title": "Chapter [SL-2-5] Final Cutscene to Climax", "end_time": 7706}]
https://www.youtube.com/watch?v=DqfreUj4JvY	7488	"20251109"	4	NA
https://www.youtube.com/watch?v=DwUf566klIM	5135	"20250320"	11	NA
https://www.youtube.com/watch?v=DsIIv5-fnnQ	28392	"20251217"	1365	NA
https://www.youtube.com/watch?v=E-v7Wnr9gWI	4389	"20250210"	9	[{"start_time": 0, "end_time": 20, "title": "<Untitled Chapter 1>"}, {"start_time": 20, "title": "8-1 Story", "end_time": 420}, {"start_time": 420, "title": "8-1 Battle", "end_time": 690}, {"start_time": 690, "title": "8-2 Story", "end_time": 1043}, {"start_time": 1043, "title": "8-2", "end_time": 1170}, {"start_time": 1170, "title": "8-2", "end_time": 1425}, {"start_time": 1425, "title": "8-2 Battle", "end_time": 2390}, {"start_time": 2390, "title": "SL-8-1", "end_time": 4255}, {"start_time": 4255, "title": "SL-8-1 Cutscene", "end_time": 4389}]
https://www.youtube.com/watch?v=DxxpZMBo4Tk	5413	"20240822"	328	NA
https://www.youtube.com/watch?v=EQnE3AbdywU	12388	"20250104"	21	[{"start_time": 0, "title": "UA-1-1 Unexpected Discovery", "end_time": 539}, {"start_time": 539, "title": "UA-1-2 Brilliant Disguise", "end_time": 2009}, {"start_time": 2009, "title": "US-1-1 Old Friend", "end_time": 2092}, {"start_time": 2092, "title": "CG 1", "end_time": 2121}, {"start_time": 2121, "title": "CG 2", "end_time": 3383}, {"start_time": 3383, "title": "UA-1-3 Mystical Adventure", "end_time": 3726}, {"start_time": 3726, "title": "CUTSCENE 1", "end_time": 4202}, {"start_time": 4202, "title": "UA-1-4 Unsolved Mystery", "end_time": 5059}, {"start_time": 5059, "title": "UA-1-5 Hidden Crisis", "end_time": 5525}, {"start_time": 5525, "title": "UA-1-6 Eerie Ghost", "end_time": 5630}, {"start_time": 5630, "title": "CG 3", "end_time": 5699}, {"start_time": 5699, "title": "CG 4", "end_time": 6127}, {"start_time": 6127, "title": "UA-1-7 Daring Decision", "end_time": 7641}, {"start_time": 7641, "title": "US-1-2 The Two Ends of the Scale", "end_time": 9415}, {"start_time": 9415, "title": "UA-1-8 Strike Again", "end_time": 9726}, {"start_time": 9726, "title": "UA-1-9 Expulsion Signal", "end_time": 10280}, {"start_time": 10280, "title": "UA-1-10 Chasing Shadows", "end_time": 10552}, {"start_time": 10552, "title": "CUTSCENE 2", "end_time": 10752}, {"start_time": 10752, "title": "US-1-3 Prototype of a Dream", "end_time": 11775}, {"start_time": 11775, "title": "CG 5", "end_time": 11828}, {"start_time": 11828, "title": "CG 6", "end_time": 12388}]
https://www.youtube.com/watch?v=EMuKe6nsvdM	3799	"20260219"	14	[{"start_time": 0, "title": "AZ-1-3 Heroic Mode", "end_time": 862}, {"start_time": 862, "title": "AA-1-8 Heroic Mode", "end_time": 3425}, {"start_time": 3425, "title": "AS-1-5", "end_time": 3799}]
https://www.youtube.com/watch?v=Eio2E7PF6nE	8726	"20260511"	145	[{"start_time": 0, "title": "Event Intro", "end_time": 18}, {"start_time": 18, "title": "Previous Events Recap", "end_time": 504}, {"start_time": 504, "title": "New Title Screen", "end_time": 564}, {"start_time": 564, "title": "Event Preview", "end_time": 652}, {"start_time": 652, "title": "Elmo Annual Report (Anni. Milestone)", "end_time": 987}, {"start_time": 987, "title": "Deep Oblivion Preview (Featuring: Speed Blitz: Bike Mode)", "end_time": 1175}, {"start_time": 1175, "title": "Challenge Modes (Boss Fight Mode)", "end_time": 1560}, {"start_time": 1560, "title": "First Anniversary Event", "end_time": 1958}, {"start_time": 1958, "title": "UMP45/Leva Gacha, Overview", "end_time": 2121}, {"start_time": 2121, "title": "UMP45/Leva Dorm, Trial", "end_time": 2264}, {"start_time": 2264, "title": "UMP9/Lenna Preview, Trial", "end_time": 2382}, {"start_time": 2382, "title": "RO635/Robella Preview, Trial", "end_time": 2525}, {"start_time": 2525, "title": "Continue Speed Blitz (Bike Mode)", "end_time": 2656}, {"start_time": 2656, "title": "Frontline Survivors (Survivor Mode Rerun): Leva Ver.", "end_time": 2719}, {"start_time": 2719, "title": "Zucchero Cat Cafe (Cafe Management Mode Rerun): Start", "end_time": 3716}, {"start_time": 3716, "title": "Cat Cafe: Continues", "end_time": 4831}, {"start_time": 4831, "title": "Crew Deck (Dorm Mode): Tutorial, Random Explore", "end_time": 6170}, {"start_time": 6170, "title": "Crew Deck: Random Doll's Conversation", "end_time": 7234}, {"start_time": 7234, "title": "Crew Deck: Random Doll's Cuisine and Weekly Tea Time", "end_time": 8144}, {"start_time": 8144, "title": "404's Boot Camp (Letter Event)", "end_time": 8203}, {"start_time": 8203, "title": "Happy New Year Greetings", "end_time": 8726}]
https://www.youtube.com/watch?v=EjMPbmDttuU	28050	"20250415"	75	NA
https://www.youtube.com/watch?v=F5GVrjYfZbM	14999	"20260701"	6	[{"start_time": 0, "title": "HA-1-6: Long-Awaited Reunion", "end_time": 1558}, {"start_time": 1558, "title": "HA-1-7: Mutual Use", "end_time": 3718}, {"start_time": 3718, "title": "HA-1-8: Source Divergence", "end_time": 5506}, {"start_time": 5506, "title": "HS-1-3: Through Thick and Thin", "end_time": 6590}, {"start_time": 6590, "title": "HA-1-9: Strange Reunion", "end_time": 8242}, {"start_time": 8242, "title": "HA-1-10: Reflection Interplay", "end_time": 9563}, {"start_time": 9563, "title": "HA-1-11: Chiaroscuro", "end_time": 11230}, {"start_time": 11230, "title": "HA-1-12: Separate Ways", "end_time": 13043}, {"start_time": 13043, "title": "HS-1-4: Home of My Heart", "end_time": 14999}]
https://www.youtube.com/watch?v=Fbnqf8qVdm0	6398	"20260313"	115	[{"start_time": 0, "title": "Preamble", "end_time": 40}, {"start_time": 40, "title": "VZ-1-1/VZ-1-2 (Kalina, Leva, and Lenna)", "end_time": 1038}, {"start_time": 1038, "title": "VZ-2-1/VZ-2-2 (Monsoon Squad)", "end_time": 2027}, {"start_time": 2027, "title": "Aida Squad - Mission File LP0524 (Mona and Kevin Reports)", "end_time": 2516}, {"start_time": 2516, "title": "Secret Logs of the Lviv Violent Uprising Incident (Igla and Chiloveig)", "end_time": 3085}, {"start_time": 3085, "title": "Checking Updated Celebratory Doll Letters (You can stop watching here)", "end_time": 3527}, {"start_time": 3527, "title": "Ashen Tales Forward Command Path (SKK, Helena, Melanie, Mayling)", "end_time": 6398}]
https://www.youtube.com/watch?v=Fh1El-ESEjg	13534	"20260115"	10	[{"start_time": 0, "title": "LA-1-5: Routine Traffic Stop", "end_time": 699}, {"start_time": 699, "title": "LA-1-6: Danger Sign I", "end_time": 1090}, {"start_time": 1090, "title": "LA-1-7: Danger Sign II", "end_time": 1305}, {"start_time": 1305, "title": "LA-1-8: Bizarre Investigation", "end_time": 2169}, {"start_time": 2169, "title": "LS-1-4: Projection Conflict", "end_time": 3486}, {"start_time": 3486, "title": "LA-1-9: Invisible Tactics", "end_time": 3890}, {"start_time": 3890, "title": "LS-1-5: Hidden Clues", "end_time": 5060}, {"start_time": 5060, "title": "LA-1-10: DEFY I", "end_time": 6817}, {"start_time": 6817, "title": "LA-1-11: DEFY II", "end_time": 7082}, {"start_time": 7082, "title": "LA-1-12: Third-Generation Doll", "end_time": 8273}, {"start_time": 8273, "title": "LS-1-6: Yearn for Freedom", "end_time": 9342}, {"start_time": 9342, "title": "LA-1-13: Destruction Schedule", "end_time": 9917}, {"start_time": 9917, "title": "LA-1-14: Breaking Out", "end_time": 10315}, {"start_time": 10315, "title": "LA-1-15: Mortal Choice", "end_time": 10915}, {"start_time": 10915, "title": "LA-1-16: Only Chance", "end_time": 11727}, {"start_time": 11727, "title": "LA-1-17: Sheltering Wings", "end_time": 12937}, {"start_time": 12937, "title": "LS-1-7: Strife and Confusion", "end_time": 13534}]
https://www.youtube.com/watch?v=FtzB4zbr9wM	7527	"20250610"	16	[{"start_time": 0, "title": "Game Start Screen & Atmosphere Setting", "end_time": 72}, {"start_time": 72, "title": "Chapter [SL-5-1] Internal strife among enemies \u2014 Darture makes a shocking appearance", "end_time": 727}, {"start_time": 727, "title": "Chapter [5-1] Urgent race to the rendezvous at the train station", "end_time": 1153}, {"start_time": 1153, "title": "Chapter [5-2]", "end_time": 1230}, {"start_time": 1230, "title": "Chapter [5-3] Relentless pursuit \u2014 fighting to reach the escape point", "end_time": 1425}, {"start_time": 1425, "title": "Chapter [5-4] Lost in the labyrinth of Odessa \u2014 danger at every corne", "end_time": 2098}, {"start_time": 2098, "title": "Chapter [SL-5-2] Groza\u2019s new doll frame rebooted \u2014 debriefing the aftermath of battle", "end_time": 3472}, {"start_time": 3472, "title": "Chapter [5-5] Victory at last \u2014 package secured and train successfully boarded!", "end_time": 3737}, {"start_time": 3737, "title": "Chapter [BH-5-1] Side mission", "end_time": 3798}, {"start_time": 3798, "title": "Chapter [BH-5-2] Side mission", "end_time": 3866}, {"start_time": 3866, "title": "Chapter [SL-5-3] Return to MBV ELMO \u2014 heart-to-heart conversations with the dolls", "end_time": 5176}, {"start_time": 5176, "title": "Chapter [BH-5-3] Side mission", "end_time": 5238}, {"start_time": 5238, "title": "Chapter [BH-5-4] Side mission", "end_time": 5336}, {"start_time": 5336, "title": "Chapter [5-6] Helena\u2019s condition worsens \u2014 uncovering the tragic reasons", "end_time": 5798}, {"start_time": 5798, "title": "Chapter [5-7] Investigating the hidden manufacturing plants \u2014 secrets buried deep", "end_time": 6110}, {"start_time": 6110, "title": "Chapter [5-8] Investigating the hidden manufacturing plants continue", "end_time": 6313}, {"start_time": 6313, "title": "Chapter [5-9] Discovery of the chilling \u201cWhite Mark\u201d \u2014 the mystery thickens!", "end_time": 6428}, {"start_time": 6428, "title": "Chapter [BH-5-5] Side mission", "end_time": 6506}, {"start_time": 6506, "title": "Chapter [BH-5-6] Side mission", "end_time": 6612}, {"start_time": 6612, "title": "Chapter [SL-5-4] Boss Prelude", "end_time": 6960}, {"start_time": 6960, "title": "Chapter [5-10] Boss Fight and Final Cutscene to Climax", "end_time": 7527}]
https://www.youtube.com/watch?v=G-NLmxJzqp8	6495	"20260101"	15	[{"start_time": 0, "title": "Intro", "end_time": 70}, {"start_time": 70, "title": "We are the backup now!", "end_time": 713}, {"start_time": 713, "title": "Data Ghost", "end_time": 909}, {"start_time": 909, "title": "Rescue Mission", "end_time": 1783}, {"start_time": 1783, "title": "Was all of this planned?", "end_time": 2195}, {"start_time": 2195, "title": "A, a, a. Hello, can you hear me?", "end_time": 2866}, {"start_time": 2866, "title": "Signal Problems", "end_time": 3200}, {"start_time": 3200, "title": "Groza status", "end_time": 3464}, {"start_time": 3464, "title": "Expensive as a Skyscraper", "end_time": 3984}, {"start_time": 3984, "title": "Reawakening", "end_time": 4995}, {"start_time": 4995, "title": "Survey Corps", "end_time": 6438}, {"start_time": 6438, "title": "Outro", "end_time": 6495}]
https://www.youtube.com/watch?v=G7TUSP71X5c	5471	"20220120"	7577	[{"start_time": 0, "title": "Intro", "end_time": 20}, {"start_time": 20, "title": "9-1 Banquet after Dark", "end_time": 504}, {"start_time": 504, "title": "9-2 Probe", "end_time": 882}, {"start_time": 882, "title": "9-3 Forum", "end_time": 1447}, {"start_time": 1447, "title": "9-4 Double Search", "end_time": 2133}, {"start_time": 2133, "title": "9-5 Prelude", "end_time": 2600}, {"start_time": 2600, "title": "9-6 Breakthrough", "end_time": 3048}, {"start_time": 3048, "title": "9-1E Hawk and Hound I", "end_time": 3425}, {"start_time": 3425, "title": "9-2E Hawk and Hound II", "end_time": 4263}, {"start_time": 4263, "title": "9-3E Hawk and Hound III", "end_time": 4729}, {"start_time": 4729, "title": "9-4E Hawk and Hound IV", "end_time": 5471}]
https://www.youtube.com/watch?v=HwMjY8ONbw8	15740	"20260401"	6	NA
https://www.youtube.com/watch?v=I9pFDQLs4LA	4230	"20241220"	42	NA
https://www.youtube.com/watch?v=Hj_JTwO5dMc	3643	"20250610"	29	[{"start_time": 0, "title": "story begins", "end_time": 2435}, {"start_time": 2435, "title": "cutscene cinema", "end_time": 2591}, {"start_time": 2591, "title": "end of part one story", "end_time": 3643}]
https://www.youtube.com/watch?v=IsqkaM8q53c	2832	"20250303"	55	NA
https://www.youtube.com/watch?v=Itu5E1NEnKg	1840	"20260308"	38	NA
https://www.youtube.com/watch?v=KsPP-AlZRpk	20153	"20260628"	128	[{"start_time": 0, "title": "Dawnforger Part 1", "end_time": 115}, {"start_time": 115, "title": "LA-1-1 Cooperative Paradox", "end_time": 1035}, {"start_time": 1035, "title": "LS-1-1 Corroded Invitation", "end_time": 1052}, {"start_time": 1052, "title": "LS-1-3 Double-Blind Tango", "end_time": 1292}, {"start_time": 1292, "title": "LA-1-2 First Fuse", "end_time": 3090}, {"start_time": 3090, "title": "LS-1-2 Lightless Night", "end_time": 6218}, {"start_time": 6218, "title": "LS-1-3 Cutscene", "end_time": 6518}, {"start_time": 6518, "title": "LA-1-3 Red Onion", "end_time": 7888}, {"start_time": 7888, "title": "LA-1-4 Drug-Fueled Dive", "end_time": 8340}, {"start_time": 8340, "title": "LA-1-5 Phase Transition Point", "end_time": 9030}, {"start_time": 9030, "title": "LA-1-6 Underground Titration", "end_time": 9691}, {"start_time": 9691, "title": "LS-1-4 Resonance Protocol", "end_time": 10121}, {"start_time": 10121, "title": "LA-1-7 Durance Synchrony", "end_time": 10595}, {"start_time": 10595, "title": "LA-1-8 Reunion Covenant", "end_time": 11115}, {"start_time": 11115, "title": "LA-1-9 Contractualism", "end_time": 12244}, {"start_time": 12244, "title": "LS-1-5 Forking Path", "end_time": 12883}, {"start_time": 12883, "title": "LA-1-10 Path of Abandonment", "end_time": 14583}, {"start_time": 14583, "title": "LS-1-6 Afterglow and Rebirth", "end_time": 15862}, {"start_time": 15862, "title": "LS-1-7 Thermal Dumping", "end_time": 16555}, {"start_time": 16555, "title": "LA-1-11 Burning the Land", "end_time": 17272}, {"start_time": 17272, "title": "LA-1-12 Settlement", "end_time": 17902}, {"start_time": 17902, "title": "LA-1-13 Reforging Dawn", "end_time": 18431}, {"start_time": 18431, "title": "LA-1-13 Artwork", "end_time": 19497}, {"start_time": 19497, "title": "LS-1-8 Man In The Hole", "end_time": 20140}, {"start_time": 20140, "title": "Dawnforger Part 1 END", "end_time": 20153}]
https://www.youtube.com/watch?v=JBucnCCkb00	10432	"20260701"	78	NA
https://www.youtube.com/watch?v=JchrNz0F098	11628	"20241230"	22	NA
https://www.youtube.com/watch?v=KtJquGD9mWI	9306	"20250429"	109	[{"start_time": 0, "title": "intro", "end_time": 15}, {"start_time": 15, "title": "9-1", "end_time": 782}, {"start_time": 782, "title": "9-2", "end_time": 1406}, {"start_time": 1406, "title": "9-3", "end_time": 1959}, {"start_time": 1959, "title": "9-4", "end_time": 2215}, {"start_time": 2215, "title": "9-5", "end_time": 2859}, {"start_time": 2859, "title": "SL-9-1", "end_time": 3556}, {"start_time": 3556, "title": "9-6", "end_time": 4060}, {"start_time": 4060, "title": "SL-9-2", "end_time": 4314}, {"start_time": 4314, "title": "9-7", "end_time": 4767}, {"start_time": 4767, "title": "SL-9-3", "end_time": 5827}, {"start_time": 5827, "title": "9-8", "end_time": 6138}, {"start_time": 6138, "title": "9-9", "end_time": 6738}, {"start_time": 6738, "title": "9-10", "end_time": 8192}, {"start_time": 8192, "title": "SL-9-4", "end_time": 9306}]
https://www.youtube.com/watch?v=LEE0dLLGy1s	5322	"20250305"	29	NA
https://www.youtube.com/watch?v=LBrSJ7Qo4Bo	18936	"20250429"	100	[{"start_time": 0, "title": "intro", "end_time": 14}, {"start_time": 14, "title": "10-1", "end_time": 656}, {"start_time": 656, "title": "10-4", "end_time": 891}, {"start_time": 891, "title": "10-2", "end_time": 1390}, {"start_time": 1390, "title": "SL-10-1", "end_time": 3541}, {"start_time": 3541, "title": "10-3", "end_time": 5007}, {"start_time": 5007, "title": "SL-10-2", "end_time": 7593}, {"start_time": 7593, "title": "10-5", "end_time": 9857}, {"start_time": 9857, "title": "SL-10-3", "end_time": 10385}, {"start_time": 10385, "title": "10-6", "end_time": 11447}, {"start_time": 11447, "title": "SL-10-4", "end_time": 12246}, {"start_time": 12246, "title": "10-7", "end_time": 13152}, {"start_time": 13152, "title": "SL-10-5", "end_time": 14437}, {"start_time": 14437, "title": "10-8", "end_time": 14913}, {"start_time": 14913, "title": "10-9", "end_time": 15411}, {"start_time": 15411, "title": "10-10", "end_time": 15878}, {"start_time": 15878, "title": "10-11", "end_time": 17122}, {"start_time": 17122, "title": "SL-10-6", "end_time": 18936}]
https://www.youtube.com/watch?v=Kzey3dk369A	23778	"20260409"	65	[{"start_time": 0, "title": "CA-1-1 (Promised Day)", "end_time": 1891}, {"start_time": 1891, "title": "CA-1-2 (Omen)", "end_time": 4253}, {"start_time": 4253, "title": "CA-1-3 (Fleeing Pursuit)", "end_time": 5820}, {"start_time": 5820, "title": "CS-1-1 (Safehouse)", "end_time": 9626}, {"start_time": 9626, "title": "CA-1-4 (Baptism of Memory)", "end_time": 12473}, {"start_time": 12473, "title": "CA-1-5 (Level III Base Layer)", "end_time": 15172}, {"start_time": 15172, "title": "CA-1-6 (Creeping Mist)", "end_time": 18116}, {"start_time": 18116, "title": "CA-1-7 (Racing Rescue)", "end_time": 20343}, {"start_time": 20343, "title": "CA-1-8 (Third-Generation Doll)", "end_time": 22777}, {"start_time": 22777, "title": "CA-1-9 (Signal Decryption)", "end_time": 23760}, {"start_time": 23760, "title": "Rewards", "end_time": 23778}]
https://www.youtube.com/watch?v=L5U-vR1pBjY	11426	"20260720"	16	NA
https://www.youtube.com/watch?v=LffSP4M30-g	18496	"20260421"	19	NA
https://www.youtube.com/watch?v=Lvgko_ifgYA	23871	"20260313"	1625	[{"start_time": 0, "end_time": 290, "title": "<Untitled Chapter 1>"}, {"start_time": 290, "title": "Begins at", "end_time": 23871}]
https://www.youtube.com/watch?v=LjBH4OjLOUw	19667	"20260120"	72	[{"start_time": 0, "title": "10-1 Resonant Response", "end_time": 925}, {"start_time": 925, "title": "10-2 Triple Point", "end_time": 1359}, {"start_time": 1359, "title": "SL-10-1 Cognitive Dissonance", "end_time": 3689}, {"start_time": 3689, "title": "10-3 Mind Remap", "end_time": 4394}, {"start_time": 4394, "title": "10-4 Dirac Sea", "end_time": 5134}, {"start_time": 5134, "title": "SL-10-2 Anomalous Projection", "end_time": 7919}, {"start_time": 7919, "title": "10-5 Annular Eclipse", "end_time": 10337}, {"start_time": 10337, "title": "SL-10-3 Catalyst", "end_time": 10900}, {"start_time": 10900, "title": "10-6 Thermal Conduction", "end_time": 12030}, {"start_time": 12030, "title": "SL-10-4 Secondary Perforation", "end_time": 12922}, {"start_time": 12922, "title": "10-7 Erroneous Extrapolation", "end_time": 13852}, {"start_time": 13852, "title": "SL-10-5 Dialetheia", "end_time": 15252}, {"start_time": 15252, "title": "10-8 Condensed Matter", "end_time": 15734}, {"start_time": 15734, "title": "10-9 Hobson's Choice", "end_time": 16141}, {"start_time": 16141, "title": "10-10 Tunneling Effect", "end_time": 16541}, {"start_time": 16541, "title": "10-11 Superluminal Communication", "end_time": 17756}, {"start_time": 17756, "title": "SL-10-6 Dark Matter", "end_time": 19667}]
https://www.youtube.com/watch?v=LyND1gKwyC8	3092	"20260520"	64	NA
https://www.youtube.com/watch?v=LyCMM15Xfbc	7696	"20250706"	53	[{"start_time": 0, "title": "intro", "end_time": 14}, {"start_time": 14, "title": "sa-1-1", "end_time": 60}, {"start_time": 60, "title": "sa-1-2", "end_time": 170}, {"start_time": 170, "title": "sa-1-3", "end_time": 201}, {"start_time": 201, "title": "ss-1-1", "end_time": 1623}, {"start_time": 1623, "title": "sa-1-4", "end_time": 3204}, {"start_time": 3204, "title": "sa-1-5", "end_time": 3300}, {"start_time": 3300, "title": "ss-1-2", "end_time": 4789}, {"start_time": 4789, "title": "sa-1-6", "end_time": 4888}, {"start_time": 4888, "title": "sa-1-7", "end_time": 5346}, {"start_time": 5346, "title": "sa-1-8", "end_time": 6152}, {"start_time": 6152, "title": "sa-1-9", "end_time": 7696}]
https://www.youtube.com/watch?v=M8gn7JsasCg	4270	"20260323"	36	NA
https://www.youtube.com/watch?v=MN7SLkE76JQ	7511	"20220120"	9173	[{"start_time": 0, "title": "Intro", "end_time": 20}, {"start_time": 20, "title": "11-1 Torrent Breaker", "end_time": 397}, {"start_time": 397, "title": "11-2 Electronic Eye", "end_time": 1255}, {"start_time": 1255, "title": "11-3 Silent Pursuit", "end_time": 2389}, {"start_time": 2389, "title": "11-4 Prior to Destruction", "end_time": 2890}, {"start_time": 2890, "title": "11-5 House in the Street", "end_time": 3916}, {"start_time": 3916, "title": "11-6 Underworld", "end_time": 4575}, {"start_time": 4575, "title": "11-1E Strange Journey", "end_time": 5812}, {"start_time": 5812, "title": "11-2E Plan of Attack", "end_time": 6229}, {"start_time": 6229, "title": "11-3E Fishing in Troubled Waters", "end_time": 6645}, {"start_time": 6645, "title": "11-4E Great Escape", "end_time": 7511}]
https://www.youtube.com/watch?v=MGF2CEbkJU0	9542	"20260228"	684	NA
https://www.youtube.com/watch?v=N4vtd1GTiEM	19144	"20260628"	567	[{"start_time": 0, "title": "LA-1-1 Cooperative Paradox", "end_time": 748}, {"start_time": 748, "title": "LS-1-1 Corroded Invitation", "end_time": 995}, {"start_time": 995, "title": "LA-1-2 First Fuse", "end_time": 2583}, {"start_time": 2583, "title": "LS-1-2 Lightless Night", "end_time": 4192}, {"start_time": 4192, "title": "LS-1-3 Double-Blind Tango", "end_time": 6053}, {"start_time": 6053, "title": "LA-1-3 Red Onion", "end_time": 7318}, {"start_time": 7318, "title": "LA-1-4 Drug-Fueled Dive", "end_time": 7694}, {"start_time": 7694, "title": "LA-1-5 Phase Transition Point", "end_time": 8352}, {"start_time": 8352, "title": "LA-1-6 Underground Titration", "end_time": 8989}, {"start_time": 8989, "title": "LS-1-4 Resonance Protocol", "end_time": 9475}, {"start_time": 9475, "title": "LA-1-7 Durance Synchrony", "end_time": 9868}, {"start_time": 9868, "title": "LA-1-8 Reunion Covenant", "end_time": 10257}, {"start_time": 10257, "title": "LA-1-9 Contractualism", "end_time": 11419}, {"start_time": 11419, "title": "LS-1-5 Forking Path", "end_time": 12047}, {"start_time": 12047, "title": "LA-1-10 Path of Abandonment", "end_time": 13720}, {"start_time": 13720, "title": "LS-1-6 Afterglow and Rebirth", "end_time": 15094}, {"start_time": 15094, "title": "LS-1-7 Thermal Dumping", "end_time": 15867}, {"start_time": 15867, "title": "LA-1-11 Burning the Land", "end_time": 16548}, {"start_time": 16548, "title": "LA-1-12 Settlement", "end_time": 17067}, {"start_time": 17067, "title": "LA-1-13 Reforging Dawn", "end_time": 18489}, {"start_time": 18489, "title": "LS-1-8 Man In The Hole", "end_time": 19144}]
https://www.youtube.com/watch?v=N7nIlFLeIc4	12335	"20241214"	1629	NA
https://www.youtube.com/watch?v=MgPF9g2B4_g	2742	"20260701"	39	NA
https://www.youtube.com/watch?v=NEjVuPKXP4E	12585	"20250331"	13	NA
https://www.youtube.com/watch?v=NYMO4nF-4sw	13730	"20260109"	558	[{"start_time": 0, "title": "BA-1-1 Kalina and SKK talk, Levas team works with Major Fedya, Zimmerman talks with Kalina, Leva and Robella argue, Cocoon talks with Fedya", "end_time": 1968}, {"start_time": 1968, "title": "BS-1-1 Rurik and Cocoon talk to Cecht FABN", "end_time": 2250}, {"start_time": 2250, "title": "BA-1-2 Pavel, Fedya, and the NOMFA dolls prevent a huge accident", "end_time": 3425}, {"start_time": 3425, "title": "BA-1-4 NOMFA dolls discuss the situation and next mission, Alva leaves the team", "end_time": 3782}, {"start_time": 3782, "title": "BS-1-2 NOMFA dolls talk about ODE-07 on the way there, and Fedya leaves ODE-07 for another mission", "end_time": 4215}, {"start_time": 4215, "title": "BA-1-5 Leva and Robella help the nurse at the emergency treatment center", "end_time": 4408}, {"start_time": 4408, "title": "BA-1-6 Investigating the ELID outbreak, the vaccination situation, and talking with Pavel", "end_time": 5117}, {"start_time": 5117, "title": "BS-1-3 Pavel spills on the vaccines and his past, provides a vaccine, and Kalina talks with Robella about dolls vs humans and gives new orders", "end_time": 6434}, {"start_time": 6434, "title": "BA-1-7 SKK and 404 raids Girards vaccine factory", "end_time": 6665}, {"start_time": 6665, "title": "BA-1-8 404 searches the workshops for clues", "end_time": 6724}, {"start_time": 6724, "title": "BA-1-9 Andoris hacks into the lab", "end_time": 6750}, {"start_time": 6750, "title": "BA-1-10 Discovering deleted activation logs", "end_time": 6982}, {"start_time": 6982, "title": "BA-1-11 Discussing the recovered Girards vaccine experiment logs, Girards plans, and the Helenas", "end_time": 7571}, {"start_time": 7571, "title": "BS-1-4 Cocoon discusses the trap on Rurik and Heli bringing charges on Girard, Rurik calls Cocoon and Fedya before launching his own attack", "end_time": 8005}, {"start_time": 8005, "title": "BA-1-12 Fedya starts the operation to arrest Girard executives, and the NOMFA dolls pursue Rurik before diverting to help protect ODE-07", "end_time": 8591}, {"start_time": 8591, "title": "BS-1-5 Rurik leaves on his private jet, and Darture and an unknown doll make their appearance", "end_time": 8889}, {"start_time": 8889, "title": "BA-1-13 Leva and Robella start hacking into the Selene Power Plant security systems", "end_time": 9227}, {"start_time": 9227, "title": "BS-1-6 Kalina leads the frontlines of ODE-07, Fedya arrives with SSA reinforcements, and the evacuation across the bridge begins", "end_time": 10002}, {"start_time": 10002, "title": "BA-1-14 The conflicting feelings between Robella and Leva", "end_time": 10692}, {"start_time": 10692, "title": "BS-1-7 Soppo holds the line, Kalina speaks with Fedya, and Dark Groza joins the fray", "end_time": 11301}, {"start_time": 11301, "title": "BA-1-16 NOMFA dolls fight Dark Groza on the bridge", "end_time": 11985}, {"start_time": 11985, "title": "BS-1-8 Leva Lenna and Kalina discuss what happened, what happened after the elections, and the Orlog Conglomerate periodic meeting", "end_time": 13730}]
https://www.youtube.com/watch?v=Ngdxvi2VpnE	16745	"20250216"	33	NA
https://www.youtube.com/watch?v=NkzJlHHJSbE	4459	"20250108"	34	NA
https://www.youtube.com/watch?v=NmSrXimMQNA	11865	"20250319"	132	NA
https://www.youtube.com/watch?v=NlYukLM36f0	4353	"20250427"	35	NA
https://www.youtube.com/watch?v=NyvNjjhJMp4	2521	"20260203"	30	NA
https://www.youtube.com/watch?v=OUO9ql-Tm8E	20295	"20251227"	4	NA
https://www.youtube.com/watch?v=OYZGR9Zw1C0	9602	"20250514"	24	[{"start_time": 0, "end_time": 14, "title": "<Untitled Chapter 1>"}, {"start_time": 14, "title": "SL-5-1", "end_time": 850}, {"start_time": 850, "title": "5-1", "end_time": 1355}, {"start_time": 1355, "title": "5-2", "end_time": 1457}, {"start_time": 1457, "title": "5-3", "end_time": 1738}, {"start_time": 1738, "title": "5-4", "end_time": 2857}, {"start_time": 2857, "title": "SL-5-2", "end_time": 4836}, {"start_time": 4836, "title": "5-5", "end_time": 5317}, {"start_time": 5317, "title": "SL-5-3", "end_time": 7011}, {"start_time": 7011, "title": "5-6", "end_time": 7588}, {"start_time": 7588, "title": "5-7", "end_time": 8035}, {"start_time": 8035, "title": "5-8", "end_time": 8348}, {"start_time": 8348, "title": "5-9", "end_time": 8552}, {"start_time": 8552, "title": "SL-5-4", "end_time": 9003}, {"start_time": 9003, "title": "5-10", "end_time": 9602}]
https://www.youtube.com/watch?v=On9WGc6Dwe8	12798	"20251219"	883	[{"start_time": 0, "title": "LS-1-1 SKK meets with Sier about Blusphere, talks with Poludnitsa about price increases, and calls Kalina", "end_time": 1625}, {"start_time": 1625, "title": "LA-1-1 Cocoon and Blusphere, SKK routes some bandits, Kalina investigates the vaccines, and Elinda confronts Lenna", "end_time": 3457}, {"start_time": 3457, "title": "LA-1-2 Lonnie and Lentine, and Lenna escorts Isa to meet Orphia and Elinda", "end_time": 4960}, {"start_time": 4960, "title": "LA-1-3 Orphia saves Isa, Lentine backs up Ronnie, Carmen argues with Cocoon, and Lenna and Isa go to Paradeus", "end_time": 6401}, {"start_time": 6401, "title": "LA-1-4 Vaccine mission debrief, Lenna protects Isa, and 404 B tracks Lenna", "end_time": 7179}, {"start_time": 7179, "title": "LA-1-5 SKK sells the raw materials back to the factory, Lenna explores the Paradeus base and calls Leva", "end_time": 8686}, {"start_time": 8686, "title": "LA-1-6 Orphia vs Niter, Orphia vs Lenna, and 404 strikes the base", "end_time": 9694}, {"start_time": 9694, "title": "LA-1-7 SKK vs Orphia, a collaboration with Orphia, Lentine adds an old doll", "end_time": 10616}, {"start_time": 10616, "title": "LA-1-8 Talking with Orphia, and boojums and Paradeus attack", "end_time": 11505}, {"start_time": 11505, "title": "LA-1-9 The Chief Research Director, Orphia blows up the factory, and tracking the new intel from Elinda", "end_time": 12329}, {"start_time": 12329, "title": "LS-1-2 (Spoilers for DO part 2) Conglomerates discuss, Lentine plans, SKK discusses with Kalina, and Lenna says goodbye", "end_time": 12798}]
https://www.youtube.com/watch?v=OnVkyUjPZNw	1972	"20260310"	40	NA
https://www.youtube.com/watch?v=OviO_kssoFI	9829	"20241207"	73	NA
https://www.youtube.com/watch?v=PJpLc5v8YkQ	2328	"20260630"	34	NA
https://www.youtube.com/watch?v=Oo2zOfDku88	17650	"20260801"	22	NA
https://www.youtube.com/watch?v=PWjUNQyXXjA	24598	"20260310"	75	[{"start_time": 0, "title": "Nigredo of Putrefaction", "end_time": 2536}, {"start_time": 2536, "title": "Albedo of Purification", "end_time": 4576}, {"start_time": 4576, "title": "Citrinitas of Refinement", "end_time": 7159}, {"start_time": 7159, "title": "Rubedo of Awakening", "end_time": 10486}, {"start_time": 10486, "title": "Carrion Crow", "end_time": 12167}, {"start_time": 12167, "title": "Spotless Swan", "end_time": 14338}, {"start_time": 14338, "title": "Transcendent Violet", "end_time": 16768}, {"start_time": 16768, "title": "Slumbering Lion", "end_time": 17826}, {"start_time": 17826, "title": "Embers", "end_time": 19301}, {"start_time": 19301, "title": "Sycamore Branches", "end_time": 20052}, {"start_time": 20052, "title": "Magnum Opus", "end_time": 21945}, {"start_time": 21945, "title": "Tabula Smaragdina", "end_time": 22643}, {"start_time": 22643, "title": "Peacock's Tail", "end_time": 23977}, {"start_time": 23977, "title": "Homunculus", "end_time": 24598}]
https://www.youtube.com/watch?v=Q6Fe2ZwQplY	10651	"20260119"	14	[{"start_time": 0, "title": "BS-1-4: Pawn", "end_time": 757}, {"start_time": 757, "title": "BA-1-12: Overloaded Field", "end_time": 2012}, {"start_time": 2012, "title": "BS-1-5: Dead-End", "end_time": 2506}, {"start_time": 2506, "title": "BA-1-13: Breakout Security", "end_time": 3456}, {"start_time": 3456, "title": "BS-1-6: Bridge of Hope", "end_time": 4878}, {"start_time": 4878, "title": "BA-1-14: Choice I", "end_time": 5953}, {"start_time": 5953, "title": "BA-1-15: Choice II", "end_time": 6153}, {"start_time": 6153, "title": "BS-1-7: Special Guest", "end_time": 6985}, {"start_time": 6985, "title": "BA-1-16: Ongoing Storm", "end_time": 8268}, {"start_time": 8268, "title": "BS-1-8: To An Era of Peace", "end_time": 10651}]
https://www.youtube.com/watch?v=QfE1U3sOynA	8625	"20250219"	13	NA
https://www.youtube.com/watch?v=Qm7JtqD8LgU	19259	"20251214"	267	[{"start_time": 0, "title": "LS-1-1 Hearty Welcome", "end_time": 2562}, {"start_time": 2562, "title": "LA-1-1 Unfamiliar Familiarity", "end_time": 2699}, {"start_time": 2699, "title": "LA-1-2 Deliberate Oversight", "end_time": 3715}, {"start_time": 3715, "title": "LS-1-2 Covert Investigation", "end_time": 5957}, {"start_time": 5957, "title": "LA-1-3 Roiling Undertow", "end_time": 7497}, {"start_time": 7497, "title": "LA-1-4 Extreme Decryption", "end_time": 8769}, {"start_time": 8769, "title": "LS-1-3 Publicity Stunt", "end_time": 10213}, {"start_time": 10213, "title": "LA-1-5 Routine Traffic Stop", "end_time": 10560}, {"start_time": 10560, "title": "LA-1-6 Danger Sign I", "end_time": 10666}, {"start_time": 10666, "title": "LA-1-8 Bizarre Investigation", "end_time": 11115}, {"start_time": 11115, "title": "LS-1-4 Projection Conflict", "end_time": 12164}, {"start_time": 12164, "title": "LA-1-9 Invisible Tactics", "end_time": 12362}, {"start_time": 12362, "title": "LS-1-5 Hidden Clues", "end_time": 13333}, {"start_time": 13333, "title": "LA-1-10 DEFY I", "end_time": 14589}, {"start_time": 14589, "title": "LA-1-12 Third-Generation Doll", "end_time": 15305}, {"start_time": 15305, "title": "LS-1-6 Yearn for freedom", "end_time": 16222}, {"start_time": 16222, "title": "LA-1-13 Destruction Schedule", "end_time": 16617}, {"start_time": 16617, "title": "LA-1-14 Breaking Out", "end_time": 16722}, {"start_time": 16722, "title": "LA-1-15 Mortal Choice", "end_time": 16933}, {"start_time": 16933, "title": "LA-1-16 Only Chance", "end_time": 17593}, {"start_time": 17593, "title": "LA-1-17 Sheltering Wings", "end_time": 18757}, {"start_time": 18757, "title": "LS-1-7 Strife and Confusion", "end_time": 19259}]
https://www.youtube.com/watch?v=R3aXJjDUgA4	1869	"20260315"	16	NA
https://www.youtube.com/watch?v=R48v6p49SGw	18178	"20250309"	7	NA
https://www.youtube.com/watch?v=R46Xl8zplQ0	2573	"20250529"	20	NA
https://www.youtube.com/watch?v=REn2C_nznRg	11322	"20250129"	77	[{"start_time": 0, "title": "Dramatic Shift", "end_time": 198}, {"start_time": 198, "title": "Backscattering", "end_time": 3366}, {"start_time": 3366, "title": "Vortex Field", "end_time": 4325}, {"start_time": 4325, "title": "Gravitational Potential Field", "end_time": 5576}, {"start_time": 5576, "title": "Impedance Boundary", "end_time": 5827}, {"start_time": 5827, "title": "Ideal String", "end_time": 6286}, {"start_time": 6286, "title": "Encounter Hypothesis", "end_time": 7265}, {"start_time": 7265, "title": "Wavefront", "end_time": 7777}, {"start_time": 7777, "title": "Reimaging", "end_time": 7953}, {"start_time": 7953, "title": "Discordant Note", "end_time": 9346}, {"start_time": 9346, "title": "Sneak Attack II", "end_time": 9424}, {"start_time": 9424, "title": "Rules of Bartering", "end_time": 10744}, {"start_time": 10744, "title": "Sneak Attack III", "end_time": 10947}, {"start_time": 10947, "title": "Critical Angle", "end_time": 11322}]
https://www.youtube.com/watch?v=RTrm6slirTQ	14848	"20250129"	83	NA
https://www.youtube.com/watch?v=Rij6UhIE0pQ	14316	"20250906"	34	NA
https://www.youtube.com/watch?v=Rt-_R7fY63w	9084	"20251123"	39	NA
https://www.youtube.com/watch?v=RvXtV2gPUyA	8392	"20241219"	20	NA
https://www.youtube.com/watch?v=S7yFEc-SzSo	8071	"20250511"	40	[{"start_time": 0, "title": "intro", "end_time": 14}, {"start_time": 14, "title": "SL-3-1", "end_time": 1304}, {"start_time": 1304, "title": "3-1", "end_time": 1420}, {"start_time": 1420, "title": "SL-3-2", "end_time": 2630}, {"start_time": 2630, "title": "3-2", "end_time": 2969}, {"start_time": 2969, "title": "3-3", "end_time": 3079}, {"start_time": 3079, "title": "3-4", "end_time": 3854}, {"start_time": 3854, "title": "SL-3-3", "end_time": 4410}, {"start_time": 4410, "title": "3-5", "end_time": 5262}, {"start_time": 5262, "title": "3-6", "end_time": 5912}, {"start_time": 5912, "title": "3-7", "end_time": 6384}, {"start_time": 6384, "title": "SL-3-4", "end_time": 6717}, {"start_time": 6717, "title": "3-8", "end_time": 6838}, {"start_time": 6838, "title": "SL-3-5", "end_time": 7435}, {"start_time": 7435, "title": "3-9", "end_time": 7492}, {"start_time": 7492, "title": "3-10", "end_time": 8071}]
https://www.youtube.com/watch?v=SCnjDPn8RAo	15151	"20250414"	36	NA
https://www.youtube.com/watch?v=SQ3IluwptEs	6519	"20250412"	14	[{"start_time": 0, "title": "SL-9-3: Delayed Signal", "end_time": 1700}, {"start_time": 1700, "title": "9-8: Tidal Effect", "end_time": 2247}, {"start_time": 2247, "title": "9-9: Buried Consciousness", "end_time": 3270}, {"start_time": 3270, "title": "9-10: Fusion", "end_time": 5170}, {"start_time": 5170, "title": "SL-9-4: Approaching Light", "end_time": 6519}]
https://www.youtube.com/watch?v=SMr1kacvMVs	2580	"20260318"	36	NA
https://www.youtube.com/watch?v=SQhyeqtdaNM	7035	"20221223"	607	NA
https://www.youtube.com/watch?v=SVWLaiOtvHA	17857	"20260220"	788	[{"start_time": 0, "title": "AS-1-1 (The First Substance)", "end_time": 2239}, {"start_time": 2239, "title": "AA-1-1 (Sun\u2019s Gold)", "end_time": 2345}, {"start_time": 2345, "title": "AS-1-2 (As above, so below)", "end_time": 4269}, {"start_time": 4269, "title": "AA-1-2 (Moon\u2019s Silver)", "end_time": 4384}, {"start_time": 4384, "title": "AZ-1-1 (Monistic World I)", "end_time": 4474}, {"start_time": 4474, "title": "AS-1-3 (Pelican\u2019s Blood)", "end_time": 6223}, {"start_time": 6223, "title": "AA-1-3 (Gnostic Revelation)", "end_time": 8530}, {"start_time": 8530, "title": "AA-1-4 (Caduceus)", "end_time": 9549}, {"start_time": 9549, "title": "AA-1-5 (Tree of Life)", "end_time": 10958}, {"start_time": 10958, "title": "AZ-1-2 (Monistic World II)", "end_time": 11066}, {"start_time": 11066, "title": "AS-1-4 (Mercurial Fountain)", "end_time": 12527}, {"start_time": 12527, "title": "AA-1-6 (Sirr al-Asrar)", "end_time": 12643}, {"start_time": 12643, "title": "AA-1-7 (Ouroboros)", "end_time": 14285}, {"start_time": 14285, "title": "AA-1-8 (Spark of Life)", "end_time": 16915}, {"start_time": 16915, "title": "AZ-1-3 (Monistic World III)", "end_time": 17060}, {"start_time": 17060, "title": "AS-1-5 (The Fifth Element)", "end_time": 17840}, {"start_time": 17840, "title": "Rewards", "end_time": 17857}]
https://www.youtube.com/watch?v=S_Xr0CYvT24	7215	"20250407"	39	[{"start_time": 0, "title": "9-1: Twillight", "end_time": 1091}, {"start_time": 1091, "title": "9-2: Eye of the Storm", "end_time": 1856}, {"start_time": 1856, "title": "9-3: Secondary Mirror", "end_time": 2688}, {"start_time": 2688, "title": "9-4: Out of Focus", "end_time": 3196}, {"start_time": 3196, "title": "9-5: Roche Limit", "end_time": 4217}, {"start_time": 4217, "title": "SL-9-1: Entangled State", "end_time": 5096}, {"start_time": 5096, "title": "9-6: Dual-Beam Observation", "end_time": 5839}, {"start_time": 5839, "title": "SL-9-2: Dormant Black Hole", "end_time": 6228}, {"start_time": 6228, "title": "9-7: Lattice Distortion", "end_time": 7215}]
https://www.youtube.com/watch?v=Sh6UA5cw2fg	17914	"20250813"	43	[{"start_time": 0, "title": "story", "end_time": 6019}, {"start_time": 6019, "title": "cutscene cinema", "end_time": 6201}, {"start_time": 6201, "title": "story", "end_time": 15684}, {"start_time": 15684, "title": "cutscene cinema", "end_time": 15884}, {"start_time": 15884, "title": "story", "end_time": 17914}]
https://www.youtube.com/watch?v=SnoXMstNFf4	15677	"20260113"	55	[{"start_time": 0, "title": "Gray Area", "end_time": 2265}, {"start_time": 2265, "title": "Cashflow", "end_time": 2564}, {"start_time": 2564, "title": "Multiple Pile-up", "end_time": 3897}, {"start_time": 3897, "title": "Clues Resurgent", "end_time": 4249}, {"start_time": 4249, "title": "Second Spread", "end_time": 4705}, {"start_time": 4705, "title": "Load Limit", "end_time": 4917}, {"start_time": 4917, "title": "Vaccine", "end_time": 5674}, {"start_time": 5674, "title": "Ripples of Truth", "end_time": 7034}, {"start_time": 7034, "title": "Manufacturing Plant", "end_time": 7286}, {"start_time": 7286, "title": "Echo Tracing", "end_time": 7368}, {"start_time": 7368, "title": "Login Privileges", "end_time": 7399}, {"start_time": 7399, "title": "Nonexistent Date", "end_time": 7648}, {"start_time": 7648, "title": "Ruined File", "end_time": 8411}, {"start_time": 8411, "title": "Pawn", "end_time": 8963}, {"start_time": 8963, "title": "Overloaded Field", "end_time": 9674}, {"start_time": 9674, "title": "Dead-End", "end_time": 10019}, {"start_time": 10019, "title": "Breakout Security", "end_time": 10376}, {"start_time": 10376, "title": "Bridge of Hope", "end_time": 11350}, {"start_time": 11350, "title": "Choice", "end_time": 12101}, {"start_time": 12101, "title": "Special Guest", "end_time": 12889}, {"start_time": 12889, "title": "Ongoing Storm", "end_time": 13726}, {"start_time": 13726, "title": "To An Era Of Peace", "end_time": 15677}]
https://www.youtube.com/watch?v=U4Q5xvmW1LY	3964	"20260603"	16	NA
https://www.youtube.com/watch?v=U6sUiottyM0	18012	"20260220"	1415	NA
https://www.youtube.com/watch?v=U6pdIeizFr0	8969	"20241208"	2460	NA
https://www.youtube.com/watch?v=UpZSdgFMIdE	2658	"20260519"	77	NA
https://www.youtube.com/watch?v=VdInMPgaHDk	30242	"20260425"	126	[{"start_time": 0, "title": "Intro", "end_time": 14}, {"start_time": 14, "title": "HA-1-1", "end_time": 1702}, {"start_time": 1702, "title": "HA-1-2", "end_time": 4413}, {"start_time": 4413, "title": "HS-1-1", "end_time": 5885}, {"start_time": 5885, "title": "HS-1-2", "end_time": 8480}, {"start_time": 8480, "title": "HA-1-3", "end_time": 10356}, {"start_time": 10356, "title": "HA-1-4", "end_time": 12631}, {"start_time": 12631, "title": "HA-1-5", "end_time": 14298}, {"start_time": 14298, "title": "HA-1-6", "end_time": 16022}, {"start_time": 16022, "title": "HA-1-7", "end_time": 17986}, {"start_time": 17986, "title": "HA-1-8", "end_time": 19415}, {"start_time": 19415, "title": "HS-1-3", "end_time": 20471}, {"start_time": 20471, "title": "HA-1-9", "end_time": 22134}, {"start_time": 22134, "title": "HA-1-10", "end_time": 23383}, {"start_time": 23383, "title": "HA-1-11", "end_time": 24948}, {"start_time": 24948, "title": "HA-1-12", "end_time": 26654}, {"start_time": 26654, "title": "HS-1-4", "end_time": 28575}, {"start_time": 28575, "title": "FZ-022 Report #1", "end_time": 28837}, {"start_time": 28837, "title": "FZ-022 Report #2", "end_time": 29072}, {"start_time": 29072, "title": "FZ-022 Report #3", "end_time": 29236}, {"start_time": 29236, "title": "FZ-023 Report #1", "end_time": 29815}, {"start_time": 29815, "title": "FZ-023 Report #2", "end_time": 30149}, {"start_time": 30149, "title": "FZ-023 Report #3", "end_time": 30242}]
https://www.youtube.com/watch?v=VJDpOXvK5Bo	18857	"20251204"	281	[{"start_time": 0, "title": "INTRO", "end_time": 14}, {"start_time": 14, "title": "LS-1-1", "end_time": 2393}, {"start_time": 2393, "title": "LA-1-1", "end_time": 3772}, {"start_time": 3772, "title": "LA-1-2", "end_time": 7180}, {"start_time": 7180, "title": "LA-1-3", "end_time": 9305}, {"start_time": 9305, "title": "LA-1-4", "end_time": 10525}, {"start_time": 10525, "title": "LA-1-5", "end_time": 12746}, {"start_time": 12746, "title": "LA-1-6", "end_time": 14161}, {"start_time": 14161, "title": "LA-1-7", "end_time": 15708}, {"start_time": 15708, "title": "LA-1-8", "end_time": 17017}, {"start_time": 17017, "title": "LA-1-9", "end_time": 18215}, {"start_time": 18215, "title": "LS-1-2", "end_time": 18857}]
https://www.youtube.com/watch?v=VEO7Q4V6Z1s	8999	"20250409"	117	[{"start_time": 0, "title": "Twilight (9-1)", "end_time": 653}, {"start_time": 653, "title": "Eye of the storm (9-2)", "end_time": 1207}, {"start_time": 1207, "title": "Secondary mirror (9-3)", "end_time": 1704}, {"start_time": 1704, "title": "Out of focus (9-4)", "end_time": 1847}, {"start_time": 1847, "title": "Roche limit (9-5)", "end_time": 2419}, {"start_time": 2419, "title": "Entangled state (SL-9-1)", "end_time": 3133}, {"start_time": 3133, "title": "Dual-beam observation (9-6)", "end_time": 3601}, {"start_time": 3601, "title": "Dormant black hole (SL-9-2)", "end_time": 3872}, {"start_time": 3872, "title": "Lattice distortion (9-7)", "end_time": 4357}, {"start_time": 4357, "title": "Delayed signal (SL-9-3)", "end_time": 5569}, {"start_time": 5569, "title": "Tidal effect (9-8)", "end_time": 5809}, {"start_time": 5809, "title": "Buried consciousness (9-9)", "end_time": 6413}, {"start_time": 6413, "title": "Fusion (9-10)", "end_time": 7843}, {"start_time": 7843, "title": "Approaching light (SL-9-4)", "end_time": 8999}]
https://www.youtube.com/watch?v=Vr2t9JPXZC0	1628	"20260722"	14	NA
https://www.youtube.com/watch?v=Vye3yk4GND4	1815	"20260704"	50	NA
https://www.youtube.com/watch?v=VfHm-L2vJaE	7008	"20260203"	13	[{"start_time": 0, "end_time": 12, "title": "<Untitled Chapter 1>"}, {"start_time": 12, "title": "7-1 Clearance I", "end_time": 111}, {"start_time": 111, "title": "7-2 Clearance II", "end_time": 287}, {"start_time": 287, "title": "SL-7-1 Metastable", "end_time": 1643}, {"start_time": 1643, "title": "7-3 Polarization", "end_time": 2366}, {"start_time": 2366, "title": "7-4 Surpass", "end_time": 2791}, {"start_time": 2791, "title": "7-5 Memory Effect", "end_time": 3509}, {"start_time": 3509, "title": "7-6 Clearance III", "end_time": 3622}, {"start_time": 3622, "title": "SL-7-2 The Only Solution", "end_time": 4167}, {"start_time": 4167, "title": "7-7 Relay Point", "end_time": 4940}, {"start_time": 4940, "title": "SL-7-3 Illusory Revelation", "end_time": 5559}, {"start_time": 5559, "title": "7-8 Stimulated State", "end_time": 5996}, {"start_time": 5996, "title": "7-9 Tower", "end_time": 6604}, {"start_time": 6604, "title": "7-10 Consensus", "end_time": 7008}]
https://www.youtube.com/watch?v=W3Oh728HGQA	39708	"20260528"	586	[{"start_time": 0, "title": "Intro", "end_time": 15}, {"start_time": 15, "title": "HA-1-1 Slumbering Nightmare", "end_time": 2309}, {"start_time": 2309, "title": "HA-1-2 Bygone Name", "end_time": 6038}, {"start_time": 6038, "title": "HS-1-1 Phantom Construct", "end_time": 7905}, {"start_time": 7905, "title": "HS-1-2 Dream's Harbor", "end_time": 11215}, {"start_time": 11215, "title": "HA-1-3 Neural Labyrinth", "end_time": 13562}, {"start_time": 13562, "title": "HA-1-4 Coming Storm", "end_time": 16790}, {"start_time": 16790, "title": "HA-1-5 In-Depth Investigation", "end_time": 19088}, {"start_time": 19088, "title": "HA-1-6 Long-Awaited Reunion", "end_time": 21461}, {"start_time": 21461, "title": "HA-1-7 Mutual Use", "end_time": 24328}, {"start_time": 24328, "title": "HA-1-8 Source Divergence", "end_time": 26433}, {"start_time": 26433, "title": "HS-1-3 Through Thick and Thin", "end_time": 27856}, {"start_time": 27856, "title": "HA-1-9 Strange Reunion", "end_time": 30166}, {"start_time": 30166, "title": "HA-1-10 Reflection Interplay", "end_time": 31827}, {"start_time": 31827, "title": "HA-1-11 Chiaroscuro", "end_time": 34022}, {"start_time": 34022, "title": "HA-1-12 Separate Ways", "end_time": 36502}, {"start_time": 36502, "title": "HS-1-4 Home of My Heart", "end_time": 39262}, {"start_time": 39262, "title": "Hidden Devotee", "end_time": 39495}, {"start_time": 39495, "title": "Loving Observation", "end_time": 39708}]
https://www.youtube.com/watch?v=WDajMT27eVA	4646	"20241215"	37	NA
https://www.youtube.com/watch?v=WH-ppzok-JA	3078	"20260722"	42	NA
https://www.youtube.com/watch?v=WoDjjmdkGYA	12565	"20260624"	956	[{"start_time": 0, "title": "BS-1-1 Sakura meets SKK, the trio begins their quest, and Ullrids dilemma", "end_time": 1061}, {"start_time": 1061, "title": "BA-1-1 Zoe, Lydia, and Basti in Port Mica", "end_time": 2143}, {"start_time": 2143, "title": "BA-1-2 The Auction", "end_time": 3018}, {"start_time": 3018, "title": "BA-1-3 The Raid", "end_time": 3600}, {"start_time": 3600, "title": "BS-1-2 The Swap", "end_time": 4473}, {"start_time": 4473, "title": "BA-1-4 Breaking into the beacon control center", "end_time": 5367}, {"start_time": 5367, "title": "BA-1-5 Mixing things up again", "end_time": 5925}, {"start_time": 5925, "title": "BS-1-3 An unexpected meeting", "end_time": 7281}, {"start_time": 7281, "title": "BA-1-6 Karl makes his move", "end_time": 8246}, {"start_time": 8246, "title": "BA-1-7 Coming to the rescue", "end_time": 9013}, {"start_time": 9013, "title": "BS-1-4 The Connexion Finale", "end_time": 10166}, {"start_time": 10166, "title": "BA-1-8 Gr Mk23 and KSVK", "end_time": 10451}, {"start_time": 10451, "title": "BA-1-9 The Port Mica Finale", "end_time": 11170}, {"start_time": 11170, "title": "BS-1-5 All roads lead to the Commander", "end_time": 12565}]
https://www.youtube.com/watch?v=WxGPHZpHayg	30703	"20260817"	131	[{"start_time": 0, "title": "Intro", "end_time": 15}, {"start_time": 15, "title": "LA-1-1 Cooperative Paradox", "end_time": 1248}, {"start_time": 1248, "title": "LS-1-1 Corroded Invitation", "end_time": 1643}, {"start_time": 1643, "title": "LA-1-2 First Fuse", "end_time": 4285}, {"start_time": 4285, "title": "LS-1-2 Lightless Night", "end_time": 6827}, {"start_time": 6827, "title": "LS-1-3 Double-Blind Tango", "end_time": 9751}, {"start_time": 9751, "title": "LA-1-3 Red Onion", "end_time": 11868}, {"start_time": 11868, "title": "LA-1-4 Drug-Fueled Dive", "end_time": 12425}, {"start_time": 12425, "title": "LA-1-5 Phase Transition Point", "end_time": 13446}, {"start_time": 13446, "title": "LA-1-6 Underground Titration", "end_time": 14381}, {"start_time": 14381, "title": "LS-1-4 Resonance Protocol", "end_time": 15089}, {"start_time": 15089, "title": "LA-1-7 Durance Synchrony", "end_time": 15725}, {"start_time": 15725, "title": "LA-1-8 Reunion Covenant", "end_time": 16315}, {"start_time": 16315, "title": "LA-1-9 Contractualism", "end_time": 18020}, {"start_time": 18020, "title": "LS-1-5 Forking Path", "end_time": 19022}, {"start_time": 19022, "title": "LA-1-10 Path of Abandonment", "end_time": 21643}, {"start_time": 21643, "title": "LS-1-6 Afterglow and Rebirth", "end_time": 23736}, {"start_time": 23736, "title": "LS-1-7 Thermal Dumping", "end_time": 24871}, {"start_time": 24871, "title": "LA-1-11 Burning the Land", "end_time": 25937}, {"start_time": 25937, "title": "LA-1-12 Settlement", "end_time": 26689}, {"start_time": 26689, "title": "LA-1-13 Reforging Dawn", "end_time": 28975}, {"start_time": 28975, "title": "LS-1-8 Man In The Hole", "end_time": 29998}, {"start_time": 29998, "title": "Soir\u00e9e Companion", "end_time": 30231}, {"start_time": 30231, "title": "Daring Game", "end_time": 30462}, {"start_time": 30462, "title": "If We Took A Honeymoon Trip", "end_time": 30703}]
https://www.youtube.com/watch?v=WxA3-Un8g98	13480	"20260322"	21	[{"start_time": 0, "title": "Stage 8-1 (Covert Surveillance)", "end_time": 703}, {"start_time": 703, "title": "Stage 8-2 (Reverse Hacking)", "end_time": 1815}, {"start_time": 1815, "title": "BH-8-1 (High-Frequency Interference I)", "end_time": 1937}, {"start_time": 1937, "title": "BH-8-2 (High-Frequency Interference II)", "end_time": 2093}, {"start_time": 2093, "title": "SL-8-1 (Handover Area)", "end_time": 4607}, {"start_time": 4607, "title": "Stage 8-3 (Pathfinding)", "end_time": 4798}, {"start_time": 4798, "title": "SL-8-2 (Darkest Moment)", "end_time": 5689}, {"start_time": 5689, "title": "Stage 8-4 (Pathfinding II)", "end_time": 5827}, {"start_time": 5827, "title": "Stage 8-5 (Pathfinding III)", "end_time": 6046}, {"start_time": 6046, "title": "BH-8-3 (High-Frequency Interference III)", "end_time": 6223}, {"start_time": 6223, "title": "BH-8-4 (High-Frequency Interference IV)", "end_time": 6346}, {"start_time": 6346, "title": "SL-8-3 (Epiphyllum)", "end_time": 7719}, {"start_time": 7719, "title": "Stage 8-6 (Pathfinding IV)", "end_time": 7882}, {"start_time": 7882, "title": "SL-8-4 (Light)", "end_time": 9242}, {"start_time": 9242, "title": "Stage 8-7 (Out of Hand)", "end_time": 9700}, {"start_time": 9700, "title": "Stage 8-8 (Merge)", "end_time": 10039}, {"start_time": 10039, "title": "Stage 8-9 (Pathfinding V)", "end_time": 10206}, {"start_time": 10206, "title": "BH-8-5 (High-Frequency Interference V)", "end_time": 10500}, {"start_time": 10500, "title": "BH-8-6 (High-Frequency Interference VI)", "end_time": 10757}, {"start_time": 10757, "title": "SL-8-5 (Coaxial)", "end_time": 12883}, {"start_time": 12883, "title": "Stage 8-10 (Fame Chaser)", "end_time": 13205}, {"start_time": 13205, "title": "Chapter Ending", "end_time": 13467}, {"start_time": 13467, "title": "Rewards", "end_time": 13480}]
https://www.youtube.com/watch?v=Xbsmn2KY-3U	5089	"20250227"	234	NA
https://www.youtube.com/watch?v=XfSKl4KMsls	8702	"20250908"	24	NA
https://www.youtube.com/watch?v=Xm4iZEb60Mc	17871	"20250624"	6	NA
https://www.youtube.com/watch?v=Xpqdu61TYKo	13230	"20260711"	45	[{"start_time": 0, "title": "Desolate Blossom", "end_time": 1186}, {"start_time": 1186, "title": "Promised Determination", "end_time": 2871}, {"start_time": 2871, "title": "Schr\u00f6dinger's Trust", "end_time": 3432}, {"start_time": 3432, "title": "Flourishing Greenery", "end_time": 4810}, {"start_time": 4810, "title": "Frigid Summons", "end_time": 5800}, {"start_time": 5800, "title": "Discordant Note", "end_time": 7281}, {"start_time": 7281, "title": "Pursuing Calamity", "end_time": 8484}, {"start_time": 8484, "title": "Hidden Land", "end_time": 8734}, {"start_time": 8734, "title": "Destruction Rebirth", "end_time": 10183}, {"start_time": 10183, "title": "March of Resistance", "end_time": 10481}, {"start_time": 10481, "title": "Distant Bloodline", "end_time": 12078}, {"start_time": 12078, "title": "Gentle Finale", "end_time": 12731}, {"start_time": 12731, "title": "Awaiting Departure", "end_time": 13230}]
https://www.youtube.com/watch?v=XuwU3MSegvA	7988	"20250303"	83	NA
https://www.youtube.com/watch?v=Y3r3U6347EY	21293	"20260628"	86	[{"start_time": 0, "title": "Intro", "end_time": 8}, {"start_time": 8, "title": "LA-1-1", "end_time": 877}, {"start_time": 877, "title": "LS-1-1", "end_time": 1149}, {"start_time": 1149, "title": "LA-1-2", "end_time": 3126}, {"start_time": 3126, "title": "LS-1-2", "end_time": 4999}, {"start_time": 4999, "title": "LS-1-3", "end_time": 7224}, {"start_time": 7224, "title": "LA-1-3", "end_time": 8614}, {"start_time": 8614, "title": "LA-1-4", "end_time": 8994}, {"start_time": 8994, "title": "LA-1-5", "end_time": 9653}, {"start_time": 9653, "title": "LA-1-6", "end_time": 10347}, {"start_time": 10347, "title": "LS-1-4", "end_time": 10845}, {"start_time": 10845, "title": "LA-1-7", "end_time": 11253}, {"start_time": 11253, "title": "LA-1-8", "end_time": 11678}, {"start_time": 11678, "title": "LA-1-9", "end_time": 12873}, {"start_time": 12873, "title": "LS-1-5", "end_time": 13591}, {"start_time": 13591, "title": "LA-1-10", "end_time": 15481}, {"start_time": 15481, "title": "LS-1-6", "end_time": 17007}, {"start_time": 17007, "title": "LS-1-7", "end_time": 17817}, {"start_time": 17817, "title": "LA-1-11", "end_time": 18509}, {"start_time": 18509, "title": "LA-1-12", "end_time": 19045}, {"start_time": 19045, "title": "LA-1-13", "end_time": 20542}, {"start_time": 20542, "title": "LS-1-8", "end_time": 21293}]
https://www.youtube.com/watch?v=Y1fd8BbnrNc	6917	"20260430"	46	NA
https://www.youtube.com/watch?v=YTvwBRly2Kg	9824	"20250517"	29	[{"start_time": 0, "title": "intro", "end_time": 14}, {"start_time": 14, "title": "6-1", "end_time": 385}, {"start_time": 385, "title": "SL-6-1", "end_time": 2749}, {"start_time": 2749, "title": "6-2", "end_time": 3587}, {"start_time": 3587, "title": "6-3", "end_time": 4646}, {"start_time": 4646, "title": "6-4", "end_time": 4948}, {"start_time": 4948, "title": "SL-6-2", "end_time": 5291}, {"start_time": 5291, "title": "6-5", "end_time": 5385}, {"start_time": 5385, "title": "6-6", "end_time": 6260}, {"start_time": 6260, "title": "SL-6-3", "end_time": 6659}, {"start_time": 6659, "title": "6-7", "end_time": 6914}, {"start_time": 6914, "title": "SL-6-4", "end_time": 7960}, {"start_time": 7960, "title": "6-8", "end_time": 8104}, {"start_time": 8104, "title": "SL-6-5", "end_time": 9092}, {"start_time": 9092, "title": "6-9", "end_time": 9415}, {"start_time": 9415, "title": "6-10", "end_time": 9824}]
https://www.youtube.com/watch?v=YIB_hdAyyuA	26240	"20260605"	862	[{"start_time": 0, "title": "HA-1-1 Running from Lviv to the Doll Community, and Dandelion talks with Heli", "end_time": 913}, {"start_time": 913, "title": "HA-1-2 Saving Suomi and KSVK, and discussing with Dandelion and Lena", "end_time": 2601}, {"start_time": 2601, "title": "HS-1-1 Cocoon helps Berryfield; digging further into KSVK's past", "end_time": 3387}, {"start_time": 3387, "title": "HS-1-2 DP-12 and KSVK - from past to present. Joining Mangi, meeting Lentine, and the memory wipe", "end_time": 4864}, {"start_time": 4864, "title": "Guide for reading the rest of DP-12 and KSVK's past", "end_time": 4873}, {"start_time": 4873, "title": "HA-1-3 KSVK gets ready to go to Mangi; Lentine wakes DP-12 up", "end_time": 5915}, {"start_time": 5915, "title": "HA-1-4 KSVK goes to Mangi; showdown between Cocoon and Lentine", "end_time": 7255}, {"start_time": 7255, "title": "HA-1-5 Plays and counterplays in Mangi", "end_time": 8234}, {"start_time": 8234, "title": "HA-1-6 Reuniting with Helen", "end_time": 9262}, {"start_time": 9262, "title": "HA-1-7 Lentine makes moves in Mangi and on the mission field; Carmen plays both sides", "end_time": 10443}, {"start_time": 10443, "title": "HA-1-8 Helen and Balthilde plan their next steps", "end_time": 11351}, {"start_time": 11351, "title": "HS-1-3 SKK plans with Helen", "end_time": 11969}, {"start_time": 11969, "title": "HA-1-9 SIMOPS on the Paradeus base", "end_time": 12866}, {"start_time": 12866, "title": "HA-1-10 Finding KSVK's neural backup; Helen vs. Cocoon", "end_time": 13602}, {"start_time": 13602, "title": "HA-1-11 Cat and mouse", "end_time": 14549}, {"start_time": 14549, "title": "HA-1-12 The final showdowns", "end_time": 15673}, {"start_time": 15673, "title": "HS-1-4 Reunited & home", "end_time": 16929}, {"start_time": 16929, "title": "PA-1-1 A past call with Kryuger, the Doll Community, and Blusphere", "end_time": 17764}, {"start_time": 17764, "title": "PA-1-2 Holding the vote, and meeting with Phaetusa", "end_time": 18883}, {"start_time": 18883, "title": "PS-1-1 Phaetusa plans the welcome party, and Nyxie", "end_time": 19270}, {"start_time": 19270, "title": "PA-1-3 Ullrid tours SKK through the thermal power plant", "end_time": 20142}, {"start_time": 20142, "title": "PS-1-2 Making progress on the farm, while Nyxie stirs", "end_time": 20810}, {"start_time": 20810, "title": "PA-1-4 Something is in the water", "end_time": 21737}, {"start_time": 21737, "title": "PA-1-5 SKK makes preparations, and Nyxie makes her move", "end_time": 22531}, {"start_time": 22531, "title": "PA-1-6 Pushing forward with Dush", "end_time": 22707}, {"start_time": 22707, "title": "PS-1-3 Digging into Phaetusa's past", "end_time": 23789}, {"start_time": 23789, "title": "PA-1-7 The Griffin dolls make their counterattack", "end_time": 24122}, {"start_time": 24122, "title": "PA-1-8 Talking to Sweeper", "end_time": 25315}, {"start_time": 25315, "title": "PA-1-9 A Gentle Finale", "end_time": 25896}, {"start_time": 25896, "title": "PS-1-4 Awaiting Departure", "end_time": 26240}]
https://www.youtube.com/watch?v=YUhIDwK45sc	6408	"20220628"	1117	NA
https://www.youtube.com/watch?v=YaU4RvC7VAI	20613	"20260331"	613	[{"start_time": 0, "title": "Intro", "end_time": 15}, {"start_time": 15, "title": "AS-1-1 The First Substance", "end_time": 2839}, {"start_time": 2839, "title": "AA-1-1 Sun's Gold", "end_time": 2859}, {"start_time": 2859, "title": "AS-1-2 As Above, so below.", "end_time": 5317}, {"start_time": 5317, "title": "AA-1-2 Moon's Silver", "end_time": 5340}, {"start_time": 5340, "title": "AS-1-3 Pelican's Blood", "end_time": 7473}, {"start_time": 7473, "title": "AA-1-3 Gnostic Revelation", "end_time": 10221}, {"start_time": 10221, "title": "AA-1-4 Caduceus", "end_time": 11290}, {"start_time": 11290, "title": "AA-1-5 Tree of Life", "end_time": 12878}, {"start_time": 12878, "title": "AS-1-4 Mercurial Fountain", "end_time": 14638}, {"start_time": 14638, "title": "AA-1-6 Sirr al-Asr\u0101r", "end_time": 14674}, {"start_time": 14674, "title": "AA-1-7 Ouroboros", "end_time": 16545}, {"start_time": 16545, "title": "AA-1-8 Spark of Life", "end_time": 19601}, {"start_time": 19601, "title": "AS-1-5 The Fifth Element", "end_time": 20613}]
https://www.youtube.com/watch?v=ZM66p5TOxQ8	14371	"20241209"	141	NA
https://www.youtube.com/watch?v=ZEKRQXz0gvM	5983	"20250201"	1956	[{"start_time": 0, "title": "GS-1-1 Dandelion talks with ???", "end_time": 290}, {"start_time": 290, "title": "GW-1-1 Daiyan, Jiangyu, and Zhaohui's fated arrival", "end_time": 903}, {"start_time": 903, "title": "GW-1-2 At the Elmo, dealing with Sextans & reuniting with Dandelion", "end_time": 2026}, {"start_time": 2026, "title": "GW-1-3 Colphne leads the trio to the fight", "end_time": 2411}, {"start_time": 2411, "title": "GS-1-2 Commander departs with Helena and Dandelion, the smug Dinergate", "end_time": 3473}, {"start_time": 3473, "title": "GW-1-4 Pre-FUBAR", "end_time": 3557}, {"start_time": 3557, "title": "GW-1-5 Saving Helena", "end_time": 3852}, {"start_time": 3852, "title": "GW-1-6 Daiyan's team advances", "end_time": 3894}, {"start_time": 3894, "title": "GW-1-7 Both groups converging", "end_time": 4581}, {"start_time": 4581, "title": "GW-1-8 The Commander discovers that it's FUBAR", "end_time": 5492}, {"start_time": 5492, "title": "GW-1-9 Convergence point; really, really FUBAR", "end_time": 5983}]
https://www.youtube.com/watch?v=ZZkIVsuPqPs	13533	"20250331"	4	NA
https://www.youtube.com/watch?v=ZtmJX7fGdOk	25659	"20260704"	93	[{"start_time": 0, "title": "Slumbering Nightmare", "end_time": 1521}, {"start_time": 1521, "title": "Bygone Name", "end_time": 4010}, {"start_time": 4010, "title": "Phantom Construct", "end_time": 5255}, {"start_time": 5255, "title": "Dream's Harbor", "end_time": 7513}, {"start_time": 7513, "title": "Neural Labyrinth", "end_time": 9067}, {"start_time": 9067, "title": "Coming Storm", "end_time": 11144}, {"start_time": 11144, "title": "In-Depth Investigation", "end_time": 12631}, {"start_time": 12631, "title": "Long-Awaited Reunion", "end_time": 14140}, {"start_time": 14140, "title": "Mutual Use", "end_time": 15956}, {"start_time": 15956, "title": "Source Divergence", "end_time": 17298}, {"start_time": 17298, "title": "Through Thick and Thin", "end_time": 18235}, {"start_time": 18235, "title": "Strange Reunion", "end_time": 19714}, {"start_time": 19714, "title": "Reflection Interplay", "end_time": 20779}, {"start_time": 20779, "title": "Chiaroscuro", "end_time": 22217}, {"start_time": 22217, "title": "Separate Ways", "end_time": 23832}, {"start_time": 23832, "title": "Home of My Heart", "end_time": 25659}]
https://www.youtube.com/watch?v=ZvgPg0z3ZGU	3075	"20260514"	35	NA
https://www.youtube.com/watch?v=ZzOq_r8xC94	16164	"20260304"	32	NA
https://www.youtube.com/watch?v=_6udYuYlIYM	10318	"20250331"	1	NA
https://www.youtube.com/watch?v=_SZTzUp-z-w	16722	"20250225"	343	[{"start_time": 0, "title": "Acquaintances in Flowerbeds", "end_time": 761}, {"start_time": 761, "title": "Detuned", "end_time": 2754}, {"start_time": 2754, "title": "Ordered Sequence", "end_time": 6009}, {"start_time": 6009, "title": "Heavy Bass", "end_time": 7078}, {"start_time": 7078, "title": "Divergent Calling", "end_time": 9984}, {"start_time": 9984, "title": "Chaos Factor", "end_time": 10239}, {"start_time": 10239, "title": "Turbulent Flow", "end_time": 11176}, {"start_time": 11176, "title": "Overture of Obscenity", "end_time": 11228}, {"start_time": 11228, "title": "Reverberation of Terror", "end_time": 13253}, {"start_time": 13253, "title": "The Silent List", "end_time": 15498}, {"start_time": 15498, "title": "Amidst Wings of Gray", "end_time": 16722}]
https://www.youtube.com/watch?v=_ZNISZ21azk	22535	"20241214"	84	NA
https://www.youtube.com/watch?v=b40T54zktp8	7360	"20250930"	1713	NA
https://www.youtube.com/watch?v=e1Qyu3A13J8	15848	"20251108"	2	NA
https://www.youtube.com/watch?v=eBdLcPPo9go	11053	"20250613"	55	[{"start_time": 0, "title": "intro", "end_time": 14}, {"start_time": 14, "title": "ZS-1-1", "end_time": 1339}, {"start_time": 1339, "title": "ZA-1-1", "end_time": 2153}, {"start_time": 2153, "title": "ZA-1-2", "end_time": 3160}, {"start_time": 3160, "title": "ZS-1-2", "end_time": 3753}, {"start_time": 3753, "title": "ZA-1-3", "end_time": 4972}, {"start_time": 4972, "title": "ZA-1-4", "end_time": 5635}, {"start_time": 5635, "title": "ZS-1-3", "end_time": 6536}, {"start_time": 6536, "title": "ZA-1-5", "end_time": 7356}, {"start_time": 7356, "title": "ZA-1-6", "end_time": 8423}, {"start_time": 8423, "title": "ZA-1-7", "end_time": 9469}, {"start_time": 9469, "title": "ZA-1-8", "end_time": 9999}, {"start_time": 9999, "title": "ZA-1-9", "end_time": 11053}]
https://www.youtube.com/watch?v=fCQnyWoXVA8	35053	"20260816"	141	[{"start_time": 0, "title": "Intro", "end_time": 15}, {"start_time": 15, "title": "CS-1-1 Hidden Thunder", "end_time": 2099}, {"start_time": 2099, "title": "CA-1-1 Crouching Tiger, Hidden Dragon", "end_time": 3685}, {"start_time": 3685, "title": "CS-1-2 From The Depths", "end_time": 4924}, {"start_time": 4924, "title": "CA-1-2 Black And White", "end_time": 9552}, {"start_time": 9552, "title": "CS-1-3 Echoes of Days Past", "end_time": 11700}, {"start_time": 11700, "title": "CA-1-3 Faking Humanity", "end_time": 13504}, {"start_time": 13504, "title": "CA-1-4 Steelcleave", "end_time": 15347}, {"start_time": 15347, "title": "CS-1-4 Tacet", "end_time": 17084}, {"start_time": 17084, "title": "CA-1-5 Tackback", "end_time": 17140}, {"start_time": 17140, "title": "CA-1-6 Hot-Blooded City", "end_time": 19229}, {"start_time": 19229, "title": "CS-1-5 Behind Consensus", "end_time": 20119}, {"start_time": 20119, "title": "CA-1-7 Lonely at the Top", "end_time": 21503}, {"start_time": 21503, "title": "CS-1-6 Blazing Plains", "end_time": 22157}, {"start_time": 22157, "title": "CA-1-8 Hail Mary", "end_time": 24921}, {"start_time": 24921, "title": "CS-1-7 Not Best Pleased", "end_time": 26234}, {"start_time": 26234, "title": "CA-1-9 Blade And Gaol", "end_time": 27141}, {"start_time": 27141, "title": "CA-1-10 Beckoning Dawn", "end_time": 32146}, {"start_time": 32146, "title": "CS-1-8 Gala", "end_time": 34261}, {"start_time": 34261, "title": "Social Interaction Training", "end_time": 34643}, {"start_time": 34643, "title": "New Star Recruitment", "end_time": 35053}]
https://www.youtube.com/watch?v=fSH9WvURJgE	31313	"20250407"	1304	[{"start_time": 0, "title": "Intro", "end_time": 15}, {"start_time": 15, "title": "CA-1-1 Promised Day", "end_time": 2445}, {"start_time": 2445, "title": "CA-1-2 Omen", "end_time": 5549}, {"start_time": 5549, "title": "CA-1-3 Fleeing Pursuit", "end_time": 7524}, {"start_time": 7524, "title": "CS-1-1 Safehouse", "end_time": 12721}, {"start_time": 12721, "title": "CA-1-4 Baptism of Memory", "end_time": 16534}, {"start_time": 16534, "title": "CA-1-5 Level III Base Layer", "end_time": 20068}, {"start_time": 20068, "title": "CA-1-6 Creeping Mist", "end_time": 23940}, {"start_time": 23940, "title": "CA-1-7 Racing Rescue", "end_time": 26836}, {"start_time": 26836, "title": "CA-1-8 Third-Generation Doll", "end_time": 30088}, {"start_time": 30088, "title": "CA-1-9 Signal Decryption", "end_time": 31313}]
https://www.youtube.com/watch?v=kz_mMVgczE8	11811	"20250331"	2	NA
https://www.youtube.com/watch?v=mgFcim0Xloo	25903	"20260227"	164	[{"start_time": 0, "title": "Intro", "end_time": 14}, {"start_time": 14, "title": "AS-2-1", "end_time": 2580}, {"start_time": 2580, "title": "AS-2-2", "end_time": 4671}, {"start_time": 4671, "title": "AS-2-3", "end_time": 7344}, {"start_time": 7344, "title": "AA-2-1", "end_time": 10878}, {"start_time": 10878, "title": "AA-2-2", "end_time": 12651}, {"start_time": 12651, "title": "AA-2-3", "end_time": 14865}, {"start_time": 14865, "title": "AA-2-4", "end_time": 17244}, {"start_time": 17244, "title": "AS-2-4", "end_time": 18406}, {"start_time": 18406, "title": "AA-2-5", "end_time": 20051}, {"start_time": 20051, "title": "AA-2-6", "end_time": 20830}, {"start_time": 20830, "title": "AS-2-5", "end_time": 22948}, {"start_time": 22948, "title": "AA-2-7", "end_time": 23774}, {"start_time": 23774, "title": "AA-2-8", "end_time": 25248}, {"start_time": 25248, "title": "AS-2-6", "end_time": 25903}]
https://www.youtube.com/watch?v=qmz2sfKwCPU	4413	"20241227"	0	NA
https://www.youtube.com/watch?v=rzdJk1ZrNxE	11712	"20250325"	53	NA
https://www.youtube.com/watch?v=sBbFfczgPGg	2312	"20260429"	55	NA
https://www.youtube.com/watch?v=sEq_Az7SCt8	17008	"20251214"	1790	[{"start_time": 0, "title": "Intro", "end_time": 15}, {"start_time": 15, "title": "LS-1-1 Under the Undercurrents", "end_time": 2140}, {"start_time": 2140, "title": "LA-1-1 Expensive Hopes", "end_time": 4580}, {"start_time": 4580, "title": "LA-1-2 Tangled Roots", "end_time": 6554}, {"start_time": 6554, "title": "LA-1-3 The Snipe and the Clam", "end_time": 8445}, {"start_time": 8445, "title": "LA-1-4 Deluded Illusion", "end_time": 9482}, {"start_time": 9482, "title": "LA-1-5 Sleeping Subject", "end_time": 11476}, {"start_time": 11476, "title": "LA-1-6 Moment of Intersection", "end_time": 12842}, {"start_time": 12842, "title": "LA-1-7 Underground Deal", "end_time": 14092}, {"start_time": 14092, "title": "LA-1-8 Pathway to Dreams", "end_time": 15301}, {"start_time": 15301, "title": "LA-1-9 Forged Choice", "end_time": 16400}, {"start_time": 16400, "title": "LS-1-2 Lingering Traces", "end_time": 17008}]
https://www.youtube.com/watch?v=viXo1_vTo_k	12387	"20250914"	8	NA
https://www.youtube.com/watch?v=w14cCdR03sE	6236	"20250921"	2	NA
https://www.youtube.com/watch?v=wead62XZSpE	14271	"20250501"	538	[{"start_time": 0, "title": "10-1 404 leads the singing soldiers", "end_time": 640}, {"start_time": 640, "title": "10-2 Dmitry reminisces of the past", "end_time": 921}, {"start_time": 921, "title": "SL-10-1 Finding the Survey Corps jeep, and Dmitry thinks of his conversation with Nikolai", "end_time": 2543}, {"start_time": 2543, "title": "10-3 Leva updates Klukai on Paradeus, and the group loses long range signal", "end_time": 3059}, {"start_time": 3059, "title": "10-4 Regain connection, repel the attack, and lose connection again", "end_time": 3580}, {"start_time": 3580, "title": "SL-10-2 Escaping Mangi and retreating to the cave in Jahodna", "end_time": 5526}, {"start_time": 5526, "title": "10-5 Slaying the boojum and finding the secret within", "end_time": 7298}, {"start_time": 7298, "title": "SL-10-3 Blusphere finalizes her plans with Mangi and Cocoon", "end_time": 7709}, {"start_time": 7709, "title": "10-6 Pushed back to ELIDs and planning the next course of action", "end_time": 8490}, {"start_time": 8490, "title": "SL-10-4 Negotiating with Blusphere", "end_time": 9155}, {"start_time": 9155, "title": "10-7 Looking for an exit", "end_time": 9874}, {"start_time": 9874, "title": "SL-10-5 Humans are unpredictable creatures", "end_time": 10884}, {"start_time": 10884, "title": "10-8 Blusphere approaches as 404 charges the laser and the Survey Corps fall back", "end_time": 11223}, {"start_time": 11223, "title": "10-9 Survey Corps last stand, and 404 blasts out of the mine", "end_time": 11609}, {"start_time": 11609, "title": "10-10 404 engages Mangi and steals a jeep", "end_time": 11899}, {"start_time": 11899, "title": "10-11 Blusphere ambushes 404, but ELMO comes to the rescue", "end_time": 12820}, {"start_time": 12820, "title": "SL-10-6 Mission debriefing, and Cocoons call", "end_time": 14271}]
https://www.youtube.com/watch?v=yEk3jA5RyBA	2567	"20260517"	5	NA
https://www.youtube.com/watch?v=zJM5TyBAe_w	14313	"20260117"	8	[{"start_time": 0, "title": "BA-1-1: Gray Area", "end_time": 3273}, {"start_time": 3273, "title": "BS-1-1: Cashflow", "end_time": 3785}, {"start_time": 3785, "title": "BA-1-2: Multiple Pile-Up I", "end_time": 5651}, {"start_time": 5651, "title": "BA-1-3: Multiple Pile-Up II", "end_time": 5845}, {"start_time": 5845, "title": "BA-1-4: Clues Resurgent", "end_time": 6436}, {"start_time": 6436, "title": "BS-1-2: Second Spread", "end_time": 7084}, {"start_time": 7084, "title": "BA-1-5: Load Limit", "end_time": 7622}, {"start_time": 7622, "title": "BA-1-6: Vaccine", "end_time": 8940}, {"start_time": 8940, "title": "BS-1-3: RIpples of Truth", "end_time": 11099}, {"start_time": 11099, "title": "BA-1-7: Manufacturing Plant", "end_time": 11758}, {"start_time": 11758, "title": "BA-1-8: Echo Tracing", "end_time": 12123}, {"start_time": 12123, "title": "BA-1-9: Login Privileges", "end_time": 12408}, {"start_time": 12408, "title": "BA-1-10: Nonexistent Date", "end_time": 13005}, {"start_time": 13005, "title": "BA-1-11: Ruined File", "end_time": 14313}]
